Economy,Law Name,Law Number / Ref,Last Amended,Indicator ID,Article / Section,Discovery Tag,Location Reference,Verbatim Snippet,Mapping Rationale,Source URL,Confidence,Notes,Coverage,Verbatim Snippet (English),Status
Singapore,Personal Data Protection Act 2012,,,P6-I1,n/a,KNOWN,n/a,NO_EVIDENCE_FOUND_PENDING_REVIEW,"No qualifying provision found for P6-I1 after a full-corpus sweep. The configured governing law is cited as the reference basis (score-0 pattern, A3).",https://sso.agc.gov.sg/Act/PDPA2012,0.6,Absence row (NO_EVIDENCE_FOUND_PENDING_REVIEW): human approval required before this becomes a score-0 final row (P3.5 A3).,Horizontal,,in_force
Singapore,Personal Data Protection Act 2012,,,P6-I2,n/a,KNOWN,n/a,NO_EVIDENCE_FOUND_PENDING_REVIEW,"No qualifying provision found for P6-I2 after a full-corpus sweep. The configured governing law is cited as the reference basis (score-0 pattern, A3).",https://sso.agc.gov.sg/Act/PDPA2012,0.6,Absence row (NO_EVIDENCE_FOUND_PENDING_REVIEW): human approval required before this becomes a score-0 final row (P3.5 A3).,Horizontal,,in_force
Singapore,Personal Data Protection Act 2012,,,P6-I3,n/a,KNOWN,n/a,NO_EVIDENCE_FOUND_PENDING_REVIEW,"No qualifying provision found for P6-I3 after a full-corpus sweep. The configured governing law is cited as the reference basis (score-0 pattern, A3).",https://sso.agc.gov.sg/Act/PDPA2012,0.6,Absence row (NO_EVIDENCE_FOUND_PENDING_REVIEW): human approval required before this becomes a score-0 final row (P3.5 A3).,Horizontal,,in_force
Singapore,Personal Data Protection Act 2012,No. 26 of 2012,,P6-I4,s. 26(1),KNOWN,#pr26-,(1) An organisation must not transfer any personal data to a country or territory outside Singapore except in accordance with requirements prescribed under this Act to ensure that organisations provide a standard of protection to personal data so transferred that is comparable to the protection under this Act.,This section prohibits transfer unless prescribed protection requirements are met. Maps to P6-I4 because it creates a conditional cross-border transfer regime: transfer is permitted if compliance conditions are satisfied.,https://sso.agc.gov.sg/Act/PDPA2012#pr26-,0.99,"Discovery: master dataset already records s. 26 of this law. Modality: must not ... except; exceptions: The Commission may, on application, exempt the organisation from any requirement prescribed under subsection (1) in respect of any transfer of personal data by that organisation.; An exemption may be granted subject to conditions specified in writing and may be varied or revoked.",Horizontal,,in_force
Singapore,Personal Data Protection Act 2012,No. 26 of 2012,,P6-I4,s. 26(2),KNOWN,#pr26-,(1) An organisation must not transfer any personal data to a country or territory outside Singapore except in accordance with requirements prescribed under this Act to ensure that organisations provide a standard of protection to personal data so transferred that is comparable to the protection under this Act.,"This section prohibits transfer unless prescribed protection requirements are met. Maps to P6-I4 because it establishes a conditional cross-border transfer regime, not an absolute ban.",https://sso.agc.gov.sg/Act/PDPA2012#pr26-,0.98,"Discovery: master dataset already records s. 26 of this law. Modality: must not ... except in accordance with requirements prescribed under this Act; exceptions: The Commission may, on application, exempt the organisation from any requirement prescribed pursuant to subsection (1) in respect of any transfer of personal data by that organisation; An exemption may be granted subject to such conditions as the Commission may specify in writing",Horizontal,,in_force
Singapore,Personal Data Protection Act 2012,No. 26 of 2012,,P6-I4,s. 26(3),KNOWN,#pr26-,(1) An organisation must not transfer any personal data to a country or territory outside Singapore except in accordance with requirements prescribed under this Act to ensure that organisations provide a standard of protection to personal data so transferred that is comparable to the protection under this Act.,This section prohibits cross-border transfer of personal data unless prescribed conditions are met. Maps to P6-I4 because it establishes a conditional flow regime: transfer is allowed if the Act’s requirements are satisfied.,https://sso.agc.gov.sg/Act/PDPA2012#pr26-,0.98,"Discovery: master dataset already records s. 26 of this law. Modality: must not ... except in accordance with requirements prescribed under this Act; exceptions: The Commission may exempt the organisation from any requirement prescribed under subsection (1) for any transfer, subject to conditions it specifies and may revoke or vary those conditions.",Sectoral (personal data protection),,in_force
Singapore,Personal Data Protection Act 2012,No. 26 of 2012,,P6-I4,s. 26(4),KNOWN,#pr26-,(1) An organisation must not transfer any personal data to a country or territory outside Singapore except in accordance with requirements prescribed under this Act to ensure that organisations provide a standard of protection to personal data so transferred that is comparable to the protection under this Act.,"This section prohibits organisations from transferring personal data outside Singapore unless prescribed protection requirements are met. Maps to P6-I4 because it creates a conditional cross-border transfer regime, not an absolute ban.",https://sso.agc.gov.sg/Act/PDPA2012#pr26-,0.98,Discovery: master dataset already records s. 26 of this law. Modality: must not ... except in accordance with requirements prescribed under this Act; exceptions: The Commission may exempt an organisation from any requirement for a transfer on application.; An exemption may be granted subject to conditions and may be revoked or varied.,Horizontal,,in_force
Singapore,Personal Data Protection Regulations 2021,,,P6-I4,s. 12(1),NEW,#pr12-,"(1) For the purposes of regulation 10(1), a recipient of an individual’s personal data in a country or territory outside Singapore is taken to be bound by legally enforceable obligations to provide a standard of protection for the transferred personal data that is at least comparable to the protection under the Act if the recipient holds a specified certification that is granted or recognised under the law of that country or territory to which the personal data is transferred.",This s.12(1) establishes a conditional compliance path for cross-border personal data recipients: they are deemed bound to comparable protection obligations if they hold specified certifications. Legal function: conditional transfer safeguards via certification.,https://sso.agc.gov.sg/SL/PDPA2012-S63-2021#pr12-,0.86,Discovery: instrument not in the master dataset for Singapore. Modality: is taken to be bound ... if; exceptions: none,Horizontal,,in_force
Singapore,Personal Data Protection Regulations 2021,,,P6-I4,s. 10(4),NEW,#pr10-,"(2) A transferring organisation is taken to have satisfied the requirements of paragraph (1) in respect of an individual’s personal data which it transfers to a recipient in a country or territory outside Singapore if — ( a ) subject to paragraph (3), the individual consents to the transfer of the individual’s personal data to that recipient in that country or territory; ( b ) the individual is deemed to have consented to the disclosure by the transferring organisation of the individual’s personal data to that recipient under section 15(3), (4), (5), (6), (7) or (8) of the Act; ( c ) the transfer of the personal data to the recipient is necessary for the personal data to be used or disclosed under Part 1 or paragraph 2 of Part 2 of the First Schedule to the Act, and the transferring organisation has taken reasonable steps to ensure that the personal data so transferred will not be used or disclosed by the recipient for any other purpose; ( d ) the personal data is data in transit; or ( e ) the personal data is publicly available in Singapore.","This regulation permits cross-border transfer of personal data only if specified conditions are met. Maps to P6-I4 because it establishes a conditional flow regime for overseas transfers, not a ban.",https://sso.agc.gov.sg/SL/PDPA2012-S63-2021#pr10-,0.98,"Discovery: instrument not in the master dataset for Singapore. Modality: is taken to have satisfied the requirements ... if; exceptions: Consent is not taken if the summary was not provided, consent was required as a condition of service unless reasonably necessary, or consent was obtained by false/misleading/deceptive practices; The Part does not prevent withdrawal of consent",Sectoral (personal data protection),,in_force
Singapore,Digital Economy Partnership Agreement,,,P6-I5,Art. 4.3,NEW,page 16,"Each Party shall allow the cross-border transfer of information by electronic 
means, including personal information, when this activity is for the conduct of 
the business of a covered person.",This Article requires each Party to allow cross-border electronic transfer of information (including personal information) for covered persons’ business. Maps to P6-I5 because it evidences a binding cross-border data-transfer commitment.,https://isomer-user-content.by.gov.sg/166/9f2ab40f-0ad1-4925-b8d5-03bdb2dda5eb/Digital%20Economy%20Partnership%20Agreement.pdf,0.93,"Discovery: instrument is known but s. 4.3 is not among its recorded provisions (none recorded). Modality: shall; exceptions: Nothing in this Article shall prevent a Party from adopting or maintaining measures inconsistent with paragraph 2 to achieve a legitimate public policy objective, provided that the measure is not applied in a manner constituting arbitrary/unjustifiable discrimination or disguised restriction on trade, and does not impose restrictions greater than required to achieve the objective.",Sectoral (Covered persons (as defined in the agreement)),,in_force
Singapore,Singapore-Australia Digital Economy Agreement,,,P6-I5,Art. 23,NEW,page 25,"Neither Party shall prohibit or restrict the cross-border transfer of information by 
electronic means, including personal information, if this activity is for the conduct of 
business of a covered person.",This Article requires each Party not to prohibit or restrict cross-border electronic transfer of information for covered persons’ business. Maps to P6-I5 because it is a binding cross-border data-transfer commitment.,https://isomer-user-content.by.gov.sg/166/769c26eb-17cf-4e2d-962b-1277a22df9db/australia-singapore-digital-economy-agreement%20-%20Jun%2023.pdf,0.9,"Discovery: instrument not in the master dataset for Singapore. Modality: shall (prohibitive obligation); exceptions: Nothing in this Article shall prevent a Party from adopting or maintaining measures inconsistent with paragraph 2 to achieve a legitimate public policy objective, provided that the measure is not applied in a manner constituting arbitrary/unjustifiable discrimination or disguised restriction on trade, and does not impose restrictions greater than required to achieve the objective.",Sectoral (Covered persons (as defined in the agreement)),,in_force
Singapore,Personal Data Protection Act 2012,No. 26 of 2012,,P7-I1,s. 11(2),KNOWN,#pr11-,(2) An organisation is responsible for personal data in its possession or under its control.,This section requires organisations to be responsible for personal data they possess or control. Maps to P7-I1 because it evidences a core horizontal accountability obligation within a personal-data-protection framework.,https://sso.agc.gov.sg/Act/PDPA2012#pr11-,0.78,Discovery: master dataset already records s. 11 of this law. Modality: must (responsible); exceptions: none,Horizontal,,in_force
Singapore,Personal Data Protection Act 2012,No. 26 of 2012,,P7-I1,s. 16(1),NEW,#pr16-,"(4) Subject to section 25, if an individual withdraws consent to the collection, use or disclosure of personal data about the individual by an organisation for any purpose, the organisation must cease (and cause its data intermediaries and agents to cease) collecting, using or disclosing the personal data (as the case may be) unless such collection, use or disclosure (as the case may be) without the individual’s consent is required or authorised under this Act or other written law.","This section requires organisations to cease collection/use/disclosure after consent withdrawal. Maps to P7-I1 because it evidences a horizontal personal-data-protection framework’s core consent-withdrawal control, not a sectoral rule.",https://sso.agc.gov.sg/Act/PDPA2012#pr16-,0.91,"Discovery: instrument is known but s. 16 is not among its recorded provisions (['11', '25', '26']). Modality: must (subject to exception); exceptions: collection, use or disclosure without consent is required or authorised under this Act or other written law",Horizontal,,in_force
Singapore,Personal Data Protection Regulations 2021,,,P7-I1,s. 10(1),NEW,#pr10-,"(1) For the purposes of section 26 of the Act, a transferring organisation must, before transferring an individual’s personal data to a country or territory outside Singapore on or after 1 February 2021, take appropriate steps to ascertain whether, and to ensure that, the recipient of the personal data is bound by legally enforceable obligations (in accordance with regulation 11) to provide to the transferred personal data a standard of protection that is at least comparable to the protection under the Act.","This regulation requires transferring organisations to ensure recipients abroad are bound to provide protection comparable to the Act before cross-border transfer. It evidences core horizontal DP transfer obligations under the Act, supporting existence of a comprehensive framework.",https://sso.agc.gov.sg/SL/PDPA2012-S63-2021#pr10-,0.78,"Discovery: instrument not in the master dataset for Singapore. Modality: must; exceptions: A transferring organisation is taken to have satisfied the requirements in respect of an individual’s personal data if (a) the individual consents to the transfer; (b) the individual is deemed to have consented under specified Act provisions; (c) transfer is necessary for specified uses/disclosures and reasonable steps are taken to prevent other-purpose use/disclosure; (d) the personal data is data in transit; or (e) the personal data is publicly available in Singapore.; For paragraph (2)(a), consent is not taken if the individual was not given a reasonable written summary of comparable protection; consent was required as a condition of providing a product/service unless transfer is reasonably necessary; or consent was obtained via false/misleading information or deceptive practices.; This Part does not prevent an individual from withdrawing any consent given for the transfer.",Horizontal,,in_force
Singapore,Cybersecurity (Provider-Owned Critical Information Infrastructure) Regulations 2018,,,P7-I2,s. 6(3),NEW,#pr6-,"(1) For the purposes of section 15(1)( b ) of the Act, a cybersecurity risk assessment of a provider-owned critical information infrastructure must be conducted in the following form and manner: ( a ) the assessment must — (i) identify, as far as is reasonably practicable, every cybersecurity risk to the provider-owned critical information infrastructure; (ii) evaluate the likelihood of the occurrence, and the possible consequences, of the materialisation of each identified cybersecurity risk; and (iii) identify the action that the owner of the provider-owned critical information infrastructure will take in respect of each identified cybersecurity risk; ( b ) the report of the assessment must cover the following: (i) the methodology used in the cybersecurity risk assessment; (ii) a description of every identified cybersecurity risk to the provider-owned critical information infrastructure; (iii) the evaluated likelihood and possible consequences of the materialisation of each identified cybersecurity risk; (iv) the identified action that the owner of the provider-owned critical information infrastructure will take in respect of each identified cybersecurity risk. [S 678/2025 wef 31/10/2025]
(2) The first cybersecurity risk assessment of a provider-owned critical information infrastructure must be completed within 6 months after the date of the notice issued under section 7(1) or (1A) of the Act or, subject to section 15(1)( b ) of the Act, any longer period that the Commissioner may allow in a particular case. [S 678/2025 wef 31/10/2025]
(2A) To avoid doubt, where the designation of a provider-owned critical information infrastructure is extended under section 9A of the Act, the reckoning of time for the performance of the duty of the owner of the provider-owned critical information infrastructure to conduct a cybersecurity risk assessment of the provider-owned critical information infrastructure at least once a year in accordance with section 15(1)( b ) of the Act, starts from the date of the notice issued under section 7(1) or (1A) of the Act.",This regulation requires provider-owned critical information infrastructure owners to conduct and report cybersecurity risk assessments. Maps to P7-I2 because it evidences a dedicated cybersecurity framework for critical infrastructure risk assessment under a horizontal act.,https://sso.agc.gov.sg/SL/CA2018-S519-2018#pr6-,0.78,Discovery: instrument is known but s. 6 is not among its recorded provisions (none recorded). Modality: must; exceptions: none,Sectoral (Critical information infrastructure (provider-owned)),,in_force
Singapore,Cybersecurity (Provider-Owned Critical Information Infrastructure) Regulations 2018,,,P7-I2,s. 6(2A),NEW,#pr6-,"(1) For the purposes of section 15(1)( b ) of the Act, a cybersecurity risk assessment of a provider-owned critical information infrastructure must be conducted in the following form and manner: ( a ) the assessment must — (i) identify, as far as is reasonably practicable, every cybersecurity risk to the provider-owned critical information infrastructure; (ii) evaluate the likelihood of the occurrence, and the possible consequences, of the materialisation of each identified cybersecurity risk; and (iii) identify the action that the owner of the provider-owned critical information infrastructure will take in respect of each identified cybersecurity risk; ( b ) the report of the assessment must cover the following: (i) the methodology used in the cybersecurity risk assessment; (ii) a description of every identified cybersecurity risk to the provider-owned critical information infrastructure; (iii) the evaluated likelihood and possible consequences of the materialisation of each identified cybersecurity risk; (iv) the identified action that the owner of the provider-owned critical information infrastructure will take in respect of each identified cybersecurity risk. [S 678/2025 wef 31/10/2025]
(2) The first cybersecurity risk assessment of a provider-owned critical information infrastructure must be completed within 6 months after the date of the notice issued under section 7(1) or (1A) of the Act or, subject to section 15(1)( b ) of the Act, any longer period that the Commissioner may allow in a particular case. [S 678/2025 wef 31/10/2025]
(2A) To avoid doubt, where the designation of a provider-owned critical information infrastructure is extended under section 9A of the Act, the reckoning of time for the performance of the duty of the owner of the provider-owned critical information infrastructure to conduct a cybersecurity risk assessment of the provider-owned critical information infrastructure at least once a year in accordance with section 15(1)( b ) of the Act, starts from the date of the notice issued under section 7(1) or (1A) of the Act.","This section requires provider-owners of designated critical information infrastructure to conduct annual cybersecurity risk assessments in specified form. Maps to P7-I2 because it is a dedicated cybersecurity framework for critical infrastructure (sectoral/targeted), not a general horizontal cybers",https://sso.agc.gov.sg/SL/CA2018-S519-2018#pr6-,0.78,Discovery: instrument is known but s. 6 is not among its recorded provisions (none recorded). Modality: must; exceptions: none,Sectoral (Critical information infrastructure (provider-owned)),,in_force
Singapore,Cybersecurity (Providers of Essential Service Responsible for Cybersecurity of Third-Party-Owned Critical Information Infrastructure) Regulations 2026,,,P7-I2,s. 8(1),NEW,#pr8-,"(1) For the purposes of section 16J(1)( b ) of the Act, a designated provider responsible for third‑party‑owned critical information infrastructure must obtain from the owner of the third‑party‑owned critical information structure a legally binding commitment that a cybersecurity risk assessment will be conducted in the following form and manner: ( a ) that the assessment will — (i) identify, as far as is reasonably practicable, every cybersecurity risk to the third‑party‑owned critical information infrastructure; (ii) evaluate the likelihood of the occurrence, and the possible consequences, of the materialisation of each identified cybersecurity risk; and (iii) identify the actions that will be taken in respect of each identified cybersecurity risk by any of the following: (A) the designated provider of the third‑party‑owned critical information infrastructure; (B) the owner of the third‑party‑owned critical information infrastructure; ( b ) that the report of the assessment will include the following: (i) the methodology used in the cybersecurity risk assessment; (ii) a description of every identified cybersecurity risk to the third‑party‑owned critical information infrastructure; (iii) the evaluated likelihood and possible consequences of the materialisation of each identified cybersecurity risk; (iv) the identified action that will be taken in respect of each identified cybersecurity risk by the designated provider, or owner, of the third‑party‑owned critical information infrastructure, as the case may be.
(2) A designated provider responsible for third‑party‑owned critical information infrastructure must obtain from the owner of the third‑party‑owned critical information structure a legally binding commitment that the first cybersecurity risk assessment of the third‑party‑owned critical information infrastructure will be completed within 6 months after the date of the notice issued under section 16A(1) of the Act or, subject to section 16J(1)( b ) of the Act, any longer period that the Commissioner may allow in a particular case.",This regulation requires designated providers to obtain legally binding commitments to conduct cybersecurity risk assessments for third-party-owned critical infrastructure. Maps to P7-I2 because it evidences a dedicated cybersecurity framework for critical infrastructure risk assessment/management.,https://sso.agc.gov.sg/SL/CA2018-S490-2026#pr8-,0.78,Discovery: instrument not in the master dataset for Singapore. Modality: must obtain; cybersecurity risk assessment will be conducted; exceptions: none,Sectoral (Critical information infrastructure / essential service providers (third-party-owned)),,in_force
Singapore,Cybersecurity (Providers of Essential Service Responsible for Cybersecurity of Third-Party-Owned Critical Information Infrastructure) Regulations 2026,,,P7-I2,s. 8(2),NEW,#pr8-,"(1) For the purposes of section 16J(1)( b ) of the Act, a designated provider responsible for third‑party‑owned critical information infrastructure must obtain from the owner of the third‑party‑owned critical information structure a legally binding commitment that a cybersecurity risk assessment will be conducted in the following form and manner: ( a ) that the assessment will — (i) identify, as far as is reasonably practicable, every cybersecurity risk to the third‑party‑owned critical information infrastructure; (ii) evaluate the likelihood of the occurrence, and the possible consequences, of the materialisation of each identified cybersecurity risk; and (iii) identify the actions that will be taken in respect of each identified cybersecurity risk by any of the following: (A) the designated provider of the third‑party‑owned critical information infrastructure; (B) the owner of the third‑party‑owned critical information infrastructure; ( b ) that the report of the assessment will include the following: (i) the methodology used in the cybersecurity risk assessment; (ii) a description of every identified cybersecurity risk to the third‑party‑owned critical information infrastructure; (iii) the evaluated likelihood and possible consequences of the materialisation of each identified cybersecurity risk; (iv) the identified action that will be taken in respect of each identified cybersecurity risk by the designated provider, or owner, of the third‑party‑owned critical information infrastructure, as the case may be.
(2) A designated provider responsible for third‑party‑owned critical information infrastructure must obtain from the owner of the third‑party‑owned critical information structure a legally binding commitment that the first cybersecurity risk assessment of the third‑party‑owned critical information infrastructure will be completed within 6 months after the date of the notice issued under section 16A(1) of the Act or, subject to section 16J(1)( b ) of the Act, any longer period that the Commissioner may allow in a particular case.","This section requires a cybersecurity risk assessment commitment for third-party-owned critical information infrastructure. Maps to P7-I2 because it evidences a sectoral cybersecurity risk-assessment framework for critical infrastructure, not a horizontal dedicated framework.",https://sso.agc.gov.sg/SL/CA2018-S490-2026#pr8-,0.91,Discovery: instrument not in the master dataset for Singapore. Modality: must obtain; exceptions: none,Sectoral (Critical information infrastructure / essential service providers (third-party-owned)),,in_force
Singapore,Cybersecurity Act 2018,No. 9 of 2018,,P7-I2,s. 16L(1),NEW,#pr16L-,(1) The Commissioner may conduct cybersecurity exercises for the purpose of testing the state of readiness of different designated providers responsible for third‑party‑owned critical information infrastructure in responding to significant cybersecurity incidents.,"This section permits the Commissioner to conduct cybersecurity exercises. Maps to P7-I2 because it evidences a dedicated cybersecurity incident-readiness framework for critical infrastructure, not a mere scattered security clause.",https://sso.agc.gov.sg/Act/CA2018#pr16L-,0.91,Discovery: instrument is known but s. 16L is not among its recorded provisions (none recorded). Modality: may; exceptions: none,Sectoral (Critical information infrastructure (third-party-owned) / essential service providers),,in_force
Singapore,Cybersecurity Act 2018,No. 9 of 2018,,P7-I2,s. 16F(2),NEW,#pr16F-,"(1) A designated provider responsible for third‑party‑owned critical information infrastructure must obtain a legally binding commitment from the owner of the third‑party‑owned critical information infrastructure, that the owner will ensure that any applicable prescribed technical or other standards relating to cybersecurity are maintained in respect of that third-party-owned critical information infrastructure.",This section requires a designated provider to obtain a binding cybersecurity commitment for critical information infrastructure. Maps to P7-I2 because it evidences a dedicated sectoral cybersecurity framework governing critical infrastructure standards.,https://sso.agc.gov.sg/Act/CA2018#pr16F-,0.91,Discovery: instrument is known but s. 16F is not among its recorded provisions (none recorded). Modality: must; exceptions: none,Sectoral (Critical information infrastructure / essential service providers),,in_force
Singapore,Employment Act 1968,Act 17 of 1968,,P7-I3,s. 95(4),KNOWN,#pr95-,"(1) An employer must make, and keep for the period prescribed (called in this section the record retention period), employee records containing the prescribed particulars for — ( a ) every employee the employer employs; and ( b ) every former employee of the employer.",This section requires employers to make and keep employee records. Maps to P7-I3 because it establishes a mandatory retention duty; the minimum duration is unspecified here and set by prescription.,https://sso.agc.gov.sg/Act/EmA1968#pr95-,0.97,Discovery: master dataset already records s. 95 of this law. Modality: must; exceptions: none,Sectoral (Employment (employers/employment relationships)),,in_force
Singapore,Employment Act 1968,Act 17 of 1968,,P7-I3,s. 95(1),KNOWN,#pr95-,"(1) An employer must make, and keep for the period prescribed (called in this section the record retention period), employee records containing the prescribed particulars for — ( a ) every employee the employer employs; and ( b ) every former employee of the employer.","This section requires employers to make and keep employee records for the prescribed record retention period. It maps to P7-I3 because it imposes a minimum retention obligation, though the exact duration is set by prescription (unspecified here).",https://sso.agc.gov.sg/Act/EmA1968#pr95-,0.86,Discovery: master dataset already records s. 95 of this law. Modality: must; exceptions: none,Sectoral,,in_force
Singapore,Companies Act 1967,Act 42 of 1967,,P7-I3,s. 199(2),KNOWN,#pr199-,"[36/2014]
(2) The company must retain the records referred to in subsection (1) for a period of not less than 5 years from the end of the financial year in which the transactions or operations to which those records relate are completed.",This section requires companies to retain specified accounting records for at least 5 years. Maps to P7-I3 because it sets a clear minimum retention period (>= 5 years). Function: minimum data retention requirement for accounting records.,https://sso.agc.gov.sg/Act/CoA1967#pr199-,0.98,Discovery: master dataset already records s. 199 of this law. Modality: must; exceptions: none,Horizontal,,in_force
Singapore,Employment Act 1968,Act 17 of 1968,,P7-I3,s. 95(2),KNOWN,#pr95-,"(1) An employer must make, and keep for the period prescribed (called in this section the record retention period), employee records containing the prescribed particulars for — ( a ) every employee the employer employs; and ( b ) every former employee of the employer.","This section requires employers to make and keep employee records. Maps to P7-I3 because it establishes a retention duty, but the minimum duration is unspecified here and left to prescription.",https://sso.agc.gov.sg/Act/EmA1968#pr95-,0.97,Discovery: master dataset already records s. 95 of this law. Modality: must; exceptions: none,Sectoral (Employment),,in_force
Singapore,Income Tax Act 1947,Act 39 of 1947,,P7-I3,s. 67(1),KNOWN,#pr67-,"(1) Subject to subsection (3), every person carrying on or exercising any trade, business, profession or vocation — ( a ) must keep and retain in safe custody sufficient records for a period of 5 years from the year of assessment to which any income relates to enable the person’s income and allowable deductions under this Act to be readily ascertained by the Comptroller or any officer authorised in that behalf by the Comptroller; and ( b ) must, if the gross receipts from such trade, business, profession or vocation in the preceding calendar year exceeded $18,000 from the sale of goods, or $12,000 from the performance of services, issue a printed receipt serially numbered for every sum received in respect of goods sold or services performed in the course of or in connection with such trade, business, profession or vocation, and must retain a duplicate of every such receipt.",This section requires every person carrying on a trade/business/profession/vocation to keep and retain sufficient records for at least 5 years. Maps to P7-I3 because it specifies a minimum retention period (5 years). Legal function: record-keeping and retention requirement.,https://sso.agc.gov.sg/Act/ITA1947#pr67-,0.98,Discovery: master dataset already records s. 67 of this law. Modality: must; exceptions: Subsection (3) allows the Comptroller to prescribe the form/manner of records and receipts (compliance duty remains).; Subsection (4) allows the Comptroller to waive all or any provisions of subsection (1) for any person/records/class.,Horizontal,,in_force
Singapore,Income Tax Act 1947,Act 39 of 1947,,P7-I3,s. 67(3),KNOWN,#pr67-,"(1) Subject to subsection (3), every person carrying on or exercising any trade, business, profession or vocation — ( a ) must keep and retain in safe custody sufficient records for a period of 5 years from the year of assessment to which any income relates to enable the person’s income and allowable deductions under this Act to be readily ascertained by the Comptroller or any officer authorised in that behalf by the Comptroller; and ( b ) must, if the gross receipts from such trade, business, profession or vocation in the preceding calendar year exceeded $18,000 from the sale of goods, or $12,000 from the performance of services, issue a printed receipt serially numbered for every sum received in respect of goods sold or services performed in the course of or in connection with such trade, business, profession or vocation, and must retain a duplicate of every such receipt.",This section requires every person carrying on a trade/business/profession to keep and retain sufficient records for 5 years. Maps to P7-I3 because it specifies a minimum retention period (>=5 years). Function: record-keeping and retention requirement.,https://sso.agc.gov.sg/Act/ITA1947#pr67-,0.98,Discovery: master dataset already records s. 67 of this law. Modality: must; exceptions: Subsection (3) (Comptroller may prescribe forms/manner; does not remove the 5-year minimum),Horizontal,,in_force
Singapore,Companies Act 1967,Act 42 of 1967,,P7-I3,s. 199(1),KNOWN,#pr199-,(2) The company must retain the records referred to in subsection (1) for a period of not less than 5 years from the end of the financial year in which the transactions or operations to which those records relate are completed.,This Companies Act s.199(1)(2) requires companies to retain specified accounting records for at least 5 years. Maps to P7-I3 because it sets a clear minimum retention period (>=5 years).,https://sso.agc.gov.sg/Act/CoA1967#pr199-,0.98,Discovery: master dataset already records s. 199 of this law. Modality: must; exceptions: none,Horizontal,,in_force
Singapore,Companies Act 1967,Act 42 of 1967,,P7-I3,s. 199(3),KNOWN,#pr199-,(2) The company must retain the records referred to in subsection (1) for a period of not less than 5 years from the end of the financial year in which the transactions or operations to which those records relate are completed.,This Companies Act s.199(3)(2) requires companies to retain specified accounting records for at least 5 years. Maps to P7-I3 because it sets a clear minimum retention period (>= 5 years).,https://sso.agc.gov.sg/Act/CoA1967#pr199-,0.98,Discovery: master dataset already records s. 199 of this law. Modality: must; exceptions: none,Horizontal,,in_force
Singapore,Companies Act 1967,Act 42 of 1967,,P7-I3,s. 199(4),KNOWN,#pr199-,(2) The company must retain the records referred to in subsection (1) for a period of not less than 5 years from the end of the financial year in which the transactions or operations to which those records relate are completed.,This section requires companies to retain specified accounting records for at least 5 years. Maps to P7-I3 because it sets a clear minimum retention period (>= 5 years). Function: data retention requirement.,https://sso.agc.gov.sg/Act/CoA1967#pr199-,0.98,Discovery: master dataset already records s. 199 of this law. Modality: must; exceptions: none,Horizontal,,in_force
Singapore,Companies Act 1967,Act 42 of 1967,,P7-I3,s. 199(5),KNOWN,#pr199-,(2) The company must retain the records referred to in subsection (1) for a period of not less than 5 years from the end of the financial year in which the transactions or operations to which those records relate are completed.,This Companies Act s.199(5)(2) requires companies to retain specified accounting records for at least 5 years. Maps to P7-I3 because it sets a clear minimum retention period (>=5 years).,https://sso.agc.gov.sg/Act/CoA1967#pr199-,0.98,Discovery: master dataset already records s. 199 of this law. Modality: must; exceptions: none,Horizontal,,in_force
Singapore,Income Tax Act 1947,Act 39 of 1947,,P7-I3,s. 67(2),KNOWN,#pr67-,"(1) Subject to subsection (3), every person carrying on or exercising any trade, business, profession or vocation — ( a ) must keep and retain in safe custody sufficient records for a period of 5 years from the year of assessment to which any income relates to enable the person’s income and allowable deductions under this Act to be readily ascertained by the Comptroller or any officer authorised in that behalf by the Comptroller; and ( b ) must, if the gross receipts from such trade, business, profession or vocation in the preceding calendar year exceeded $18,000 from the sale of goods, or $12,000 from the performance of services, issue a printed receipt serially numbered for every sum received in respect of goods sold or services performed in the course of or in connection with such trade, business, profession or vocation, and must retain a duplicate of every such receipt.",This section requires persons carrying on a trade/business/profession/vocation to keep and retain sufficient records for at least 5 years. Maps to P7-I3 because it specifies a minimum retention period (5 years). Legal function: data retention requirement.,https://sso.agc.gov.sg/Act/ITA1947#pr67-,0.98,Discovery: master dataset already records s. 67 of this law. Modality: must; exceptions: Subject to subsection (3); The Comptroller may waive all or any of the provisions of subsection (1) in respect of any person or records or any class or description of persons or records.,Horizontal,,in_force
Singapore,Income Tax Act 1947,Act 39 of 1947,,P7-I3,s. 67(4),KNOWN,#pr67-,"(1) Subject to subsection (3), every person carrying on or exercising any trade, business, profession or vocation — ( a ) must keep and retain in safe custody sufficient records for a period of 5 years from the year of assessment to which any income relates to enable the person’s income and allowable deductions under this Act to be readily ascertained by the Comptroller or any officer authorised in that behalf by the Comptroller; and ( b ) must, if the gross receipts from such trade, business, profession or vocation in the preceding calendar year exceeded $18,000 from the sale of goods, or $12,000 from the performance of services, issue a printed receipt serially numbered for every sum received in respect of goods sold or services performed in the course of or in connection with such trade, business, profession or vocation, and must retain a duplicate of every such receipt.",This section requires persons carrying on/exercising a trade/business/profession/vocation to keep and retain sufficient records for at least 5 years. Maps to P7-I3 because it specifies a minimum retention period (5 years).,https://sso.agc.gov.sg/Act/ITA1947#pr67-,0.98,Discovery: master dataset already records s. 67 of this law. Modality: must; exceptions: Subject to subsection (3); The Comptroller may waive all or any of the provisions of subsection (1) in respect of any person or records or any class or description of persons or records,Horizontal,,in_force
Singapore,Income Tax Act 1947,Act 39 of 1947,,P7-I3,s. 67(5),KNOWN,#pr67-,"(1) Subject to subsection (3), every person carrying on or exercising any trade, business, profession or vocation — ( a ) must keep and retain in safe custody sufficient records for a period of 5 years from the year of assessment to which any income relates to enable the person’s income and allowable deductions under this Act to be readily ascertained by the Comptroller or any officer authorised in that behalf by the Comptroller; and ( b ) must, if the gross receipts from such trade, business, profession or vocation in the preceding calendar year exceeded $18,000 from the sale of goods, or $12,000 from the performance of services, issue a printed receipt serially numbered for every sum received in respect of goods sold or services performed in the course of or in connection with such trade, business, profession or vocation, and must retain a duplicate of every such receipt.",This section requires persons carrying on a trade/business/profession/vocation to keep and retain sufficient records for at least 5 years. Maps to P7-I3 because it specifies a minimum retention period (5 years).,https://sso.agc.gov.sg/Act/ITA1947#pr67-,0.98,Discovery: master dataset already records s. 67 of this law. Modality: must; exceptions: none,Horizontal,,in_force
Singapore,Companies Act 1967,Act 42 of 1967,,P7-I3,s. 199(2A),KNOWN,#pr199-,"[36/2014]
(2) The company must retain the records referred to in subsection (1) for a period of not less than 5 years from the end of the financial year in which the transactions or operations to which those records relate are completed.",This Companies Act s.199(2) requires companies to retain specified accounting records for at least 5 years. Maps to P7-I3 because it sets a clear minimum retention period (>= 5 years). Legal function: minimum data retention requirement.,https://sso.agc.gov.sg/Act/CoA1967#pr199-,0.98,Discovery: master dataset already records s. 199 of this law. Modality: must (mandatory); exceptions: none,Horizontal,,in_force
Singapore,Companies Act 1967,Act 42 of 1967,,P7-I3,s. 199(6),KNOWN,#pr199-,"[36/2014]
(2) The company must retain the records referred to in subsection (1) for a period of not less than 5 years from the end of the financial year in which the transactions or operations to which those records relate are completed.",This section requires companies to retain specified accounting records for at least 5 years. Maps to P7-I3 because it sets a clear minimum retention period (>= 5 years). Function: minimum data retention requirement for accounting records.,https://sso.agc.gov.sg/Act/CoA1967#pr199-,0.98,Discovery: master dataset already records s. 199 of this law. Modality: must; exceptions: none,Sectoral (Companies (all companies under the Companies Act 1967)),,in_force
Singapore,Employment Act 1968,Act 17 of 1968,,P7-I3,s. 95(3),KNOWN,#pr95-,"(1) An employer must make, and keep for the period prescribed (called in this section the record retention period), employee records containing the prescribed particulars for — ( a ) every employee the employer employs; and ( b ) every former employee of the employer.","This section requires employers to make and keep employee records. Maps to P7-I3 because it establishes a mandatory retention duty, but the minimum duration is not specified in the text and is left to prescription. Legal function: record retention requirement.",https://sso.agc.gov.sg/Act/EmA1968#pr95-,0.97,Discovery: master dataset already records s. 95 of this law. Modality: must; exceptions: none,Sectoral (Employment (employers/employment relationships)),,in_force
Singapore,Employment Act 1968,Act 17 of 1968,,P7-I3,s. 95(5),KNOWN,#pr95-,"(1) An employer must make, and keep for the period prescribed (called in this section the record retention period), employee records containing the prescribed particulars for — ( a ) every employee the employer employs; and ( b ) every former employee of the employer.","This section requires employers to make and keep employee records. Maps to P7-I3 because it establishes a record-retention duty, but the minimum duration is unspecified here and left to prescription.",https://sso.agc.gov.sg/Act/EmA1968#pr95-,0.97,Discovery: master dataset already records s. 95 of this law. Modality: must; exceptions: none,Sectoral (Employment),,in_force
Singapore,"Accountants (Prevention of Money Laundering, Terrorism Financing and Proliferation Financing) Rules 2023",,,P7-I3,s. 21(2),NEW,#pr21-,(2) The accounting entity must keep written records of the measures taken under paragraph (1) for a period of at least 5 years starting on — ( a ) in the case of paragraph (1)( a ) — the date the accounting entity implemented the screening procedures; and ( b ) in the case of paragraph (1)( b ) — the date the training of the respective employee ended.,This section requires accounting entities to keep written records for at least 5 years. Maps to P7-I3 because it specifies a minimum retention period (>= 5 years). Legal function: record retention requirement.,https://sso.agc.gov.sg/SL/AA2004-S328-2023#pr21-,0.98,Discovery: instrument not in the master dataset for Singapore. Modality: must; exceptions: none,Sectoral (Accountants (accounting entities under the AML/CFT/PF Rules)),,in_force
Singapore,"Accountants (Prevention of Money Laundering, Terrorism Financing and Proliferation Financing) Rules 2023",,,P7-I3,s. 16(3),NEW,#pr16-,(1) An accounting entity must keep the records (including electronic records) specified in paragraph (2) for a period of at least 5 years beginning on the date on which the business relationship ends.,This s.16(3) requires accounting entities to retain specified AML records for at least 5 years. Maps to P7-I3 because it sets a clear minimum retention period (>=5 years).,https://sso.agc.gov.sg/SL/AA2004-S328-2023#pr16-,0.98,Discovery: instrument not in the master dataset for Singapore. Modality: must; exceptions: none,Sectoral (Accountants (accounting entities)),,in_force
Singapore,"Accountants (Prevention of Money Laundering, Terrorism Financing and Proliferation Financing) Rules 2023",,,P7-I3,s. 16(2),NEW,#pr16-,(1) An accounting entity must keep the records (including electronic records) specified in paragraph (2) for a period of at least 5 years beginning on the date on which the business relationship ends.,This s.16(2) requires accounting entities to retain specified AML records for at least 5 years after the business relationship ends. Maps to P7-I3 because it sets a clear minimum retention period (>=5 years).,https://sso.agc.gov.sg/SL/AA2004-S328-2023#pr16-,0.98,Discovery: instrument not in the master dataset for Singapore. Modality: must; exceptions: none,Sectoral (Accounting entities (accountants/AML regulated accounting entities)),,in_force
Singapore,Casino Control (Credit) Regulations 2010,,,P7-I3,s. 11(2),NEW,#pr11-,"(1) Every casino operator and licensed international market agent shall keep, in relation to each patron of the casino to whom the casino operator or licensed international market agent grants credit, as the case may be — ( a ) a copy of the credit agreement entered into with the patron and any supporting documentation, amendment or supplementary agreement thereto for not less than 5 years after the expiry of the agreement; ( b ) a copy of any application for a cheque-cashing facility by the patron for not less than 5 years after the expiry of the facility; and ( c ) the following records relating to the patron’s credit account and, where applicable, cheque-cashing account for not less than 5 years after the completion of the transaction to which the record relates: (i) in the case of a casino operator, the records specified in any requirements under these Regulations or the Casino Control (Internal Controls) Regulations 2013 (G.N. No. S 59/2013) or any directions given by the Authority under any of those Regulations; and [S 61/2013 wef 31/01/2013] (ii) in the case of a licensed international market agent — (A) the amount of each issuance of chips on credit to a patron or amount of credit given for a patron’s deposit account, and the date of issuance of such chips or amount on credit; [S 61/2013 wef 31/01/2013] (B) the amount of each repayment of chips on credit or credit given for the patron’s deposit account, and the date of such repayment; and [S 61/2013 wef 31/01/2013] (C) such other records specified in any requirements under these Regulations or the Casino Control (Internal Controls) Regulations 2013 or any directions given by the Authority under any of those Regulations. [S 61/2013 wef 31/01/2013] [S 61/2013 wef 31/01/2013]
(2) A casino operator or a licensed international market agent shall, whenever requested by the Authority to do so — ( a ) produce to the Authority all records referred to in paragraph (1) and permit the examination of those records, the taking of extracts from them and the making copies of them; and ( b ) furnish to the Authority all such information as the Authority may require in connection with any such records.",This s.11(2) requires casino operators and licensed international market agents to keep specified credit/cheque-cashing records for not less than 5 years. It satisfies P7-I3 because a minimum retention period (5 years) is explicitly stated.,https://sso.agc.gov.sg/SL/CCA2006-S53-2010#pr11-,0.93,Discovery: instrument not in the master dataset for Singapore. Modality: shall; exceptions: none,Sectoral (Casino credit and cheque-cashing (casino operators and licensed international market agents)),,in_force
Singapore,Casino Control (Credit) Regulations 2010,,,P7-I3,s. 11(1),NEW,#pr11-,"(1) Every casino operator and licensed international market agent shall keep, in relation to each patron of the casino to whom the casino operator or licensed international market agent grants credit, as the case may be — ( a ) a copy of the credit agreement entered into with the patron and any supporting documentation, amendment or supplementary agreement thereto for not less than 5 years after the expiry of the agreement; ( b ) a copy of any application for a cheque-cashing facility by the patron for not less than 5 years after the expiry of the facility; and ( c ) the following records relating to the patron’s credit account and, where applicable, cheque-cashing account for not less than 5 years after the completion of the transaction to which the record relates: (i) in the case of a casino operator, the records specified in any requirements under these Regulations or the Casino Control (Internal Controls) Regulations 2013 (G.N. No. S 59/2013) or any directions given by the Authority under any of those Regulations; and [S 61/2013 wef 31/01/2013] (ii) in the case of a licensed international market agent — (A) the amount of each issuance of chips on credit to a patron or amount of credit given for a patron’s deposit account, and the date of issuance of such chips or amount on credit; [S 61/2013 wef 31/01/2013] (B) the amount of each repayment of chips on credit or credit given for the patron’s deposit account, and the date of such repayment; and [S 61/2013 wef 31/01/2013] (C) such other records specified in any requirements under these Regulations or the Casino Control (Internal Controls) Regulations 2013 or any directions given by the Authority under any of those Regulations. [S 61/2013 wef 31/01/2013] [S 61/2013 wef 31/01/2013]
(2) A casino operator or a licensed international market agent shall, whenever requested by the Authority to do so — ( a ) produce to the Authority all records referred to in paragraph (1) and permit the examination of those records, the taking of extracts from them and the making copies of them; and ( b ) furnish to the Authority all such information as the Authority may require in connection with any such records.",This s.11(1) requires casino operators and licensed international market agents to keep specified credit/cheque-cashing records for not less than 5 years. It satisfies P7-I3 because a minimum retention period (5 years) is explicitly stated.,https://sso.agc.gov.sg/SL/CCA2006-S53-2010#pr11-,0.93,Discovery: instrument not in the master dataset for Singapore. Modality: shall; exceptions: none,Sectoral (Casinos / credit and cheque-cashing accounts (casino operators and licensed international market agents)),,in_force
Singapore,Companies Act 1967,Act 42 of 1967,,P7-I3,s. 344H(1),NEW,#pr344H-,"(1) Where the name of a company has been struck off and the company dissolved under section 344 or 344A, a person who was an officer of the company immediately before the company was dissolved must ensure that all books and papers of the company are retained for a period of at least 5 years after the date on which the company was dissolved.",This s.344H(1) requires officers to retain company books and papers for at least 5 years after dissolution. Maps to P7-I3 because it sets a clear minimum retention period (>=5 years).,https://sso.agc.gov.sg/Act/CoA1967#pr344H-,0.93,"Discovery: instrument is known but s. 344H is not among its recorded provisions (['145', '199', '215AA', '368', '370', '4']). Modality: must ensure; exceptions: none",Sectoral (Companies (corporate entities subject to Companies Act 1967)),,in_force
Singapore,Companies Act 1967,Act 42 of 1967,,P7-I3,s. 138(1A),NEW,#pr138-,"[36/2014]
(1A) An instrument creating any charge or a copy thereof, or a copy of the series of debentures, as the case may be, that is required to be kept under subsection (1) — ( a ) is deemed to form part of the records that are required to be kept under section 199(1); and ( b ) for the purposes of section 199(2), must be retained by the company for a period of 5 years after — (i) the date the debt for which the charge was given was paid or satisfied in whole; (ii) the date the property or undertaking charged was released or ceased to form part of the company’s property or undertaking; or (iii) where both of the events referred to in sub‑paragraphs (i) and (ii) occur in any particular case, the later of the dates. [36/2014]
(2) Every company must keep at the registered office of the company a register of charges and enter therein all charges specifically affecting property of the company and all floating charges on the undertaking or any property of the company, giving in each case a short description of the property charged, the amount of the charge and (except in the case of securities to bearer) the names of the persons entitled thereto.",This Companies Act section requires companies to retain specified charge instruments/records for at least 5 years after defined discharge/release events. Maps to P7-I3 because it sets a clear minimum retention period (5 years).,https://sso.agc.gov.sg/Act/CoA1967#pr138-,0.9,"Discovery: instrument is known but s. 138 is not among its recorded provisions (['145', '199', '215AA', '368', '370', '4']). Modality: must; exceptions: none",Sectoral,,in_force
Singapore,Customs Act 1960,,,P7-I3,s. 90(2),NEW,#pr90-,"(2) The documents and records mentioned in subsection (1) must be retained — ( a ) in relation to goods in a Government warehouse or licensed warehouse, for a period of at least 5 years from the date those goods are removed from the Government warehouse or licensed warehouse, as the case may be; or ( b ) in any other case, for a period of at least 5 years from the date on which the goods are released by the proper officer of customs.",This section requires importers/exporters (and agents) to retain specified trade documents for at least 5 years. Maps to P7-I3 because it clearly sets a minimum retention period (>=5 years). Function: minimum data retention requirement.,https://sso.agc.gov.sg/Act/CA1960#pr90-,0.98,Discovery: instrument not in the master dataset for Singapore. Modality: must be retained; exceptions: none,Sectoral (Customs/import-export (dutiable goods)),,in_force
Singapore,Health Products (Clinical Research Materials) Regulations 2016,,,P7-I3,s. 18(3),NEW,#pr18-,(1) A person who is required to keep any record under this Division must — ( a ) keep the records for the applicable period specified in paragraph (2) or (3); and ( b ) produce the records for inspection when required by the Authority at any reasonable time during the applicable period.,"This section requires persons to keep required records for the applicable period specified in s.18(2) or (3). Maps to P7-I3 because it sets a minimum retention period (e.g., 2/5/30 years depending on record type). Legal function: record-retention duty.",https://sso.agc.gov.sg/SL/HPA2007-S332-2016#pr18-,0.93,Discovery: instrument not in the master dataset for Singapore. Modality: must; exceptions: none,Sectoral (Clinical research materials (regulated under Health Products clinical research materials regime)),,in_force
Singapore,Health Products (Clinical Research Materials) Regulations 2016,,,P7-I3,s. 18(2),NEW,#pr18-,(1) A person who is required to keep any record under this Division must — ( a ) keep the records for the applicable period specified in paragraph (2) or (3); and ( b ) produce the records for inspection when required by the Authority at any reasonable time during the applicable period.,"This section requires persons who must keep records to keep them for the applicable period specified in s.18(2) or (3). Maps to P7-I3 because it sets minimum retention periods (e.g., 5 years, 30 years, 2 years). Function: record-retention duty.",https://sso.agc.gov.sg/SL/HPA2007-S332-2016#pr18-,0.93,Discovery: instrument not in the master dataset for Singapore. Modality: must; exceptions: none,Sectoral (Clinical research materials (including investigational/auxiliary/CTGT and traceability records)),,in_force
Singapore,Health Products (Clinical Research Materials) Regulations 2016,,,P7-I3,s. 18(1),NEW,#pr18-,(1) A person who is required to keep any record under this Division must — ( a ) keep the records for the applicable period specified in paragraph (2) or (3); and ( b ) produce the records for inspection when required by the Authority at any reasonable time during the applicable period.,"This section requires record-keepers to keep records for an applicable minimum period specified in s.18(2) or (3). Maps to P7-I3 because it clearly sets retention durations (e.g., 5 years, 30 years, 2 years). Function: record retention obligation.",https://sso.agc.gov.sg/SL/HPA2007-S332-2016#pr18-,0.93,Discovery: instrument not in the master dataset for Singapore. Modality: must; exceptions: none,Sectoral (Clinical research materials (including investigational/auxiliary/CTGT; regulated trials)),,in_force
Singapore,Health Products (Therapeutic Products) Regulations 2016,,,P7-I3,s. 33(4),NEW,#pr33-,"(2) A person mentioned in paragraph (1) must ensure that every record mentioned in that paragraph — ( a ) contains all of the following information: (i) the proprietary name or appropriate non‑proprietary name of the therapeutic product which is defective or of which an adverse effect has arisen from its use; (ii) the date on which the person first became aware of the event or occurrence; (iii) the identification number or mark (including the control number, lot number, batch number or serial number) of the therapeutic product; (iv) the nature of the defect or adverse effect; (v) any other information that the Authority may specify in writing; and ( b ) is retained for at least 2 years after the expiry date of the therapeutic product.",This regulation requires manufacturers/importers/registrants to retain defect/adverse-effect records for at least 2 years after product expiry. Maps to P7-I3 because it specifies a minimum retention period (>=2 years).,https://sso.agc.gov.sg/SL/HPA2007-S329-2016#pr33-,0.98,Discovery: instrument not in the master dataset for Singapore. Modality: must ensure; exceptions: none,"Sectoral (Therapeutic products (manufacturers, importers, registrants))",,in_force
Singapore,Health Products (Therapeutic Products) Regulations 2016,,,P7-I3,s. 33(3),NEW,#pr33-,"(2) A person mentioned in paragraph (1) must ensure that every record mentioned in that paragraph — ( a ) contains all of the following information: (i) the proprietary name or appropriate non‑proprietary name of the therapeutic product which is defective or of which an adverse effect has arisen from its use; (ii) the date on which the person first became aware of the event or occurrence; (iii) the identification number or mark (including the control number, lot number, batch number or serial number) of the therapeutic product; (iv) the nature of the defect or adverse effect; (v) any other information that the Authority may specify in writing; and ( b ) is retained for at least 2 years after the expiry date of the therapeutic product.",This s.33(3)(2) requires regulated persons to retain defect/adverse-effect records for at least 2 years after product expiry. Maps to P7-I3 because it specifies a minimum retention period (>=2 years).,https://sso.agc.gov.sg/SL/HPA2007-S329-2016#pr33-,0.98,Discovery: instrument not in the master dataset for Singapore. Modality: must ensure; exceptions: none,Sectoral (Therapeutic products (manufacturers/importers/registrants)),,in_force
Singapore,Health Products (Therapeutic Products) Regulations 2016,,,P7-I3,s. 33(2),NEW,#pr33-,"(2) A person mentioned in paragraph (1) must ensure that every record mentioned in that paragraph — ( a ) contains all of the following information: (i) the proprietary name or appropriate non‑proprietary name of the therapeutic product which is defective or of which an adverse effect has arisen from its use; (ii) the date on which the person first became aware of the event or occurrence; (iii) the identification number or mark (including the control number, lot number, batch number or serial number) of the therapeutic product; (iv) the nature of the defect or adverse effect; (v) any other information that the Authority may specify in writing; and ( b ) is retained for at least 2 years after the expiry date of the therapeutic product.",This regulation requires manufacturers/importers/registrants to retain defect/adverse-effect records for at least 2 years after product expiry. Maps to P7-I3 because it specifies a minimum retention period (>=2 years).,https://sso.agc.gov.sg/SL/HPA2007-S329-2016#pr33-,0.98,Discovery: instrument not in the master dataset for Singapore. Modality: must ensure; exceptions: none,Sectoral (Health products (therapeutic products) manufacturers/importers/registrants),,in_force
Singapore,Income Tax Act 1947,Act 39 of 1947,,P7-I3,s. 68A(2),NEW,#pr68A-,"(2) The Comptroller may — ( a ) by written notice require any person ( X ) that falls within a prescribed class of persons to collect, keep and retain in safe custody for a specified period not exceeding 5 years, specified identification information and income information of any person or each person within a class ( Y ) (including information of any outgoings and expenses incurred by Y ) that entered into an agreement or arrangement of a specified description with X for Y to carry on any trade, business, profession or vocation for which Y derives income chargeable to tax under this Act; and ( b ) by written notice to X , require X to provide the Comptroller or any person specified in the written notice, any information retained under paragraph ( a ) in the form and manner and within the time specified in the notice, or any extension of such time by the Comptroller in any particular case.","This section permits the Comptroller to require prescribed persons to collect, keep and retain specified tax information for a specified period (up to 5 years). Maps to P7-I3 because a minimum retention period is not stated; retention duration is specified (ceiling only). Function: data retention du",https://sso.agc.gov.sg/Act/ITA1947#pr68A-,0.78,Discovery: instrument is known but s. 68A is not among its recorded provisions (['67']). Modality: may (by written notice) require; exceptions: none,Sectoral (Taxation (Income tax compliance)),,in_force
Singapore,Income Tax Act 1947,Act 39 of 1947,,P7-I3,s. 34F(6),NEW,#pr34F-,"[39/2017]
(6) The person in subsection (3)( a ), ( b ) or ( c ) must retain in safe custody transfer pricing documentation prepared by the person for each transaction, for a period of at least 5 years from the end of the basis period in which the transaction took place.",This Act requires specified persons to retain transfer pricing documentation for at least 5 years from the end of the basis period of the transaction. Maps to P7-I3 because a minimum retention period is explicitly stated.,https://sso.agc.gov.sg/Act/ITA1947#pr34F-,0.98,Discovery: instrument is known but s. 34F is not among its recorded provisions (['67']). Modality: must; exceptions: none,Sectoral (Income tax / transfer pricing documentation for related-party transactions),,in_force
Singapore,"Legal Profession (Prevention of Money Laundering, Financing of Terrorism and Proliferation Financing) Rules 2015",,,P7-I3,s. 20(1),NEW,#pr20-,"(1) For the purposes of section 70E(1)( b ) and (3) of the Act, a legal practitioner must maintain a document or record obtained by the legal practitioner through customer due diligence measures performed under section 70C of the Act — ( a ) where the document or record is in relation to a client, for at least 5 years after the termination of the business relationship with the client; or ( b ) where the document or record is in relation to an occasional transaction, for at least 5 years after the date of that transaction.",This section requires legal practitioners to retain customer due diligence documents/records for at least 5 years (client: after relationship termination; occasional: after transaction). Maps to P7-I3 because a minimum retention period is explicitly specified.,https://sso.agc.gov.sg/SL/LPA1966-S307-2015#pr20-,0.98,"Discovery: instrument not in the master dataset for Singapore. Modality: must; exceptions: s.20(3)-(4) provide circumstances where the obligation of a legal practitioner may cease (e.g., ceasing to practise, joining another law practice), while a law practice obligation may continue; s.20(5) provides transfer of the remaining retention period to another law practice for transferred matters",Sectoral (Legal profession (legal practitioners/law practices)),,in_force
Singapore,Personal Data Protection Act 2012,No. 26 of 2012,,P7-I3,s. 50(4),NEW,#pr50-,"[40/2020]
(4) An organisation must retain records relating to an investigation under this section for one year after the conclusion of the investigation or any longer period specified in writing by the Commission.",This section requires organisations to retain investigation-related records for at least one year after conclusion (or longer if specified). Maps to P7-I3 because a minimum retention period (one year) is clearly stated.,https://sso.agc.gov.sg/Act/PDPA2012#pr50-,0.93,"Discovery: instrument is known but s. 50 is not among its recorded provisions (['11', '25', '26']). Modality: must; exceptions: none",Sectoral,,in_force
Singapore,Personal Data Protection Act 2012,No. 26 of 2012,,P7-I3,s. 22A(1),NEW,#pr22A-,"(1) Where — ( a ) an individual, on or after 1 February 2021, makes a request under section 21(1)( a ) to an organisation to provide personal data about the individual that is in the possession or under the control of the organisation; and ( b ) the organisation refuses to provide that personal data, the organisation must preserve, for not less than the prescribed period, a copy of the personal data concerned.","This s.22A(1) requires organisations to preserve a copy of personal data when they refuse an access request, for not less than the prescribed period. Maps to P7-I3 because a minimum retention period is explicitly required (>= prescribed period).",https://sso.agc.gov.sg/Act/PDPA2012#pr22A-,0.86,"Discovery: instrument is known but s. 22A is not among its recorded provisions (['11', '25', '26']). Modality: must (mandatory); exceptions: none","Sectoral (Organisations holding personal data (general, not limited to a specific sector))",,in_force
Singapore,Personal Data Protection Regulations 2021,,,P7-I3,s. 15(3),NEW,#pr15-,"(3) The organisation must retain a copy of the assessment it conducted in accordance with paragraph 1(2)( a ) of Part 3 of the First Schedule to the Act relating to the collection, use or disclosure of personal data about an individual throughout the period that the organisation collects, uses or discloses personal data about the individual under paragraph 1(1) of Part 3 of the First Schedule to the Act.",This regulation requires organisations to retain a copy of the required assessment for the entire period they collect/use/disclose the individual’s personal data. Maps to P7-I3 because it imposes a minimum retention duration (throughout that period).,https://sso.agc.gov.sg/SL/PDPA2012-S63-2021#pr15-,0.9,Discovery: instrument not in the master dataset for Singapore. Modality: must; exceptions: none,Sectoral,,in_force
Singapore,Platform Workers (Platform Work Associations) Regulations 2024,,,P7-I3,s. 21(1),NEW,#pr21-,"(1) Every registered platform work association must — ( a ) keep proper accounts and records of its transactions and affairs, which must include a cash book, a journal and a general ledger with respect to its transactions, assets and liabilities; ( b ) establish and maintain a system of control to ensure that all payments out of its moneys are correctly made and properly authorised and that adequate control is maintained over the assets of, or in the custody of, the registered platform work association and over the expenditure incurred by it; and ( c ) keep all books of account and their source documents for a period of not less than 5 years.",This section requires registered platform work associations to keep books of account and source documents for not less than 5 years. Maps to P7-I3 because it specifies a minimum retention period (>=5 years).,https://sso.agc.gov.sg/SL/PWA2024-S845-2024#pr21-,0.98,Discovery: instrument not in the master dataset for Singapore. Modality: must; exceptions: none,Sectoral (Platform work associations (platform work sector)),,in_force
Singapore,Platform Workers (Platform Work Associations) Regulations 2024,,,P7-I3,s. 21(2),NEW,#pr21-,"(1) Every registered platform work association must — ( a ) keep proper accounts and records of its transactions and affairs, which must include a cash book, a journal and a general ledger with respect to its transactions, assets and liabilities; ( b ) establish and maintain a system of control to ensure that all payments out of its moneys are correctly made and properly authorised and that adequate control is maintained over the assets of, or in the custody of, the registered platform work association and over the expenditure incurred by it; and ( c ) keep all books of account and their source documents for a period of not less than 5 years.",This section requires registered platform work associations to keep books of account and source documents for at least 5 years. Maps to P7-I3 because it specifies a minimum retention period (>=5 years).,https://sso.agc.gov.sg/SL/PWA2024-S845-2024#pr21-,0.93,Discovery: instrument not in the master dataset for Singapore. Modality: must; exceptions: none,Sectoral (Platform work associations (platform work sector)),,in_force
Singapore,Securities and Futures (Central Depository System) Regulations 2015,,,P7-I3,s. 14,NEW,#pr14-,"The Depository and every depository agent must keep a copy of all records and communications received or given by it which relate to an account holder’s account or sub‑account holder’s account, as the case may be, for a period of not less than 5 years.",This s.14 requires the Depository and depository agents to keep copies of specified records/communications for not less than 5 years. Maps to P7-I3 because it sets a clear minimum retention period (5 years).,https://sso.agc.gov.sg/SL/SFA2001-S848-2015#pr14-,0.98,Discovery: instrument not in the master dataset for Singapore. Modality: must; exceptions: none,Sectoral (Securities and Futures (Central Depository System)),,in_force
Singapore,Trustees (Transparency and Effective Control) Regulations 2017,,,P7-I3,s. 7(2),NEW,#pr7-,"(1) A trustee of a relevant trust must take reasonable steps to ensure that an accurate record of the information obtained under regulations 3A(1), 4(1), 5(1) and 6(1) is — ( a ) kept and maintained in an easily accessible form; ( b ) updated in a timely manner; and ( c ) retained for a period of at least 5 years after the trustee ceases to be a trustee of the relevant trust.",This section requires trustees to retain accurate records for at least 5 years after ceasing to be a trustee. Maps to P7-I3 because it specifies a minimum retention period (>=5 years). Function: data retention requirement.,https://sso.agc.gov.sg/SL/TA1967-S151-2017#pr7-,0.98,Discovery: instrument not in the master dataset for Singapore. Modality: must take reasonable steps to ensure; exceptions: none,Sectoral (Trustees of relevant trusts (trust administration)),,in_force
Singapore,Trustees (Transparency and Effective Control) Regulations 2017,,,P7-I3,s. 7(1),NEW,#pr7-,"(1) A trustee of a relevant trust must take reasonable steps to ensure that an accurate record of the information obtained under regulations 3A(1), 4(1), 5(1) and 6(1) is — ( a ) kept and maintained in an easily accessible form; ( b ) updated in a timely manner; and ( c ) retained for a period of at least 5 years after the trustee ceases to be a trustee of the relevant trust.",This s.7(1) requires trustees to retain accurate records for at least 5 years after they cease being trustee. Maps to P7-I3 because it specifies a minimum retention period (>=5 years).,https://sso.agc.gov.sg/SL/TA1967-S151-2017#pr7-,0.98,Discovery: instrument not in the master dataset for Singapore. Modality: must take reasonable steps to ensure; exceptions: none,Sectoral (Trustees of relevant trusts (Transparency and Effective Control)),,in_force
Singapore,Trustees (Transparency and Effective Control) Regulations 2017,,,P7-I3,s. 8A,NEW,#pr8A-,"A trustee of a relevant trust who ceases to be a trustee of the relevant trust on or after 20 June 2025 must retain possession of the original or a copy of each of the following documents, for a period of at least 5 years after the date of cessation: ( a ) the trust instrument; ( b ) any letter of wishes, side letter or equivalent document from the settlor of the trust.",This section requires trustees who cease on/after 20 June 2025 to retain specified trust documents for at least 5 years. Maps to P7-I3 because it clearly sets a minimum retention period (>=5 years).,https://sso.agc.gov.sg/SL/TA1967-S151-2017#pr8A-,0.98,Discovery: instrument not in the master dataset for Singapore. Modality: must; exceptions: none,Sectoral (Trustees / trust administration (financial/wealth management trust structures)),,in_force
Singapore,Personal Data Protection Act 2012,No. 26 of 2012,,P7-I4,s. 11(3),KNOWN,#pr11-,(3) An organisation must designate one or more individuals to be responsible for ensuring that the organisation complies with this Act.,This section requires organisations to designate one or more individuals responsible for ensuring compliance with the Act. Maps to P7-I4 because it creates a mandatory DPO-like accountability role (designated compliance officer).,https://sso.agc.gov.sg/Act/PDPA2012#pr11-,0.86,Discovery: master dataset already records s. 11 of this law. Modality: must; exceptions: none,Horizontal,,in_force
Singapore,Personal Data Protection Act 2012,No. 26 of 2012,,P7-I4,s. 11(2),KNOWN,#pr11-,(3) An organisation must designate one or more individuals to be responsible for ensuring that the organisation complies with this Act.,This section requires organisations to designate one or more individuals responsible for ensuring compliance with the Act. Maps to P7-I4 because it establishes a mandatory accountability role akin to a DPO.,https://sso.agc.gov.sg/Act/PDPA2012#pr11-,0.86,Discovery: master dataset already records s. 11 of this law. Modality: must; exceptions: none,Horizontal,,in_force
Singapore,Personal Data Protection Act 2012,No. 26 of 2012,,P7-I4,s. 11(5),KNOWN,#pr11-,(3) An organisation must designate one or more individuals to be responsible for ensuring that the organisation complies with this Act.,This section requires organisations to designate one or more individuals responsible for ensuring compliance with the Act. Maps to P7-I4 because it creates a DPO-like accountability role (designation of responsible individual).,https://sso.agc.gov.sg/Act/PDPA2012#pr11-,0.86,Discovery: master dataset already records s. 11 of this law. Modality: must; exceptions: none,Horizontal,,in_force
Singapore,Personal Data Protection Act 2012,No. 26 of 2012,,P7-I4,s. 11(4),KNOWN,#pr11-,(3) An organisation must designate one or more individuals to be responsible for ensuring that the organisation complies with this Act.,This section requires organisations to designate one or more individuals responsible for ensuring compliance with the Act. Maps to P7-I4 because it establishes a mandatory accountability role akin to a DPO requirement (designation of responsible individual).,https://sso.agc.gov.sg/Act/PDPA2012#pr11-,0.86,Discovery: master dataset already records s. 11 of this law. Modality: must; exceptions: none,Horizontal,,in_force
Singapore,Personal Data Protection Act 2012,No. 26 of 2012,,P7-I4,s. 11(1),KNOWN,#pr11-,(3) An organisation must designate one or more individuals to be responsible for ensuring that the organisation complies with this Act.,This section requires organisations to designate one or more individuals responsible for ensuring compliance with the Act. Maps to P7-I4 because it establishes a mandatory DPO-like accountability role (designated compliance officer).,https://sso.agc.gov.sg/Act/PDPA2012#pr11-,0.9,Discovery: master dataset already records s. 11 of this law. Modality: must; exceptions: none,Horizontal,,in_force
Singapore,Personal Data Protection Act 2012,No. 26 of 2012,,P7-I4,s. 11(5A),KNOWN,#pr11-,(3) An organisation must designate one or more individuals to be responsible for ensuring that the organisation complies with this Act.,This section requires organisations to designate one or more individuals responsible for ensuring compliance with the Act. Maps to P7-I4 because it mandates a DPO-like accountability role (designated individual) across sectors.,https://sso.agc.gov.sg/Act/PDPA2012#pr11-,0.86,Discovery: master dataset already records s. 11 of this law. Modality: must; exceptions: none,Horizontal,,in_force
Singapore,Personal Data Protection Act 2012,No. 26 of 2012,,P7-I4,s. 11(6),KNOWN,#pr11-,(3) An organisation must designate one or more individuals to be responsible for ensuring that the organisation complies with this Act.,This section requires organisations to designate one or more individuals responsible for ensuring compliance with the Act. Maps to P7-I4 because it mandates a DPO-like accountability role (designation of responsible individual). Legal function: appointment/designation requirement.,https://sso.agc.gov.sg/Act/PDPA2012#pr11-,0.9,Discovery: master dataset already records s. 11 of this law. Modality: must; exceptions: none,Horizontal,,in_force
Singapore,Personal Data Protection Regulations 2021,,,P7-I4,s. 14(3),NEW,#pr14-,"(2) An assessment mentioned in section 15A(4)( a ) of the Act to determine that a proposed collection, use or disclosure of personal data by an organisation is not likely to have an adverse effect on an individual must specify all of the following information: ( a ) the types and volume of personal data to be collected, used or disclosed, as the case may be; ( b ) the purpose or purposes for which the personal data will be collected, used or disclosed, as the case may be; ( c ) the method or methods by which the personal data will be collected, used or disclosed, as the case may be; ( d ) the mode by which the individual will be notified of the organisation’s proposed collection, use or disclosure (as the case may be) of the individual’s personal data; ( e ) the period within which, and the mode by which, the individual may notify the organisation that the individual does not consent to the organisation’s proposed collection, use or disclosure (as the case may be) of the individual’s personal data; ( f ) the rationale for the period and mode mentioned in sub‑paragraph ( e ).
(3) The organisation must retain a copy of its assessment mentioned in section 15A(4)( a ) of the Act relating to the collection, use or disclosure of personal data about an individual throughout the period that the organisation collects, uses or discloses personal data about the individual under section 15A(2) of the Act.",This regulation requires an assessment of effects for proposed collection/use/disclosure under s.15A(2). Maps to P7-I4 because it mandates a DPIA-like impact assessment as an accountability mechanism (no DPO appointment here).,https://sso.agc.gov.sg/SL/PDPA2012-S63-2021#pr14-,0.78,Discovery: instrument not in the master dataset for Singapore. Modality: must; exceptions: none,Horizontal,,in_force
Singapore,Personal Data Protection Regulations 2021,,,P7-I4,s. 14(1),NEW,#pr14-,"(2) An assessment mentioned in section 15A(4)( a ) of the Act to determine that a proposed collection, use or disclosure of personal data by an organisation is not likely to have an adverse effect on an individual must specify all of the following information: ( a ) the types and volume of personal data to be collected, used or disclosed, as the case may be; ( b ) the purpose or purposes for which the personal data will be collected, used or disclosed, as the case may be; ( c ) the method or methods by which the personal data will be collected, used or disclosed, as the case may be; ( d ) the mode by which the individual will be notified of the organisation’s proposed collection, use or disclosure (as the case may be) of the individual’s personal data; ( e ) the period within which, and the mode by which, the individual may notify the organisation that the individual does not consent to the organisation’s proposed collection, use or disclosure (as the case may be) of the individual’s personal data; ( f ) the rationale for the period and mode mentioned in sub‑paragraph ( e ).
(3) The organisation must retain a copy of its assessment mentioned in section 15A(4)( a ) of the Act relating to the collection, use or disclosure of personal data about an individual throughout the period that the organisation collects, uses or discloses personal data about the individual under section 15A(2) of the Act.",This regulation requires an organisation to conduct an assessment (DPIA-like) for proposed collection/use/disclosure under s.15A(2) and specify required elements. Maps to P7-I4 because it mandates a formal impact assessment accountability mechanism (legal FUNCTION: DPIA requirement).,https://sso.agc.gov.sg/SL/PDPA2012-S63-2021#pr14-,0.72,Discovery: instrument not in the master dataset for Singapore. Modality: must; exceptions: none,Horizontal,,in_force
Singapore,Criminal Procedure Code 2010,Act 15 of 2010,,P7-I5,s. 20(1A),KNOWN,#pr20-,"[19/2018; 10/2021]
(1A) Without limiting subsection (1), where a police officer of or above the rank of sergeant, or an authorised person, considers that any data (other than data in the custody of the Postal Authority, a public postal licensee or the public parcel locker network operator) is necessary or desirable for any investigation, inquiry, trial or other proceeding under this Code, the police officer or authorised person may — ( a ) issue a written order to require a person in whose possession or power the data is believed to be — (i) to authenticate the data; and (ii) to produce the data, at the time and place stated in the order; or ( b ) in the case of any data that is contained in or available to a computer — issue a written order to require a person who is believed to have power to access the data from that computer — (i) to authenticate a copy of the data; and (ii) to produce a copy of the data, at the time and place stated in the order.","This section permits police/authorised persons to issue written orders requiring authentication and production of data. Maps to P7-I5 because access is compelled by police order, not by independent judicial authorization; no court/warrant safeguard appears in this provision.",https://sso.agc.gov.sg/Act/CPC2010#pr20-,0.97,"Discovery: master dataset already records s. 20 of this law. Modality: may issue a written order; exceptions: Data in the custody of the Postal Authority, a public postal licensee or the public parcel locker network operator is excluded from subsection (1A) and addressed elsewhere in subsections (3) and (3A)",Horizontal,,in_force
Singapore,Criminal Procedure Code 2010,Act 15 of 2010,,P7-I5,s. 39(1),KNOWN,#pr39-,"(1) Subject to subsection (1A), a police officer or an authorised person investigating an arrestable offence may, at any time — ( a ) access, inspect and check the operation in or from Singapore of a computer (whether in Singapore or elsewhere) that the police officer or authorised person has reasonable cause to suspect is or has been used in connection with, or contains or contained evidence relating to, the arrestable offence; ( b ) use any such computer in or from Singapore, or cause any such computer to be used in or from Singapore — (i) to search any data contained in or available to such computer; and (ii) to make a copy of any such data; ( c ) prevent any other person from gaining access to, or using, any such computer (including by changing any username, password or other authentication information required to gain access to the computer); or ( d ) order any person — (i) to stop accessing or using or to not access or use any such computer; or (ii) to access or use any such computer only under such conditions as the police officer or authorised person may specify.",This CPC s.39(1) permits police/authorised persons to access and inspect computers for evidence of an arrestable offence. Maps to P7-I5 because it authorises government access to data without independent judicial authorization (no court/warrant requirement).,https://sso.agc.gov.sg/Act/CPC2010#pr39-,0.86,"Discovery: master dataset already records s. 39 of this law. Modality: may; exceptions: Subsection (1A) imposes additional qualification for customer information (authorised officer under specified law), but does not require independent judicial authorization.",Horizontal,,in_force
Singapore,Criminal Procedure Code 2010,Act 15 of 2010,,P7-I5,s. 20(5),KNOWN,#pr20-,"(1) Where a police officer of or above the rank of sergeant, or an authorised person, considers that any document or thing (other than a document or thing in the custody of the Postal Authority, a public postal licensee or the public parcel locker network operator) is necessary or desirable for any investigation, inquiry, trial or other proceeding under this Code, the police officer or authorised person may — ( a ) issue a written order to require a person in whose possession or power the document or thing is believed to be — (i) to produce the document or thing at the time and place stated in the order; (ii) to give a police officer or an authorised person access to the document or thing; or (iii) in the case of a document or thing that is in electronic form — (A) to produce a copy of the document or thing, at the time and place stated in the order; or (B) to give a police officer or an authorised person access to a copy of the document or thing; or ( b ) in the case of a document or thing that is contained in or available to a computer — issue a written order to require a person who is believed to have power to access the document or thing from that computer — (i) to produce a copy of the document or thing, at the time and place stated in the order; or (ii) to give a police officer or an authorised person access to a copy of the document or thing.",This section permits police/authorised persons to issue a written order requiring access to documents/data for investigations. Maps to P7-I5 because it enables government access without independent judicial authorization (court/warrant not required). Function: production/access order power.,https://sso.agc.gov.sg/Act/CPC2010#pr20-,0.86,"Discovery: master dataset already records s. 20 of this law. Modality: may; exceptions: Documents/things in the custody of the Postal Authority, a public postal licensee or the public parcel locker network operator (handled under subsections (3)/(3A) by the Public Prosecutor)",Sectoral (General (non-financial; with separate financial-institution subsections)),,in_force
Singapore,Criminal Procedure Code 2010,Act 15 of 2010,,P7-I5,s. 20(1),KNOWN,#pr20-,"(1) Where a police officer of or above the rank of sergeant, or an authorised person, considers that any document or thing (other than a document or thing in the custody of the Postal Authority, a public postal licensee or the public parcel locker network operator) is necessary or desirable for any investigation, inquiry, trial or other proceeding under this Code, the police officer or authorised person may — ( a ) issue a written order to require a person in whose possession or power the document or thing is believed to be — (i) to produce the document or thing at the time and place stated in the order; (ii) to give a police officer or an authorised person access to the document or thing; or (iii) in the case of a document or thing that is in electronic form — (A) to produce a copy of the document or thing, at the time and place stated in the order; or (B) to give a police officer or an authorised person access to a copy of the document or thing; or ( b ) in the case of a document or thing that is contained in or available to a computer — issue a written order to require a person who is believed to have power to access the document or thing from that computer — (i) to produce a copy of the document or thing, at the time and place stated in the order; or (ii) to give a police officer or an authorised person access to a copy of the document or thing.","This CPC s.20(1) permits police/authorised persons to issue written orders requiring access to documents/data for investigations. It maps to P7-I5 because access is authorised by police/authorised persons, not by an independent court/warrant.",https://sso.agc.gov.sg/Act/CPC2010#pr20-,0.86,"Discovery: master dataset already records s. 20 of this law. Modality: may; exceptions: Document or thing in the custody of the Postal Authority, a public postal licensee or the public parcel locker network operator",Sectoral (Criminal investigations (all persons holding documents/things/data)),,in_force
Singapore,Criminal Procedure Code 2010,Act 15 of 2010,,P7-I5,s. 39(2),KNOWN,#pr39-,"(1) Subject to subsection (1A), a police officer or an authorised person investigating an arrestable offence may, at any time — ( a ) access, inspect and check the operation in or from Singapore of a computer (whether in Singapore or elsewhere) that the police officer or authorised person has reasonable cause to suspect is or has been used in connection with, or contains or contained evidence relating to, the arrestable offence; ( b ) use any such computer in or from Singapore, or cause any such computer to be used in or from Singapore — (i) to search any data contained in or available to such computer; and (ii) to make a copy of any such data; ( c ) prevent any other person from gaining access to, or using, any such computer (including by changing any username, password or other authentication information required to gain access to the computer); or ( d ) order any person — (i) to stop accessing or using or to not access or use any such computer; or (ii) to access or use any such computer only under such conditions as the police officer or authorised person may specify.",This section permits police access to computers for investigations. It maps to P7-I5 because it authorises government access to personal data without independent judicial authorisation; no court order or warrant is required.,https://sso.agc.gov.sg/Act/CPC2010#pr39-,0.97,Discovery: master dataset already records s. 39 of this law. Modality: may; exceptions: Subsection (1A) adds a qualification for customer information: the authorised person must be a specified authorised officer,Horizontal,,in_force
Singapore,Criminal Procedure Code 2010,Act 15 of 2010,,P7-I5,s. 39(1A),KNOWN,#pr39-,"(1) Subject to subsection (1A), a police officer or an authorised person investigating an arrestable offence may, at any time — ( a ) access, inspect and check the operation in or from Singapore of a computer (whether in Singapore or elsewhere) that the police officer or authorised person has reasonable cause to suspect is or has been used in connection with, or contains or contained evidence relating to, the arrestable offence; ( b ) use any such computer in or from Singapore, or cause any such computer to be used in or from Singapore — (i) to search any data contained in or available to such computer; and (ii) to make a copy of any such data; ( c ) prevent any other person from gaining access to, or using, any such computer (including by changing any username, password or other authentication information required to gain access to the computer); or ( d ) order any person — (i) to stop accessing or using or to not access or use any such computer; or (ii) to access or use any such computer only under such conditions as the police officer or authorised person may specify.",This CPC s.39(1A) permits police/authorised persons to access and inspect computers for evidence of an arrestable offence. Maps to P7-I5 because it authorises government access without independent judicial authorisation (court/warrant not required).,https://sso.agc.gov.sg/Act/CPC2010#pr39-,0.86,Discovery: master dataset already records s. 39 of this law. Modality: may; exceptions: Subsection (1A) imposes additional authorisation requirements for customer information (authorised officer types),Horizontal,,in_force
Singapore,Criminal Procedure Code 2010,Act 15 of 2010,,P7-I5,s. 39(2B),KNOWN,#pr39-,"(1) Subject to subsection (1A), a police officer or an authorised person investigating an arrestable offence may, at any time — ( a ) access, inspect and check the operation in or from Singapore of a computer (whether in Singapore or elsewhere) that the police officer or authorised person has reasonable cause to suspect is or has been used in connection with, or contains or contained evidence relating to, the arrestable offence; ( b ) use any such computer in or from Singapore, or cause any such computer to be used in or from Singapore — (i) to search any data contained in or available to such computer; and (ii) to make a copy of any such data; ( c ) prevent any other person from gaining access to, or using, any such computer (including by changing any username, password or other authentication information required to gain access to the computer); or ( d ) order any person — (i) to stop accessing or using or to not access or use any such computer; or (ii) to access or use any such computer only under such conditions as the police officer or authorised person may specify.",This section permits police access to computers for investigations. Maps to P7-I5 because it authorises government access to personal data without independent judicial authorisation; no court order/warrant is required for subsection (1).,https://sso.agc.gov.sg/Act/CPC2010#pr39-,0.97,"Discovery: master dataset already records s. 39 of this law. Modality: may; exceptions: Subsection (1A) adds a restriction where the data is customer information, limiting who may be an authorised person; it does not require judicial authorisation",Horizontal,,in_force
Singapore,Criminal Procedure Code 2010,Act 15 of 2010,,P7-I5,s. 39(2A),KNOWN,#pr39-,"(1) Subject to subsection (1A), a police officer or an authorised person investigating an arrestable offence may, at any time — ( a ) access, inspect and check the operation in or from Singapore of a computer (whether in Singapore or elsewhere) that the police officer or authorised person has reasonable cause to suspect is or has been used in connection with, or contains or contained evidence relating to, the arrestable offence; ( b ) use any such computer in or from Singapore, or cause any such computer to be used in or from Singapore — (i) to search any data contained in or available to such computer; and (ii) to make a copy of any such data; ( c ) prevent any other person from gaining access to, or using, any such computer (including by changing any username, password or other authentication information required to gain access to the computer); or ( d ) order any person — (i) to stop accessing or using or to not access or use any such computer; or (ii) to access or use any such computer only under such conditions as the police officer or authorised person may specify.",This CPC s.39(2A)(1) permits police to access/inspect computers for an arrestable offence on reasonable suspicion. Maps to P7-I5 because it authorises government access without independent judicial authorisation (court/warrant not required). Function: police power of computer access.,https://sso.agc.gov.sg/Act/CPC2010#pr39-,0.86,Discovery: master dataset already records s. 39 of this law. Modality: may; exceptions: Subsection (1A) imposes additional authorisation requirements where the data is 'customer information' (authorised officer types).; Subsection (2B) allows exercise for computers outside Singapore only with owner consent or via other investigation powers under written law (not a judicial authorisation requirement).,Horizontal,,in_force
Singapore,Criminal Procedure Code 2010,Act 15 of 2010,,P7-I5,s. 20(3A),KNOWN,#pr20-,"[19/2018; 10/2021]
(1A) Without limiting subsection (1), where a police officer of or above the rank of sergeant, or an authorised person, considers that any data (other than data in the custody of the Postal Authority, a public postal licensee or the public parcel locker network operator) is necessary or desirable for any investigation, inquiry, trial or other proceeding under this Code, the police officer or authorised person may — ( a ) issue a written order to require a person in whose possession or power the data is believed to be — (i) to authenticate the data; and (ii) to produce the data, at the time and place stated in the order; or ( b ) in the case of any data that is contained in or available to a computer — issue a written order to require a person who is believed to have power to access the data from that computer — (i) to authenticate a copy of the data; and (ii) to produce a copy of the data, at the time and place stated in the order.","This section permits police/authorised persons to issue written orders for data production. Maps to P7-I5 because access is authorised by police order, not by an independent judicial warrant/court order. Function: information production order.",https://sso.agc.gov.sg/Act/CPC2010#pr20-,0.95,"Discovery: master dataset already records s. 20 of this law. Modality: may; exceptions: Data in the custody of the Postal Authority, a public postal licensee or the public parcel locker network operator is excluded from subsection (1A) and addressed in subsection (3A)",Horizontal,,in_force
Singapore,Criminal Procedure Code 2010,Act 15 of 2010,,P7-I5,s. 39(3),KNOWN,#pr39-,"(1) Subject to subsection (1A), a police officer or an authorised person investigating an arrestable offence may, at any time — ( a ) access, inspect and check the operation in or from Singapore of a computer (whether in Singapore or elsewhere) that the police officer or authorised person has reasonable cause to suspect is or has been used in connection with, or contains or contained evidence relating to, the arrestable offence; ( b ) use any such computer in or from Singapore, or cause any such computer to be used in or from Singapore — (i) to search any data contained in or available to such computer; and (ii) to make a copy of any such data; ( c ) prevent any other person from gaining access to, or using, any such computer (including by changing any username, password or other authentication information required to gain access to the computer); or ( d ) order any person — (i) to stop accessing or using or to not access or use any such computer; or (ii) to access or use any such computer only under such conditions as the police officer or authorised person may specify.",This section permits police/authorised persons to access and inspect computers. Maps to P7-I5 because it authorises government access to data without any independent judicial authorization; no warrant/court order is required.,https://sso.agc.gov.sg/Act/CPC2010#pr39-,0.97,"Discovery: master dataset already records s. 39 of this law. Modality: may; exceptions: Where the data is customer information, subsection (1A) requires the authorised person to be a specified authorised officer; this does not add judicial authorization",Horizontal,,in_force
Singapore,Criminal Procedure Code 2010,Act 15 of 2010,,P7-I5,s. 39(4),KNOWN,#pr39-,"(1) Subject to subsection (1A), a police officer or an authorised person investigating an arrestable offence may, at any time — ( a ) access, inspect and check the operation in or from Singapore of a computer (whether in Singapore or elsewhere) that the police officer or authorised person has reasonable cause to suspect is or has been used in connection with, or contains or contained evidence relating to, the arrestable offence; ( b ) use any such computer in or from Singapore, or cause any such computer to be used in or from Singapore — (i) to search any data contained in or available to such computer; and (ii) to make a copy of any such data; ( c ) prevent any other person from gaining access to, or using, any such computer (including by changing any username, password or other authentication information required to gain access to the computer); or ( d ) order any person — (i) to stop accessing or using or to not access or use any such computer; or (ii) to access or use any such computer only under such conditions as the police officer or authorised person may specify.",This section permits police/authorised persons to access computers and data for investigations. Maps to P7-I5 because it authorises government access to personal data without any independent judicial authorization; no warrant/court order is required. Function: investigative access power.,https://sso.agc.gov.sg/Act/CPC2010#pr39-,0.97,"Discovery: master dataset already records s. 39 of this law. Modality: may; exceptions: Subsection (1A) adds a qualification where the data is customer information, requiring specified authorised officers; this does not introduce judicial authorization",Horizontal,,in_force
Singapore,Criminal Procedure Code 2010,Act 15 of 2010,,P7-I5,s. 39(5),KNOWN,#pr39-,"(1) Subject to subsection (1A), a police officer or an authorised person investigating an arrestable offence may, at any time — ( a ) access, inspect and check the operation in or from Singapore of a computer (whether in Singapore or elsewhere) that the police officer or authorised person has reasonable cause to suspect is or has been used in connection with, or contains or contained evidence relating to, the arrestable offence; ( b ) use any such computer in or from Singapore, or cause any such computer to be used in or from Singapore — (i) to search any data contained in or available to such computer; and (ii) to make a copy of any such data; ( c ) prevent any other person from gaining access to, or using, any such computer (including by changing any username, password or other authentication information required to gain access to the computer); or ( d ) order any person — (i) to stop accessing or using or to not access or use any such computer; or (ii) to access or use any such computer only under such conditions as the police officer or authorised person may specify.",This CPC s.39(5)(1) permits police/authorised persons to access/inspect computers for evidence of an arrestable offence. Maps to P7-I5 because it authorises government access without independent judicial authorisation (court/warrant not required). Function: police power of computer access.,https://sso.agc.gov.sg/Act/CPC2010#pr39-,0.86,Discovery: master dataset already records s. 39 of this law. Modality: may; exceptions: Subsection (1A) limits who may exercise the power when the data is customer information (authorised officer requirements),Horizontal,,in_force
Singapore,Criminal Procedure Code 2010,Act 15 of 2010,,P7-I5,s. 39(6),KNOWN,#pr39-,"(1) Subject to subsection (1A), a police officer or an authorised person investigating an arrestable offence may, at any time — ( a ) access, inspect and check the operation in or from Singapore of a computer (whether in Singapore or elsewhere) that the police officer or authorised person has reasonable cause to suspect is or has been used in connection with, or contains or contained evidence relating to, the arrestable offence; ( b ) use any such computer in or from Singapore, or cause any such computer to be used in or from Singapore — (i) to search any data contained in or available to such computer; and (ii) to make a copy of any such data; ( c ) prevent any other person from gaining access to, or using, any such computer (including by changing any username, password or other authentication information required to gain access to the computer); or ( d ) order any person — (i) to stop accessing or using or to not access or use any such computer; or (ii) to access or use any such computer only under such conditions as the police officer or authorised person may specify.",This section permits police access to computers and data. Maps to P7-I5 because it authorises government access to personal data without any independent judicial authorization; no court order/warrant is required.,https://sso.agc.gov.sg/Act/CPC2010#pr39-,0.97,"Discovery: master dataset already records s. 39 of this law. Modality: may; exceptions: Subsection (1A) adds a special rule for customer information, but does not require a court order or warrant; Subsection (2B) adds consent/other written-law pathways for computers outside Singapore or location-unknown computers",Horizontal,,in_force
Singapore,Criminal Procedure Code 2010,Act 15 of 2010,,P7-I5,s. 20(2),KNOWN,#pr20-,"(1) Where a police officer of or above the rank of sergeant, or an authorised person, considers that any document or thing (other than a document or thing in the custody of the Postal Authority, a public postal licensee or the public parcel locker network operator) is necessary or desirable for any investigation, inquiry, trial or other proceeding under this Code, the police officer or authorised person may — ( a ) issue a written order to require a person in whose possession or power the document or thing is believed to be — (i) to produce the document or thing at the time and place stated in the order; (ii) to give a police officer or an authorised person access to the document or thing; or (iii) in the case of a document or thing that is in electronic form — (A) to produce a copy of the document or thing, at the time and place stated in the order; or (B) to give a police officer or an authorised person access to a copy of the document or thing; or ( b ) in the case of a document or thing that is contained in or available to a computer — issue a written order to require a person who is believed to have power to access the document or thing from that computer — (i) to produce a copy of the document or thing, at the time and place stated in the order; or (ii) to give a police officer or an authorised person access to a copy of the document or thing.",This Criminal Procedure Code permits police/authorised persons to issue written orders requiring production or granting access to documents/things/data for investigations. It maps to P7-I5 because access is authorised by police/authorised persons without independent judicial authorisation (court/war,https://sso.agc.gov.sg/Act/CPC2010#pr20-,0.86,"Discovery: master dataset already records s. 20 of this law. Modality: may; exceptions: Document or thing in the custody of the Postal Authority, a public postal licensee or the public parcel locker network operator (excluded from subsection (1) orders)",Sectoral (Law enforcement / criminal investigations),,in_force
Singapore,Criminal Procedure Code 2010,Act 15 of 2010,,P7-I5,s. 20(2A),KNOWN,#pr20-,"[19/2018; 10/2021]
(1A) Without limiting subsection (1), where a police officer of or above the rank of sergeant, or an authorised person, considers that any data (other than data in the custody of the Postal Authority, a public postal licensee or the public parcel locker network operator) is necessary or desirable for any investigation, inquiry, trial or other proceeding under this Code, the police officer or authorised person may — ( a ) issue a written order to require a person in whose possession or power the data is believed to be — (i) to authenticate the data; and (ii) to produce the data, at the time and place stated in the order; or ( b ) in the case of any data that is contained in or available to a computer — issue a written order to require a person who is believed to have power to access the data from that computer — (i) to authenticate a copy of the data; and (ii) to produce a copy of the data, at the time and place stated in the order.",This section permits police/authorised persons to issue written orders for data production. Maps to P7-I5 because it authorises government access to personal data without any independent judicial authorization; no court/warrant safeguard is required.,https://sso.agc.gov.sg/Act/CPC2010#pr20-,0.98,"Discovery: master dataset already records s. 20 of this law. Modality: may; exceptions: Data in the custody of the Postal Authority, a public postal licensee or the public parcel locker network operator (excluded from subsection (1A) power)",Horizontal,,in_force
Singapore,Criminal Procedure Code 2010,Act 15 of 2010,,P7-I5,s. 20(3),KNOWN,#pr20-,"(1) Where a police officer of or above the rank of sergeant, or an authorised person, considers that any document or thing (other than a document or thing in the custody of the Postal Authority, a public postal licensee or the public parcel locker network operator) is necessary or desirable for any investigation, inquiry, trial or other proceeding under this Code, the police officer or authorised person may — ( a ) issue a written order to require a person in whose possession or power the document or thing is believed to be — (i) to produce the document or thing at the time and place stated in the order; (ii) to give a police officer or an authorised person access to the document or thing; or (iii) in the case of a document or thing that is in electronic form — (A) to produce a copy of the document or thing, at the time and place stated in the order; or (B) to give a police officer or an authorised person access to a copy of the document or thing; or ( b ) in the case of a document or thing that is contained in or available to a computer — issue a written order to require a person who is believed to have power to access the document or thing from that computer — (i) to produce a copy of the document or thing, at the time and place stated in the order; or (ii) to give a police officer or an authorised person access to a copy of the document or thing.",This Criminal Procedure Code permits a police officer/authorised person to issue a written order requiring access to documents/things (including electronic copies) for investigations. Maps to P7-I5 because it authorises government access without independent judicial authorization (court/warrant).,https://sso.agc.gov.sg/Act/CPC2010#pr20-,0.86,"Discovery: master dataset already records s. 20 of this law. Modality: may; exceptions: Documents/things in the custody of the Postal Authority, a public postal licensee or the public parcel locker network operator (handled under subsections (3) and (3A) by the Public Prosecutor)",Horizontal,,in_force
Singapore,Criminal Procedure Code 2010,Act 15 of 2010,,P7-I5,s. 20(4),KNOWN,#pr20-,"[19/2018; 10/2021]
(1A) Without limiting subsection (1), where a police officer of or above the rank of sergeant, or an authorised person, considers that any data (other than data in the custody of the Postal Authority, a public postal licensee or the public parcel locker network operator) is necessary or desirable for any investigation, inquiry, trial or other proceeding under this Code, the police officer or authorised person may — ( a ) issue a written order to require a person in whose possession or power the data is believed to be — (i) to authenticate the data; and (ii) to produce the data, at the time and place stated in the order; or ( b ) in the case of any data that is contained in or available to a computer — issue a written order to require a person who is believed to have power to access the data from that computer — (i) to authenticate a copy of the data; and (ii) to produce a copy of the data, at the time and place stated in the order.","This section permits police/authorised persons to issue written orders requiring production of data. Maps to P7-I5 because government access to personal data is authorised by executive order, not independent judicial authorization; no court/warrant is required. Function: investigative production ord",https://sso.agc.gov.sg/Act/CPC2010#pr20-,0.97,"Discovery: master dataset already records s. 20 of this law. Modality: may issue a written order; exceptions: Data in the custody of the Postal Authority, a public postal licensee or the public parcel locker network operator",Horizontal,,in_force
Singapore,Criminal Procedure Code 2010,Act 15 of 2010,,P7-I5,s. 20(6),KNOWN,#pr20-,"[19/2018; 10/2021]
(1A) Without limiting subsection (1), where a police officer of or above the rank of sergeant, or an authorised person, considers that any data (other than data in the custody of the Postal Authority, a public postal licensee or the public parcel locker network operator) is necessary or desirable for any investigation, inquiry, trial or other proceeding under this Code, the police officer or authorised person may — ( a ) issue a written order to require a person in whose possession or power the data is believed to be — (i) to authenticate the data; and (ii) to produce the data, at the time and place stated in the order; or ( b ) in the case of any data that is contained in or available to a computer — issue a written order to require a person who is believed to have power to access the data from that computer — (i) to authenticate a copy of the data; and (ii) to produce a copy of the data, at the time and place stated in the order.","This section permits police officers or authorised persons to issue written orders requiring production/access to data. Maps to P7-I5 because government access is authorised by executive order, not by an independent judicial warrant/court order. Function: compulsory data production/access.",https://sso.agc.gov.sg/Act/CPC2010#pr20-,0.97,"Discovery: master dataset already records s. 20 of this law. Modality: may; exceptions: Data in the custody of the Postal Authority, a public postal licensee or the public parcel locker network operator (excluded from subsection (1A))",Horizontal,,in_force
Singapore,Criminal Procedure Code 2010,Act 15 of 2010,,P7-I5,s. 20(7),KNOWN,#pr20-,"(1) Where a police officer of or above the rank of sergeant, or an authorised person, considers that any document or thing (other than a document or thing in the custody of the Postal Authority, a public postal licensee or the public parcel locker network operator) is necessary or desirable for any investigation, inquiry, trial or other proceeding under this Code, the police officer or authorised person may — ( a ) issue a written order to require a person in whose possession or power the document or thing is believed to be — (i) to produce the document or thing at the time and place stated in the order; (ii) to give a police officer or an authorised person access to the document or thing; or (iii) in the case of a document or thing that is in electronic form — (A) to produce a copy of the document or thing, at the time and place stated in the order; or (B) to give a police officer or an authorised person access to a copy of the document or thing; or ( b ) in the case of a document or thing that is contained in or available to a computer — issue a written order to require a person who is believed to have power to access the document or thing from that computer — (i) to produce a copy of the document or thing, at the time and place stated in the order; or (ii) to give a police officer or an authorised person access to a copy of the document or thing.",This section permits police/authorised persons to issue written orders compelling access to documents/data for investigations. Maps to P7-I5 because access is authorised by police/authorised persons without independent judicial authorisation; no court order/warrant is required.,https://sso.agc.gov.sg/Act/CPC2010#pr20-,0.98,"Discovery: master dataset already records s. 20 of this law. Modality: may; exceptions: Documents or things in the custody of the Postal Authority, a public postal licensee or the public parcel locker network operator are excluded from subsections (1) and (1A) and are addressed separately in subsections (3) and (3A)",Sectoral (General (non-financial; excludes Postal Authority/public postal licensee/public parcel locker network operator)),,in_force
Singapore,Criminal Procedure Code 2010,Act 15 of 2010,,P7-I5,s. 20(8),KNOWN,#pr20-,"(1) Where a police officer of or above the rank of sergeant, or an authorised person, considers that any document or thing (other than a document or thing in the custody of the Postal Authority, a public postal licensee or the public parcel locker network operator) is necessary or desirable for any investigation, inquiry, trial or other proceeding under this Code, the police officer or authorised person may — ( a ) issue a written order to require a person in whose possession or power the document or thing is believed to be — (i) to produce the document or thing at the time and place stated in the order; (ii) to give a police officer or an authorised person access to the document or thing; or (iii) in the case of a document or thing that is in electronic form — (A) to produce a copy of the document or thing, at the time and place stated in the order; or (B) to give a police officer or an authorised person access to a copy of the document or thing; or ( b ) in the case of a document or thing that is contained in or available to a computer — issue a written order to require a person who is believed to have power to access the document or thing from that computer — (i) to produce a copy of the document or thing, at the time and place stated in the order; or (ii) to give a police officer or an authorised person access to a copy of the document or thing.","This section permits police/authorised persons to issue written orders requiring access to documents or data for investigations. Maps to P7-I5 because government access is authorised by law enforcement without independent judicial authorization; the safeguard is only a written order, not a court war",https://sso.agc.gov.sg/Act/CPC2010#pr20-,0.98,"Discovery: master dataset already records s. 20 of this law. Modality: may issue a written order; exceptions: Documents or things in the custody of the Postal Authority, a public postal licensee or the public parcel locker network operator are excluded from subsections (1) and (1A) and are dealt with separately in subsections (3) and (3A)",Horizontal,,in_force
Singapore,Criminal Procedure Code 2010,Act 15 of 2010,,P7-I5,s. 20(9),KNOWN,#pr20-,"(1) Where a police officer of or above the rank of sergeant, or an authorised person, considers that any document or thing (other than a document or thing in the custody of the Postal Authority, a public postal licensee or the public parcel locker network operator) is necessary or desirable for any investigation, inquiry, trial or other proceeding under this Code, the police officer or authorised person may — ( a ) issue a written order to require a person in whose possession or power the document or thing is believed to be — (i) to produce the document or thing at the time and place stated in the order; (ii) to give a police officer or an authorised person access to the document or thing; or (iii) in the case of a document or thing that is in electronic form — (A) to produce a copy of the document or thing, at the time and place stated in the order; or (B) to give a police officer or an authorised person access to a copy of the document or thing; or ( b ) in the case of a document or thing that is contained in or available to a computer — issue a written order to require a person who is believed to have power to access the document or thing from that computer — (i) to produce a copy of the document or thing, at the time and place stated in the order; or (ii) to give a police officer or an authorised person access to a copy of the document or thing.",This section establishes an investigative production/access order. Maps to P7-I5 because police/authorised persons may compel access by written order without any independent judicial authorization; the judicial safeguard is absent here.,https://sso.agc.gov.sg/Act/CPC2010#pr20-,0.98,"Discovery: master dataset already records s. 20 of this law. Modality: may; exceptions: documents or things in the custody of the Postal Authority, a public postal licensee or the public parcel locker network operator are excluded from subsection (1) and addressed separately in subsections (3) and (3A)",Sectoral (Law enforcement / criminal investigations),,in_force
Singapore,Criminal Procedure Code 2010,Act 15 of 2010,,P7-I5,s. 34(1),NEW,#pr34-,"(1) A police officer investigating an arrestable offence may, without a search warrant, search or cause a search to be made for a document or other thing in any place where he or she has reason to believe the document or thing is located if — ( a ) the police officer considers the document or thing to be necessary for his or her investigation and if the police officer has reason to believe that — (i) a person who has been or may be issued with an order under section 20(1) will not or is unlikely to produce the document or thing or give access to it as directed in the order; or (ii) the document or thing is in the possession or power of a person who is reasonably suspected of having committed the arrestable offence; [Act 5 of 2024 wef 01/08/2024] ( b ) the police officer has reason to believe that the document or thing, which he or she considers to be necessary for his or her investigation, is likely to be removed; or ( c ) it is not known who possesses the document or thing which he or she considers to be necessary for his or her investigation.",This section permits police to search for documents/things without a search warrant. Maps to P7-I5 because government access is exercisable without independent judicial authorization; the judicial safeguard is absent here. Function: warrantless search power.,https://sso.agc.gov.sg/Act/CPC2010#pr34-,0.98,"Discovery: instrument is known but s. 34 is not among its recorded provisions (['20', '39']). Modality: may, without a search warrant; exceptions: No search warrant is required; this is an express warrantless-access power rather than a court-gated one",Sectoral (criminal procedure / law enforcement),,in_force
Singapore,Criminal Procedure Code 2010,Act 15 of 2010,,P7-I5,s. 40(2),NEW,#pr40-,"(2) The police officer or authorised person mentioned in subsection (1) is entitled to — ( a ) access any information, code or technology which has the capability of retransforming or unscrambling encrypted data into readable and comprehensible format or text for the purposes of investigating the arrestable offence; ( b ) require — (i) any person whom the police officer or authorised person reasonably suspects of using a computer in connection with an arrestable offence or of having used it in this way; or (ii) any person having charge of, or otherwise concerned with the operation of, such computer, to provide the police officer or authorised person with such reasonable technical and other assistance as he or she may require for the purposes of paragraph ( a ); and ( c ) require any person whom the police officer or authorised person reasonably suspects to be in possession of any decryption information to grant the police officer or authorised person access to such decryption information as may be necessary to decrypt any data required for the purposes of investigating the arrestable offence.","This section permits police access to decryption information and related assistance. Maps to P7-I5 because the power is authorised by Public Prosecutor order, not by an independent judicial warrant/court order.",https://sso.agc.gov.sg/Act/CPC2010#pr40-,0.95,"Discovery: instrument is known but s. 40 is not among its recorded provisions (['20', '39']). Modality: is entitled to; may require; exceptions: Obstruction or non-compliance is criminalised under subsection (3); Good-faith compliance gives immunity from liability under subsection (8)",Sectoral (Criminal procedure / law enforcement),,in_force
Singapore,Customs Act 1960,,,P7-I5,s. 110A(1),NEW,#pr110A-,"(2) Without affecting any powers under section 101 or 110, the Magistrate, senior officer of customs, officer of customs or auxiliary police officer (as the case may be) (each called X ) may, in connection with the exercise of any power mentioned in subsection (1), do all or any of the following in respect of any computer or associated device found in or at the dwelling house, shop or other building or place concerned, as the case may be: ( a ) inspect the operation of the computer or associated device, and any data contained in or available to it, if X reasonably believes that the computer or associated device contains data, or data is available to it, that — (i) relates to any transaction or dealing in any of the goods mentioned in section 101, 103 or 110, as the case may be; or (ii) is evidential material that is relevant to an offence under this Act, any breach of the provisions of this Act or of any restriction or condition subject to or upon which any licence or permit has been granted; ( b ) require — (i) the person by whom or on whose behalf the computer or associated device is or has been so used; or (ii) any person having charge of, or otherwise concerned with the operation of, the computer or associated device, to provide X with any reasonable assistance that he or she may require for the purpose of paragraph ( a ); ( c ) without payment, make copies of, or take extracts from, any data contained in or available to the computer or associated device; ( d ) without payment, take possession of the computer or associated device where, in X ’s opinion — (i) the inspection of the computer or associated device, or the inspection or copying of or the taking of any extract from, any data contained in or available to the computer or associated device, cannot reasonably be performed without taking possession; (ii) the computer or associated device may be interfered with or destroyed unless possession is taken; or (iii) the computer or associated device may be required as evidence in proceedings instituted or commenced for any purpose of, or in connection with, this Act; ( e ) take onto the premises any equipment and material that X requires for the purpose of exercising any power under this section; ( f ) operate any electronic equipment on the premises for the purpose of exercising any power under this section.",This section permits customs officers and related officials to inspect and copy computer data during customs searches. Maps to P7-I5 because the access power is exercised under statutory authority without any requirement for independent judicial authorization; the warrant/court-order safeguard lies ,https://sso.agc.gov.sg/Act/CA1960#pr110A-,0.93,"Discovery: instrument not in the master dataset for Singapore. Modality: may; exceptions: Without affecting any powers under section 101 or 110; Subsection (1) includes some pathways that require a warrant under section 101 or an authorisation under section 110, but the data-access power itself is not independently court-gated",Sectoral (Customs/border enforcement),,in_force
Singapore,Customs Act 1960,,,P7-I5,s. 103(2),NEW,#pr103-,"(2) The senior officer of customs may exercise in, upon and in respect of that dwelling house, shop or other building or place — ( a ) all the powers mentioned in section 101 as if the officer were authorised to do so by a warrant issued under that section, except in relation to any computer or associated device; and ( b ) all the powers mentioned in section 110A with respect to any computer or associated device.","This section permits warrantless search/access by a senior customs officer. Maps to P7-I5 because access to personal data can occur without independent judicial authorization; the warrant language is only a fiction for s.101 powers, while s.110A powers are still officer-exercisable.",https://sso.agc.gov.sg/Act/CA1960#pr103-,0.91,Discovery: instrument not in the master dataset for Singapore. Modality: may; exceptions: except in relation to any computer or associated device for section 101 powers,Sectoral (Customs enforcement / border control),,in_force
Singapore,Cybersecurity Act 2018,No. 9 of 2018,,P7-I5,s. 19(1),NEW,#pr19-,"(1) Where information regarding a cybersecurity threat or incident has been received by the Commissioner, the Commissioner may exercise, or may authorise the Deputy Commissioner, an Assistant Commissioner, a cybersecurity officer or an authorised officer to exercise, such of the powers mentioned in subsection (2) as are necessary to investigate the cybersecurity threat or incident, for the purpose of — ( a ) assessing the impact or potential impact of the cybersecurity threat or incident; ( b ) preventing any or further harm arising from the cybersecurity incident; or ( c ) preventing a further cybersecurity incident from arising from that cybersecurity threat or incident.",This section permits the Commissioner to authorise incident response officers to exercise investigation powers to obtain records/information. It maps to P7-I5 because access is not conditioned on prior independent judicial authorisation (court only appears as a fallback for non-compliance).,https://sso.agc.gov.sg/Act/CA2018#pr19-,0.74,Discovery: instrument is known but s. 19 is not among its recorded provisions (none recorded). Modality: may (authorise); exceptions: No independent judicial authorisation is required for the initial notices/powers under s.19(2); a Magistrate order is only available if a person fails to comply with a written notice under s.19(2)(a) (s.19(5)).,Sectoral,,in_force
Singapore,Telecommunications Act 1999,Act 43 of 1999,,P7-I5,s. 79(1),NEW,#pr79-,"(1) An officer of the Authority who is authorised by the Authority for the purpose of this section (called in this section the authorised officer) may, for the purposes of investigating an offence under this Act, do all or any of the following: ( a ) require any person whom the authorised officer reasonably believes to have committed that offence to furnish evidence of that person’s identity; ( b ) require, by written notice, any person within the limits of Singapore, who appears to be acquainted with the facts or circumstances of the matter to attend before the authorised officer; ( c ) examine orally any person who appears to be acquainted with the facts or circumstances of the matter — (i) whether before or after that person or anyone else is charged with an offence in connection with the matter; or (ii) whether or not that person is to be called as a witness in any inquiry, trial or other proceeding in connection with the matter. [22/2016]
(2) A person examined under subsection (1)( c ) is bound to state truly what the person knows of the facts and circumstances of the matter, except that the person need not say anything that might expose the person to a criminal charge or punishment. [22/2016]
(3) A statement made by a person examined under subsection (1)( c ) must — ( a ) be reduced to writing; ( b ) be read over to the person; ( c ) if the person does not understand English, be interpreted in a language that the person understands; and ( d ) after correction (if necessary), be signed by the person. [22/2016]
(4) Any person who — ( a ) without reasonable excuse, fails to furnish the information required of that person under subsection (1)( a ); ( b ) without reasonable excuse, fails to comply with a notice issued to that person under subsection (1)( b ); or ( c ) furnishes any information or makes any statement under this section which the person knows to be false or misleading in any material particular, shall be guilty of an offence.",This section permits an authorised Authority officer to require a person to furnish evidence of identity for investigating offences. Maps to P7-I5 because it enables government access to personal data without independent judicial authorization (no court/warrant requirement). Function: enforcement in,https://sso.agc.gov.sg/Act/TA1999#pr79-,0.74,"Discovery: instrument is known but s. 79 is not among its recorded provisions (['10', '2.3', '26', '38', '7', '7.3.1', '8.1.4', '92']). Modality: may; exceptions: none",Sectoral (Telecommunications),,in_force
Singapore,Telecommunications Act 1999,Act 43 of 1999,,P7-I5,s. 78(2),NEW,#pr78-,"[10/2005]
(3) The Authority or the authorised officer has, at all reasonable times in the day, full and free access to all buildings, places, books, documents and other papers for the purpose of conducting an investigation or discharging functions of the Authority under this Act, and may, without payment, inspect, copy or make extracts from any such books, documents or papers. [10/2005]
(4) The Authority may take possession of any equipment, books, documents or papers where in its opinion — ( a ) the equipment, books, documents or papers may be interfered with or destroyed unless possession is taken; or ( b ) the equipment, books, documents or papers may be required as evidence in proceedings for an offence under this Act or any regulations made under this Act.",This section permits the Authority/authorised officer to access and inspect/copy documents during investigations. Maps to P7-I5 because it enables government access to personal data without independent judicial authorization (no court/warrant requirement). Function: enforcement investigation informa,https://sso.agc.gov.sg/Act/TA1999#pr78-,0.74,"Discovery: instrument is known but s. 78 is not among its recorded provisions (['10', '2.3', '26', '38', '7', '7.3.1', '8.1.4', '92']). Modality: may (and has access); exceptions: A person is not obliged under this section to disclose any particulars as to which the person is under any statutory obligation to observe secrecy. (subsection (9))",Sectoral (Telecommunications),,in_force
Malaysia,Personal Data Protection Act 2010 (Act 709),,,P6-I1,n/a,KNOWN,n/a,NO_EVIDENCE_FOUND_PENDING_REVIEW,"No qualifying provision found for P6-I1 after a full-corpus sweep. The configured governing law is cited as the reference basis (score-0 pattern, A3).",https://lom.agc.gov.my/act-detail.php?act=709,0.6,Absence row (NO_EVIDENCE_FOUND_PENDING_REVIEW): human approval required before this becomes a score-0 final row (P3.5 A3).,Horizontal,,in_force
Malaysia,Personal Data Protection Act 2010 (Act 709),,,P6-I2,n/a,KNOWN,n/a,NO_EVIDENCE_FOUND_PENDING_REVIEW,"No qualifying provision found for P6-I2 after a full-corpus sweep. The configured governing law is cited as the reference basis (score-0 pattern, A3).",https://lom.agc.gov.my/act-detail.php?act=709,0.6,Absence row (NO_EVIDENCE_FOUND_PENDING_REVIEW): human approval required before this becomes a score-0 final row (P3.5 A3).,Horizontal,,in_force
Malaysia,Personal Data Protection Act 2010 (Act 709),,,P6-I3,n/a,KNOWN,n/a,NO_EVIDENCE_FOUND_PENDING_REVIEW,"No qualifying provision found for P6-I3 after a full-corpus sweep. The configured governing law is cited as the reference basis (score-0 pattern, A3).",https://lom.agc.gov.my/act-detail.php?act=709,0.6,Absence row (NO_EVIDENCE_FOUND_PENDING_REVIEW): human approval required before this becomes a score-0 final row (P3.5 A3).,Horizontal,,in_force
Malaysia,Personal Data Protection Code Of Practice For Banking Sector And Financial Institutions 2017,,,P6-I4,s. 4.10.3,KNOWN,page 51,"4.10.3 Based on the above, it is recommended that Data Users: 
 
(i) 
address the issue of the transfer of personal data abroad either within their 
respective Privacy Notices or by addressing the same within the contract 
between the Data User and Data Subject; and 
 
(ii) 
ensure that binding letters are exchanged or appropriate contractual clauses 
are inserted into contracts with overseas recipients of personal  data, in order 
to safeguard the transferred personal data as required by the Act, as expanded 
in 4.10.4 below.","This section recommends that Data Users ensure binding letters or contractual clauses for overseas recipients. Maps to P6-I4 because it sets conditional safeguards for cross-border personal data transfers, not a ban. Function: contractual safeguards for transfer.",https://www.pdp.gov.my/ppdpv1/wp-content/uploads/2024/08/170816-ABM-Code-Of-Practice-CLOcv04-FINAL_CLEAN.pdf,0.96,Discovery: master dataset already records s. 4.10.3 of this law. Modality: should (recommended); exceptions: none,Sectoral (Banking and financial institutions),,in_force
Malaysia,Personal Data Protection Act (Act 709) 2010,,,P6-I4,s. 129(1),KNOWN,page 180,"(1) A data user shall not transfer any personal data of a 
data subject to a place outside Malaysia unless to such place 
as specified by the Minister, upon the recommendation of the 
Commissioner, by notification published in the Gazette.",This section prohibits cross-border transfer of personal data unless specified conditions are met. Maps to P6-I4 because it creates a conditional flow regime: transfer is permitted when destination approval/adequacy or listed exceptions are satisfied.,https://www.pdp.gov.my/ppdpv1/wp-content/uploads/2024/07/UNDANG-UNDANG-MALAYSIA_AKTA_PERLINDUNGAN_DATA_PERIBADI_2010_709_MALAY_AND-ENG_V2022.pdf,0.98,"Discovery: master dataset already records s. 129 of this law. Modality: shall not ... unless; exceptions: Notwithstanding subsection (1), transfer is allowed on the listed grounds in subsection (3).; If a specified place no longer has substantially similar/equivalent law, the Minister may cancel/amend the notification and transfers must cease under subsection (4).",Sectoral (personal data protection),,in_force
Malaysia,Personal Data Protection Act (Act 709) 2010,,,P6-I4,s. 129(2),KNOWN,page 180,"(1) A data user shall not transfer any personal data of a 
data subject to a place outside Malaysia unless to such place 
as specified by the Minister, upon the recommendation of the 
Commissioner, by notification published in the Gazette.","This section prohibits cross-border transfer of personal data unless destination conditions are met. Maps to P6-I4 because it establishes a conditional flow regime with multiple lawful transfer pathways (consent, contract, legal necessity, adequacy, etc.).",https://www.pdp.gov.my/ppdpv1/wp-content/uploads/2024/07/UNDANG-UNDANG-MALAYSIA_AKTA_PERLINDUNGAN_DATA_PERIBADI_2010_709_MALAY_AND-ENG_V2022.pdf,0.98,"Discovery: master dataset already records s. 129 of this law. Modality: shall not ... unless; exceptions: Notwithstanding subsection (1), transfer may be permitted if the conditions in s.129(3)(a)-(h) are met.; If the Commissioner recommends cancellation or amendment because the destination no longer has substantially similar/equivalent law, transfers must cease to that place.",Horizontal,,in_force
Malaysia,Personal Data Protection Code Of Practice For Banking Sector And Financial Institutions 2017,,,P6-I4,s. 4.10.1,KNOWN,page 51,"4.10.1 The Act prohibits the transfer of personal data outside of Malaysia unless the 
transfer is to a country with sufficient data protection laws, as specified by the 
Minister in a Government Gazette, which will be based on the Commissioner’s 
recommendation to the Minister.",This section prohibits transfer of personal data outside Malaysia unless a destination-country adequacy condition is met. Maps to P6-I4 because cross-border transfer remains permitted if the specified condition is satisfied.,https://www.pdp.gov.my/ppdpv1/wp-content/uploads/2024/08/170816-ABM-Code-Of-Practice-CLOcv04-FINAL_CLEAN.pdf,0.98,"Discovery: master dataset already records s. 4.10.1 of this law. Modality: Prohibits unless; exceptions: Unless the transfer is to a country with sufficient data protection laws, as specified by the Minister in a Government Gazette",Sectoral (Banking sector and financial institutions),,in_force
Malaysia,Personal Data Protection Act (Act 709) 2010,,,P6-I4,s. 129(5),KNOWN,page 180,"(1) A data user shall not transfer any personal data of a 
data subject to a place outside Malaysia unless to such place 
as specified by the Minister, upon the recommendation of the 
Commissioner, by notification published in the Gazette.",This section prohibits cross-border transfer of personal data unless the destination is ministerially specified. Maps to P6-I4 because it establishes a conditional flow regime: transfer is permitted if listed conditions are met.,https://www.pdp.gov.my/ppdpv1/wp-content/uploads/2024/07/UNDANG-UNDANG-MALAYSIA_AKTA_PERLINDUNGAN_DATA_PERIBADI_2010_709_MALAY_AND-ENG_V2022.pdf,0.99,"Discovery: master dataset already records s. 129 of this law. Modality: shall not ... unless; exceptions: Subsection (3) permits transfer if consent, contract necessity, legal proceedings, vital interests, due diligence, or public interest conditions are met.",Horizontal,,in_force
Malaysia,PDP Data Protection Impact Assessment Guideline 2026,,,P6-I4,s. 13,NEW,page 28,"If the Planned Processing 
involves 
transferring 
personal data to a place 
outside Malaysia, what is 
the applicable legal basis 
under Section 129 of the Act 
709? 
☐ Not applicable 
☐ The recipient country has a law 
substantially similar to the Act 709  
Please tick the applicable checkbox. 
Examples of legal basis under subsection 129(3) of the Act 
709: 
(i) Necessary for the performance of a contract between 
the data subject and the data controller; 

 
 
28 
 
No. 
Questions 
Responses 
Guidance Notes 
☐ The recipient country or jurisdiction 
ensures an adequate level of protection 
equivalent to the Act 709. 
☐ Consent of the data subject to the 
transfer 
☐ Another legal basis under subsection 
129(3) of the Act 709: Please state the 
applicable legal basis 
(ii) For the purpose of any legal proceedings or for the 
purpose of obtaining legal advice or for establishing, 
exercising or defending legal rights; 
(iii) Necessary in order to protect the vital interests (i.e., 
matters relating to life, death or security) of the data 
subject.",This guideline requires identifying the legal basis for transferring personal data outside Malaysia. Maps to P6-I4 because cross-border transfer is permitted only if a listed condition/legal basis under s.129 is met.,https://www.pdp.gov.my/ppdpv1/wp-content/uploads/2026/04/Data-Protection-Impact-Assessment-Guideline-DPIA.pdf,0.93,Discovery: instrument not in the master dataset for Malaysia. Modality: must identify the applicable legal basis; exceptions: Not applicable,Sectoral (data protection / personal data processing),,in_force
Malaysia,CPTPP Chapter 14 (Malaysia MITI text),,,P6-I5,Art. 14.11,NEW,page 6,"Each Party shall allow the cross-border transfer of information by 
electronic means, including personal information, when this activity is for the 
conduct of the business of a covered person.",This Article requires each Party to allow cross-border electronic transfer of information (including personal data) for covered persons’ business. Maps to P6-I5 because it creates a binding cross-border data-transfer commitment.,https://fta.miti.gov.my/miti-fta/resources/Text%20of%20TPPA%20%28160516%29/14._Electronic_Commerce_.pdf,0.93,"Discovery: instrument not in the master dataset for Malaysia. Modality: shall; exceptions: Nothing in this Article shall prevent a Party from adopting or maintaining measures inconsistent with paragraph 2 to achieve a legitimate public policy objective, provided that the measure is not applied as arbitrary/unjustifiable discrimination or disguised restriction on trade, and does not impose restrictions on transfers greater than required to achieve the objective",Sectoral (Covered persons (as defined in CPTPP Chapter 14)),,in_force
Malaysia,Personal Data Protection (Amendment) Act 2024 (Act A1727),,,P7-I1,s. 12B(1),KNOWN,page 7,"(1)  Jika seseorang pengawal data mempunyai sebab 
untuk mempercayai bahawa pelanggaran data peribadi telah 
berlaku, pengawal data itu hendaklah, dengan secepat yang 
dapat dilaksanakan, memberitahu Pesuruhjaya mengikut cara 
dan dalam bentuk yang ditentukan oleh Pesuruhjaya.",ESCAP master-known anchor deterministically reconciled from the current canonical corpus; pending named legal review.,https://www.pdp.gov.my/ppdpv1/wp-content/uploads/2024/11/Akta-A1727-bm.pdf,0.5,Discovery: master dataset already records s. 12B of this law. Modality: n/a; exceptions: none,Horizontal,,in_force
Malaysia,Personal Data Protection (Amendment) Act 2024 (Act A1727),,,P7-I1,s. 12B(2),KNOWN,page 7,"(2)  Jika pelanggaran data peribadi di bawah subseksyen (1) 
mengakibatkan atau berkemungkinan mengakibatkan apa-apa 
kemudaratan yang ketara kepada subjek data, pengawal data 
hendaklah memberitahu pelanggaran data peribadi itu kepada 
subjek data mengikut cara dan dalam bentuk yang ditentukan 
oleh Pesuruhjaya tanpa kelengahan yang tidak perlu.",ESCAP master-known anchor deterministically reconciled from the current canonical corpus; pending named legal review.,https://www.pdp.gov.my/ppdpv1/wp-content/uploads/2024/11/Akta-A1727-bm.pdf,0.5,Discovery: master dataset already records s. 12B of this law. Modality: n/a; exceptions: none,Horizontal,,in_force
Malaysia,Personal Data Protection Act (Act 709) 2010,,,P7-I1,s. 12,KNOWN,page 117,"A data subject shall be given access to his personal data 
held by a data user and be able to correct that personal data 
where the personal data is inaccurate, incomplete, misleading or 
not up-to-date, except where compliance with a request to such 
access or correction is refused under this Act.","This section requires access and correction rights. Maps to P7-I1 because it evidences the existence of a horizontal personal-data-protection framework, even though the indicator scores absence.",https://www.pdp.gov.my/ppdpv1/wp-content/uploads/2024/07/UNDANG-UNDANG-MALAYSIA_AKTA_PERLINDUNGAN_DATA_PERIBADI_2010_709_MALAY_AND-ENG_V2022.pdf,0.97,Discovery: master dataset already records s. 12 of this law. Modality: shall (with an except/refusal carve-out); exceptions: compliance with a request to such access or correction is refused under this Act,Horizontal,,in_force
Malaysia,Personal Data Protection Act (Act 709) 2010,,,P7-I1,s. 129(3),KNOWN,page 180,"(1) A data user shall not transfer any personal data of a 
data subject to a place outside Malaysia unless to such place 
as specified by the Minister, upon the recommendation of the 
Commissioner, by notification published in the Gazette.",This section imposes a horizontal rule on data users: they shall not transfer personal data abroad unless the destination is specified by the Minister (Gazette) on the Commissioner’s recommendation. It evidences a core cross-border transfer framework under the Act.,https://www.pdp.gov.my/ppdpv1/wp-content/uploads/2024/07/UNDANG-UNDANG-MALAYSIA_AKTA_PERLINDUNGAN_DATA_PERIBADI_2010_709_MALAY_AND-ENG_V2022.pdf,0.86,"Discovery: master dataset already records s. 129 of this law. Modality: shall not (prohibition) unless (conditional permission); exceptions: Transfer may be allowed under the Act’s listed transfer grounds in subsections (3) and (4) (e.g., consent, contract necessity, legal proceedings, vital/public interest, and cessation if destination no longer has substantially similar law).",Horizontal,,in_force
Malaysia,Personal Data Protection Act (Act 709) 2010,,,P7-I1,s. 129(6),KNOWN,page 180,"(1) A data user shall not transfer any personal data of a 
data subject to a place outside Malaysia unless to such place 
as specified by the Minister, upon the recommendation of the 
Commissioner, by notification published in the Gazette.","This section imposes a transfer restriction on data users for cross-border personal data. It evidences a core horizontal data-protection framework element (transfer conditions/controls), supporting P7-I1’s comprehensive-law test.",https://www.pdp.gov.my/ppdpv1/wp-content/uploads/2024/07/UNDANG-UNDANG-MALAYSIA_AKTA_PERLINDUNGAN_DATA_PERIBADI_2010_709_MALAY_AND-ENG_V2022.pdf,0.78,"Discovery: master dataset already records s. 129 of this law. Modality: shall not (unless specified by Minister on Commissioner recommendation via Gazette notification); exceptions: Unless to such place as specified by the Minister, upon the recommendation of the Commissioner, by notification published in the Gazette",Horizontal,,in_force
Malaysia,Personal Data Protection Act (Act 709) 2010,,,P7-I1,s. 42(2),NEW,page 138,"(1) Subject to subsection (2), a data subject may, at any 
time by notice in writing to a data user, referred to as the “data 
subject notice”, require the data user at the end of such period 
as is reasonable in the circumstances, to—
 
(a) cease the processing of or processing for a specified 
purpose or in a specified manner; or
 
(b) not begin the processing of or processing for a specified 
purpose or in a specified manner,
any personal data in respect of which he is the data subject if, 
based on reasons to be stated by him—
 
(A) the processing of that personal data or the processing 
of personal data for that purpose or in that manner 
is causing or is likely to cause substantial damage or 
substantial distress to him or to another person; and
 
(B) the damage or distress is or would be unwarranted.","This section permits a data subject to require a data user to stop or not start specified processing, subject to conditions and exceptions. It evidences core horizontal data-subject control rights, supporting a comprehensive DP framework (P7-I1).",https://www.pdp.gov.my/ppdpv1/wp-content/uploads/2024/07/UNDANG-UNDANG-MALAYSIA_AKTA_PERLINDUNGAN_DATA_PERIBADI_2010_709_MALAY_AND-ENG_V2022.pdf,0.78,"Discovery: instrument is known but s. 42 is not among its recorded provisions (['1.1', '112', '113', '114', '12', '121', '129', '3.1', '3.1.5', '3.4', '4.11', '45', '5', '6', '9', 'sch1']). Modality: may (subject to subsection (2)); exceptions: subsection (2) exceptions apply: data subject has given consent; processing is necessary for contract performance/steps at request of data subject; processing is necessary for compliance with a legal obligation (other than contractual); processing is necessary to protect vital interests of the data subject; other cases prescribed by the Minister by order published in the Gazette",Horizontal,,in_force
Malaysia,Personal Data Protection Act (Act 709) 2010,,,P7-I1,s. 5(1),KNOWN,page 113,"(1) The processing of personal data by a data user shall 
be in compliance with the following Personal Data Protection 
Principles, namely—
 
(a) the General Principle;
 
(b) the Notice and Choice Principle;
 
(c) the Disclosure Principle;
 
(d) the Security Principle;
 
(e) the Retention Principle;
 
(f) the Data Integrity Principle; and
 
(g) the Access Principle,
as set out in sections 6, 7, 8, 9, 10, 11 and 12.","This section requires data users to process personal data in compliance with the Personal Data Protection Principles. Maps to P7-I1 because it establishes the horizontal controlling framework for personal-data protection, evidencing a comprehensive law. Function: core obligation/standards framework.",https://www.pdp.gov.my/ppdpv1/wp-content/uploads/2024/07/UNDANG-UNDANG-MALAYSIA_AKTA_PERLINDUNGAN_DATA_PERIBADI_2010_709_MALAY_AND-ENG_V2022.pdf,0.97,"Discovery: master dataset already records s. 5 of this law. Modality: shall; exceptions: Subject to sections 45 and 46; subsection (2) limits offence/penalty consequences, not the core compliance duty in subsection (1)",Horizontal,,in_force
Malaysia,Personal Data Protection Act (Act 709) 2010,,,P7-I1,s. 5(2),KNOWN,page 113,"(1) The processing of personal data by a data user shall 
be in compliance with the following Personal Data Protection 
Principles, namely—
 
(a) the General Principle;
 
(b) the Notice and Choice Principle;
 
(c) the Disclosure Principle;
 
(d) the Security Principle;
 
(e) the Retention Principle;
 
(f) the Data Integrity Principle; and
 
(g) the Access Principle,
as set out in sections 6, 7, 8, 9, 10, 11 and 12.",This section requires data users to process personal data in compliance with the Personal Data Protection Principles. Maps to P7-I1 because it establishes the horizontal controlling framework for personal-data protection via core principles and sections 6-12.,https://www.pdp.gov.my/ppdpv1/wp-content/uploads/2024/07/UNDANG-UNDANG-MALAYSIA_AKTA_PERLINDUNGAN_DATA_PERIBADI_2010_709_MALAY_AND-ENG_V2022.pdf,0.96,"Discovery: master dataset already records s. 5 of this law. Modality: shall; exceptions: Subject to sections 45 and 46, but this limits offence/penalty consequences rather than the existence of the framework",Horizontal,,in_force
Malaysia,Personal Data Protection Act (Act 709) 2010,,,P7-I1,s. 6(1),KNOWN,page 113,"(1) A data user shall not—
 
(a) in the case of personal data other than sensitive personal 
data, process personal data about a data subject unless 
the data subject has given his consent to the processing 
of the personal data; or 
 
(b) in the case of sensitive personal data, process sensitive 
personal data about a data subject except in accordance 
with the provisions of section 40.","This section prohibits a data user from processing personal data without the data subject’s consent (subject to sensitive-data exception in s.40). It evidences core horizontal DP processing limits, supporting existence of a comprehensive framework.",https://www.pdp.gov.my/ppdpv1/wp-content/uploads/2024/07/UNDANG-UNDANG-MALAYSIA_AKTA_PERLINDUNGAN_DATA_PERIBADI_2010_709_MALAY_AND-ENG_V2022.pdf,0.78,"Discovery: master dataset already records s. 6 of this law. Modality: shall not; exceptions: For sensitive personal data, processing is allowed only in accordance with section 40 (not fully shown in the snippet).",Horizontal,,in_force
Malaysia,Personal Data Protection Act (Act 709) 2010,,,P7-I1,s. 6(2),KNOWN,page 113,"(1) A data user shall not—
 
(a) in the case of personal data other than sensitive personal 
data, process personal data about a data subject unless 
the data subject has given his consent to the processing 
of the personal data; or 
 
(b) in the case of sensitive personal data, process sensitive 
personal data about a data subject except in accordance 
with the provisions of section 40.","This section prohibits a data user from processing personal data without consent (or, for sensitive data, without compliance with s.40). It evidences core horizontal DP processing limits, supporting existence of a comprehensive framework.",https://www.pdp.gov.my/ppdpv1/wp-content/uploads/2024/07/UNDANG-UNDANG-MALAYSIA_AKTA_PERLINDUNGAN_DATA_PERIBADI_2010_709_MALAY_AND-ENG_V2022.pdf,0.86,"Discovery: master dataset already records s. 6 of this law. Modality: shall not; exceptions: For sensitive personal data: processing is allowed only as provided by section 40 (i.e., exception to the general prohibition is compliance with s.40).",Horizontal,,in_force
Malaysia,Personal Data Protection Code Of Practice For Banking Sector And Financial Institutions 2017,,,P7-I1,s. 5.1.1,KNOWN,page 53,"5.1.1 Under the Access Principle, a Data Subject has the right to lodge a data access 
request (“DAR”) with the Data User and to receive a reply from the Data User within 
the time period set in the Act.","This section establishes access rights. Maps to P7-I1 because it evidences a sectoral personal-data framework for banking/financial institutions, not a comprehensive horizontal law.",https://www.pdp.gov.my/ppdpv1/wp-content/uploads/2024/08/170816-ABM-Code-Of-Practice-CLOcv04-FINAL_CLEAN.pdf,0.98,Discovery: master dataset already records s. 5.1.1 of this law. Modality: has the right to; to receive; exceptions: none,Sectoral (Banking and financial institutions),,in_force
Malaysia,Personal Data Protection Code Of Practice For Banking Sector And Financial Institutions 2017,,,P7-I1,s. 5.1.13,KNOWN,page 55,"5.1.13 In line with the Regulations, a Data User is to provide written acknowledgement of 
having received the DAR, upon the submission of the relevant processing fee(s), if 
any (for DAR in respect of a Data Subject's personal data, the maximum fee 
prescribed is RM10 with a copy and RM2 without a copy of the personal data; for 
DAR in respect of a Data Subject's sensitive personal data, the maximum fee 
prescribed is RM30 with a copy and RM5 without a copy of the sensitive personal 
data), if any.","This section requires written acknowledgement of receipt of a DAR. Maps to P7-I1 because it evidences a sectoral personal-data-protection framework in banking, not a comprehensive horizontal law.",https://www.pdp.gov.my/ppdpv1/wp-content/uploads/2024/08/170816-ABM-Code-Of-Practice-CLOcv04-FINAL_CLEAN.pdf,0.98,Discovery: master dataset already records s. 5.1.13 of this law. Modality: is to; exceptions: none,Sectoral (Banking sector and financial institutions),,in_force
Malaysia,Personal Data Protection Code Of Practice For Banking Sector And Financial Institutions 2017,,,P7-I1,s. 5.1.15,KNOWN,page 55,"5.1.15 Where the Data User is unclear as to the specific personal data that is being sought 
by the Requestor, the Data User may request (depending on the Data User’s 
respective policies) for further information, e.g. account numbers, dates of specific 
transactions, or description of the interaction with the Data User.","This section permits a banking-sector Data User to request further information. Maps to P7-I1 because it evidences a sectoral data-protection framework, not a comprehensive horizontal law.",https://www.pdp.gov.my/ppdpv1/wp-content/uploads/2024/08/170816-ABM-Code-Of-Practice-CLOcv04-FINAL_CLEAN.pdf,0.98,Discovery: master dataset already records s. 5.1.15 of this law. Modality: may; exceptions: none,Sectoral (Banking and financial institutions),,in_force
Malaysia,Personal Data Protection Code Of Practice For Banking Sector And Financial Institutions 2017,,,P7-I1,s. 5.1.18,KNOWN,page 56,"5.1.18 In relation to the communication of video and audio personal data to Requestors 
who have made a DAR, Data Users may utilise the following means of 
communication as may be available to them:  
 
(i) 
audio recordings may be communicated as written transcripts or provided in 
audio form (e.g. .wmv or mpeg); and/or 
 
(ii) 
video recordings (inclusive of CCTV images) may be communicated as a 
chronological set of image captures which are then printed, or as an edited 
video recording where all other persons’ identities have been removed or 
masked.","This section permits banking-sector Data Users to communicate audio/video personal data in specified ways. It maps to P7-I1 because it evidences a sectoral personal-data-protection framework, not a comprehensive horizontal law.",https://www.pdp.gov.my/ppdpv1/wp-content/uploads/2024/08/170816-ABM-Code-Of-Practice-CLOcv04-FINAL_CLEAN.pdf,0.98,Discovery: master dataset already records s. 5.1.18 of this law. Modality: may; exceptions: where all other persons’ identities have been removed or masked,Sectoral (Banking and financial institutions),,in_force
Malaysia,Personal Data Protection Code Of Practice For Banking Sector And Financial Institutions 2017,,,P7-I1,s. 5.1.19,KNOWN,page 56,"5.1.19 The Act recognises that Data Users may legitimately refuse to comply with a DAR in 
some circumstances as detailed in section 32 of the Act.","This section permits Data Users to refuse compliance with a DAR in some circumstances. Maps to P7-I1 because it evidences the banking-sector data-protection framework, which is sectoral rather than a comprehensive horizontal law.",https://www.pdp.gov.my/ppdpv1/wp-content/uploads/2024/08/170816-ABM-Code-Of-Practice-CLOcv04-FINAL_CLEAN.pdf,0.95,Discovery: master dataset already records s. 5.1.19 of this law. Modality: may legitimately refuse; exceptions: none,Sectoral (Banking and financial institutions),,in_force
Malaysia,Personal Data Protection Code Of Practice For Banking Sector And Financial Institutions 2017,,,P7-I1,s. 5.1.24,KNOWN,page 58,"5.1.24 It is recommended that Data Users should maintain a file for each DAR with the 
following information:- 
 
(i) 
a copy of the DAR; 
 
(ii) 
a record of the verification of the identity of the Requestor; 
 
(iii) 
copies of all correspondences relevant to the DAR;  
 
(iv) 
a record of any decision made in relation to the DAR; and 
 
(v) 
a copy of the personal data that was sent to the Requestor in question.","This section recommends recordkeeping for DARs. Maps to P7-I1 because it evidences a sectoral personal-data framework for banking/financial institutions, which is not a comprehensive horizontal law.",https://www.pdp.gov.my/ppdpv1/wp-content/uploads/2024/08/170816-ABM-Code-Of-Practice-CLOcv04-FINAL_CLEAN.pdf,0.98,Discovery: master dataset already records s. 5.1.24 of this law. Modality: should (recommended); exceptions: none,Sectoral (Banking and financial institutions),,in_force
Malaysia,Personal Data Protection Code Of Practice For Banking Sector And Financial Institutions 2017,,,P7-I1,s. 5.1.25,KNOWN,page 58,"5.1.25 In handling DARs for joint accounts, the joint account mandate will apply. For 
example if the joint account mandate requires all account holders to sign, the DAR 
must be issued by all the joint account holders or by their jointly appointed Relevant 
Person.","This section requires banks/financial institutions to follow the joint account mandate when issuing DARs. Maps to P7-I1 because it evidences a sectoral data-protection rule, not a comprehensive horizontal personal-data-protection framework.",https://www.pdp.gov.my/ppdpv1/wp-content/uploads/2024/08/170816-ABM-Code-Of-Practice-CLOcv04-FINAL_CLEAN.pdf,0.98,Discovery: master dataset already records s. 5.1.25 of this law. Modality: will apply; must be issued; exceptions: none,Sectoral (Banking and financial institutions),,in_force
Malaysia,Personal Data Protection Code Of Practice For Banking Sector And Financial Institutions 2017,,,P7-I1,s. 5.1.4,KNOWN,page 53,"5.1.4 Data Users are required to ensure that a copy of the personal data is provided to the 
Requestor in an intelligible form.","This section requires Data Users to provide a copy of personal data in intelligible form. It evidences a sectoral data-protection framework, so it maps to P7-I1 because the law is not horizontal/comprehensive.",https://www.pdp.gov.my/ppdpv1/wp-content/uploads/2024/08/170816-ABM-Code-Of-Practice-CLOcv04-FINAL_CLEAN.pdf,0.98,Discovery: master dataset already records s. 5.1.4 of this law. Modality: required; exceptions: none,Sectoral (Banking and financial institutions),,in_force
Malaysia,Personal Data Protection Code Of Practice For Banking Sector And Financial Institutions 2017,,,P7-I1,s. 5.1.5,KNOWN,page 53,"5.1.5 For the avoidance of doubt, personal data being retained for backup and electronic 
archival purposes are not subject to the Access Principle.","This provision excludes backup/electronic-archival data from the Access Principle. Maps to P7-I1 because it evidences a sectoral data-protection framework, not a comprehensive horizontal law.",https://www.pdp.gov.my/ppdpv1/wp-content/uploads/2024/08/170816-ABM-Code-Of-Practice-CLOcv04-FINAL_CLEAN.pdf,0.97,Discovery: master dataset already records s. 5.1.5 of this law. Modality: are not subject to; exceptions: none,Sectoral (Banking and financial sector),,in_force
Malaysia,Personal Data Protection Code Of Practice For Banking Sector And Financial Institutions 2017,,,P7-I1,s. 5.1.6,KNOWN,page 54,"5.1.6 The Regulations provide that where a Requestor does not require a copy of the 
personal data, the Requestor must inform the Data User in writing of the 
Requestor’s intention of making a DAR. This would presuppose that Data Users are 
required to provide the Requestor with a choice at the point of making a DAR, of 
either: 
 
(i) 
confirming whether or not the Data User retains any personal data in respect 
of the said Data Subject; or  
 
(ii) 
providing the Requestor with a copy of the personal data that the Requestor 
is seeking as per 5.1.3.","This provision requires a banking-sector requestor to notify the data user and presupposes a choice on access requests. It evidences a sectoral personal-data framework, so it maps to P7-I1 as sectoral-only rather than a comprehensive horizontal law.",https://www.pdp.gov.my/ppdpv1/wp-content/uploads/2024/08/170816-ABM-Code-Of-Practice-CLOcv04-FINAL_CLEAN.pdf,0.97,Discovery: master dataset already records s. 5.1.6 of this law. Modality: must; exceptions: none,Sectoral (Banking and financial institutions),,in_force
Malaysia,Personal Data Protection Code Of Practice For Banking Sector And Financial Institutions 2017,,,P7-I1,s. 5.1.8,KNOWN,page 54,"5.1.8 Where a Data Subject has separate accounts with a Data User, separate DARs may 
be required by the Data User for each account.","This section permits requiring separate DARs for each account. Maps to P7-I1 because it evidences a banking-sector data-protection framework, which is sectoral rather than a comprehensive horizontal law.",https://www.pdp.gov.my/ppdpv1/wp-content/uploads/2024/08/170816-ABM-Code-Of-Practice-CLOcv04-FINAL_CLEAN.pdf,0.98,Discovery: master dataset already records s. 5.1.8 of this law. Modality: may be required; exceptions: none,Sectoral (Banking and financial institutions),,in_force
Malaysia,Personal Data Protection Code Of Practice For Banking Sector And Financial Institutions 2017,,,P7-I1,s. 5.2.13,KNOWN,page 61,"5.2.13 Where the Data User does not comply with a DCR based on any of the reasons 
provided in 5.2.11 above, the Data User is required to provide the Requestor 
concerned with a written notification of the refusal to comply with the DCR and the 
Data User’s supporting reasons.","This section requires notice of refusal to comply with a DCR. It maps to P7-I1 because it evidences a sectoral banking data-protection framework, not a comprehensive horizontal personal-data-protection law.",https://www.pdp.gov.my/ppdpv1/wp-content/uploads/2024/08/170816-ABM-Code-Of-Practice-CLOcv04-FINAL_CLEAN.pdf,0.98,"Discovery: master dataset already records s. 5.2.13 of this law. Modality: required; exceptions: Where the refusal was due to reason set out at 5.2.11(v) above, the Data User is required to provide the name and address of the other Data User concerned.",Sectoral (Banking and financial institutions),,in_force
Malaysia,Personal Data Protection Code Of Practice For Banking Sector And Financial Institutions 2017,,,P7-I1,s. 5.2.16,KNOWN,page 62,"5.2.16 It is recommended that Data Users should maintain a file for each DCR with the 
following information:- 
 
(i) 
a copy of the DCR; 
 
(ii) 
a record of the verification of the identity of the Requestor; 
 
(iii) 
copies of all correspondences relevant to the DCR;  
 
(iv) 
a record of any decision made in relation to the DCR; and 
 
(v) 
a copy of the corrected personal data that was sent to the Requestor in 
question.","This section recommends recordkeeping for DCR handling. Maps to P7-I1 because it evidences a sectoral data-protection framework, which is not a comprehensive horizontal personal-data-protection law.",https://www.pdp.gov.my/ppdpv1/wp-content/uploads/2024/08/170816-ABM-Code-Of-Practice-CLOcv04-FINAL_CLEAN.pdf,0.97,Discovery: master dataset already records s. 5.2.16 of this law. Modality: should (recommended); exceptions: none,Sectoral (Banking and financial institutions),,in_force
Malaysia,Personal Data Protection Code Of Practice For Banking Sector And Financial Institutions 2017,,,P7-I1,s. 5.2.4,KNOWN,page 59,"5.2.4 A DCR does not have to be in a particular format. However, there are prerequisites 
that a Requestor must fulfil when making a DCR:- 
 
(i) 
the DCR must be in writing (as defined in Part 2);  
 
(ii) 
the necessary information and documentation as may be required by the 
Data User in order to trace and correct the personal data (e.g. name, 
NRIC/passport number, address, account number) as notified by the 
Requestor; 
 
(iii) 
the  DCR must be specific as to the personal data that is being corrected; and  
 
(iv) 
relevant documentation is to be submitted in order to establish the 
Requestor’s right to make a request. 
 
If any one of these prerequisites is not fulfilled, the Data User should return the DCR 
to the Requestor and ask for the omitted information/copies to be resubmitted by 
the Requestor.","This section requires prerequisites for a DCR. Maps to P7-I1 because it evidences a sectoral correction-request procedure, not a comprehensive horizontal personal-data-protection framework.",https://www.pdp.gov.my/ppdpv1/wp-content/uploads/2024/08/170816-ABM-Code-Of-Practice-CLOcv04-FINAL_CLEAN.pdf,0.95,Discovery: master dataset already records s. 5.2.4 of this law. Modality: must / should; exceptions: none,Sectoral (Banking and financial institutions),,in_force
Malaysia,Personal Data Protection Code Of Practice For Banking Sector And Financial Institutions 2017,,,P7-I1,s. 5.2.9,KNOWN,page 60,"5.2.9 The Data User will apply its identity verification processes in order to verify that the 
DCR is from the Requestor. The Data User may reject the request if the Data User is 
not able to verify the identity of the person making the request. The Data User is 
required to state the reason for the rejection to the Requestor.","This section requires identity-verification and permits rejection on failure. Maps to P7-I1 because it evidences a sectoral banking code, not a comprehensive horizontal personal-data-protection law.",https://www.pdp.gov.my/ppdpv1/wp-content/uploads/2024/08/170816-ABM-Code-Of-Practice-CLOcv04-FINAL_CLEAN.pdf,0.97,Discovery: master dataset already records s. 5.2.9 of this law. Modality: will/may/required; exceptions: none,Sectoral (Banking and financial institutions),,in_force
Malaysia,Personal Data Protection Code Of Practice For Banking Sector And Financial Institutions 2017,,,P7-I1,s. 5.3.2,KNOWN,page 62,"5.3.2 The Act does not define what is meant by “unwarranted” and “substantial damage 
or distress”. However, in most cases: 
 

PDP Code Of Practice For The Banking And Financial Sector  
Part 5 
 
 
 
 
 
58 
 
(i) 
“substantial damage” includes financial loss or physical harm suffered by the 
Data Subject or another person;  
 
(ii) 
“substantial distress” includes emotional or mental pain suffered by the Data 
Subject or another person; and  
 
(iii) 
“unwarranted” means that the damage or distress suffered by the Data 
Subject or another person is not justifiable.","This section establishes interpretive guidance for the Act’s data-protection framework. Maps to P7-I1 because it evidences a sectoral personal-data-protection regime, not a comprehensive horizontal law.",https://www.pdp.gov.my/ppdpv1/wp-content/uploads/2024/08/170816-ABM-Code-Of-Practice-CLOcv04-FINAL_CLEAN.pdf,0.93,Discovery: master dataset already records s. 5.3.2 of this law. Modality: does not define; exceptions: none,Sectoral (Banking and financial institutions),,in_force
Malaysia,Personal Data Protection Code Of Practice For Banking Sector And Financial Institutions 2017,,,P7-I1,s. 5.3.3,KNOWN,page 63,"5.3.3 However, the Act recognises certain limitations to this right by specifically providing 
that a Data Subject does not have the right to prevent the processing of personal 
data where:-  
 
(i) 
the Data Subject has consented to the processing; 
 
(ii) 
the processing is necessary: 
 
 
for the performance of a contract that the Data Subject has entered 
into; or 
 
 
to take steps at the request of the Data Subject with a view to 
entering into a contract; or 
 
 
for compliance with legal obligations that apply to the Data User, 
other than a contractual obligation; or 
 
 
to protect the Data Subject’s “vital interests”, which is defined by the 
Act to mean “matters relating to life, death or security of a data 
subject”; or 
 
(iii) 
in such other cases as may be prescribed by the Minister by order published 
in the Gazette.","This section establishes limitations on a data subject’s right to prevent processing. Maps to P7-I1 because it evidences the existence of a personal-data-protection framework; the indicator scores absence, and this is sectoral banking guidance rather than a comprehensive horizontal law.",https://www.pdp.gov.my/ppdpv1/wp-content/uploads/2024/08/170816-ABM-Code-Of-Practice-CLOcv04-FINAL_CLEAN.pdf,0.95,Discovery: master dataset already records s. 5.3.3 of this law. Modality: does not have the right to prevent; exceptions: where the listed conditions apply,Sectoral (Banking sector and financial institutions),,in_force
Malaysia,Personal Data Protection Code Of Practice For Banking Sector And Financial Institutions 2017,,,P7-I1,s. 5.3.4,KNOWN,page 63,"5.3.4 Upon receiving a Data Subject Notice, the Data User is required to, within twenty 
one (21) days of such receipt, provide the Data Subject concerned with a written 
notice:- 
 
(i) 
stating that the Data User has complied with or intends to comply with the 
Data Subject Notice; or 
 
(ii) 
if the Data User does not intend to comply with the Data Subject Notice, to 
provide reasons for the decision; or 
 
(iii) 
stating reasons why the Data User finds the Data Subject Notice unjustified or 
to any extent unjustified and the extent to which the Data User has complied 
or intends to comply (if any).","This section requires banking-sector Data Users to respond to a Data Subject Notice with a written notice. It evidences a sectoral data-protection framework, so it maps to P7-I1 as non-horizontal and not comprehensive.",https://www.pdp.gov.my/ppdpv1/wp-content/uploads/2024/08/170816-ABM-Code-Of-Practice-CLOcv04-FINAL_CLEAN.pdf,0.98,Discovery: master dataset already records s. 5.3.4 of this law. Modality: required; exceptions: none,Sectoral (Banking and financial institutions),,in_force
Malaysia,Personal Data Protection Code Of Practice For Banking Sector And Financial Institutions 2017,,,P7-I1,s. 5.4.2,KNOWN,page 64,"5.4.2 Where the Act allows for the processing of personal data without the consent of the 
Data Subject (see 3.1.2), no consent is required from the Data Subject and as such, 
no consent can be withdrawn by the Data Subject.","This section establishes a consent-withdrawal rule for banking-sector processing under the Act. Maps to P7-I1 because it evidences a sectoral data-protection framework, not a comprehensive horizontal law.",https://www.pdp.gov.my/ppdpv1/wp-content/uploads/2024/08/170816-ABM-Code-Of-Practice-CLOcv04-FINAL_CLEAN.pdf,0.95,Discovery: master dataset already records s. 5.4.2 of this law. Modality: no consent is required; no consent can be withdrawn; exceptions: none,Sectoral (Banking and financial institutions),,in_force
Malaysia,Personal Data Protection Code Of Practice For Banking Sector And Financial Institutions 2017,,,P7-I1,s. 5.4.3,KNOWN,page 64,"5.4.3 The following are examples of situations in which a Data Subject cannot withdraw 
his/her consent to the processing of personal data: 
 

PDP Code Of Practice For The Banking And Financial Sector  
Part 5 
 
 
 
 
 
60 
 
(i) 
Where the personal data is required for the performance of a contract 
between the Data User and Data Subject;  
 
Example 1: Where a Data Subject enters into an agreement with a Data 
User in order to secure a loan/financing or a credit card, and the Data 
User processes his/her personal data in relation to the loan/financing or 
credit card, the Data Subject is not entitled to withdraw his/her consent to 
process personal data necessary for the performance of the contract as 
Section 6(2)(a) would be applicable in this instance.","This section establishes a sectoral consent-withdrawal limitation. Maps to P7-I1 because it evidences a banking-sector data-protection framework, which ESCAP records as the framework’s existence rather than absence.",https://www.pdp.gov.my/ppdpv1/wp-content/uploads/2024/08/170816-ABM-Code-Of-Practice-CLOcv04-FINAL_CLEAN.pdf,0.97,Discovery: master dataset already records s. 5.4.3 of this law. Modality: cannot withdraw; exceptions: none,Sectoral (Banking and financial institutions),,in_force
Malaysia,Personal Data Protection Code Of Practice For Banking Sector And Financial Institutions 2017,,,P7-I1,s. 5.5.2,KNOWN,page 67,"5.5.2 For the purpose of the Act, “direct marketing” has been defined as “communication 
by whatever means of any advertising or marketing material which is directed to 
particular individuals”.","This section establishes a definition of “direct marketing.” Maps to P7-I1 because it evidences a sectoral data-protection framework in banking/financial institutions, not a comprehensive horizontal personal-data-protection law.",https://www.pdp.gov.my/ppdpv1/wp-content/uploads/2024/08/170816-ABM-Code-Of-Practice-CLOcv04-FINAL_CLEAN.pdf,0.97,Discovery: master dataset already records s. 5.5.2 of this law. Modality: has been defined; exceptions: none,Sectoral (Banking sector and financial institutions),,in_force
Malaysia,Cyber Security (Licensing of Service Provider) Regulations 2024,,,P7-I2,s. 4,KNOWN,page 3,"Suatu perkhidmatan pemantauan pusat operasi keselamatan terurus di bawah 
Peraturan-Peraturan ini ialah suatu perkhidmatan bagi— 
 
(a) 
memantau tahap keselamatan siber suatu komputer atau sistem komputer 
seorang yang lain dengan cara memperoleh, mengenal pasti atau mengimbas 
maklumat yang disimpan dalam, diproses oleh atau dihantar melalui, 
komputer atau sistem komputer itu bagi maksud mengenal pasti atau 
mengesan ancaman keselamatan siber terhadap komputer atau sistem 
komputer itu; atau  
 
(b) 
menentukan langkah-langkah yang perlu untuk bertindak balas terhadap 
atau pulih daripada apa-apa 
insiden keselamatan 
siber itu dan  
untuk mencegah insiden keselamatan siber itu daripada berlaku pada  
masa hadapan.","This s.4 defines a regulated cybersecurity service: monitoring cyber security and detecting threats, plus response/recovery. Maps to P7-I2 because it evidences a dedicated cybersecurity framework (licensing/service categories) with incident response functions.",https://nacsa.gov.my/doc/CYBER%20SECURITY%20%28LICENSING%20OF%20CYBER%20SECURITY%20SERVICE%20PROVIDER%29.pdf,0.74,Discovery: master dataset already records s. 4 of this law. Modality: defines/establishes (service scope); exceptions: none,Horizontal,,in_force
Malaysia,Cyber Security (Notification of Incident) Regulations 2024,,,P7-I2,s. 2(3),NEW,page 2,"(1) 
Orang yang diberi kuasa bagi entiti infrastruktur maklumat kritikal negara 
hendaklah memberitahu dengan segera, melalui cara elektronik, mengenai suatu insiden 
keselamatan siber yang telah atau mungkin telah berlaku sebagaimana yang 
diperuntukkan di bawah seksyen 23 Akta apabila insiden keselamatan siber itu diketahui 
oleh entiti infrastruktur maklumat kritikal negara.",This s.2(3) requires authorized persons of critical information infrastructure entities to promptly notify cyber incidents via electronic means. Maps to P7-I2 because it evidences a dedicated incident-notification framework for cybersecurity (critical infrastructure). Function: incident notification,https://nacsa.gov.my/doc/CYBER%20SECURITY%20%28NOTIFICATION%20OF%20CYBER%20SECURITY%20INCIDENT%29.pdf,0.78,"Discovery: instrument is known but s. 2 is not among its recorded provisions (['15', '27', '36', '38', '39', '4', '40', '46']). Modality: must (hendaklah); exceptions: none",Sectoral (Critical information infrastructure (CII) entities),,in_force
Malaysia,Cyber Security (Notification of Incident) Regulations 2024,,,P7-I2,s. 2(4),NEW,page 2,"(1) 
Orang yang diberi kuasa bagi entiti infrastruktur maklumat kritikal negara 
hendaklah memberitahu dengan segera, melalui cara elektronik, mengenai suatu insiden 
keselamatan siber yang telah atau mungkin telah berlaku sebagaimana yang 
diperuntukkan di bawah seksyen 23 Akta apabila insiden keselamatan siber itu diketahui 
oleh entiti infrastruktur maklumat kritikal negara.",This regulation requires authorized persons of critical information infrastructure entities to promptly notify cyber security incidents via electronic means. Maps to P7-I2 because it evidences a dedicated cybersecurity incident-notification framework for critical infrastructure.,https://nacsa.gov.my/doc/CYBER%20SECURITY%20%28NOTIFICATION%20OF%20CYBER%20SECURITY%20INCIDENT%29.pdf,0.78,"Discovery: instrument is known but s. 2 is not among its recorded provisions (['15', '27', '36', '38', '39', '4', '40', '46']). Modality: hendaklah (must); exceptions: none",Sectoral (Critical information infrastructure (CII)),,in_force
Malaysia,Cyber Security (Risk Assessment and Audit) Regulations 2024,,,P7-I2,s. 3,NEW,page 2,"Suatu entiti infrastruktur maklumat kritikal negara yang memiliki atau 
mengendalikan suatu infrastruktur maklumat kritikal negara hendaklah— 
 
(a) 
membuat penilaian risiko keselamatan siber sekurang-kurangnya  
sekali setahun; dan 
 
(b) 
menjalankan 
audit 
sekurang-kurangnya 
sekali 
dalam 
tiap-tiap  
dua tahun atau pada kekerapan yang lebih tinggi sebagaimana  
yang boleh diarahkan oleh Ketua Eksekutif dalam mana-mana hal tertentu.",This s.3 requires national critical information infrastructure entities to conduct annual cyber security risk assessments and biennial audits (with higher frequency if directed). Maps to P7-I2 because it evidences a dedicated cybersecurity framework for critical infrastructure risk assessment/audit.,https://nacsa.gov.my/doc/CYBER%20SECURITY%20%28PERIOD%20FOR%20CYBER%20SECURITY%20RISK%20ASSESSMENT%20AND%20AUDIT%29.pdf,0.78,"Discovery: instrument is known but s. 3 is not among its recorded provisions (['15', '27', '36', '38', '39', '4', '40', '46']). Modality: hendaklah (shall); exceptions: none",Sectoral (National critical information infrastructure (critical infrastructure entities)),,in_force
Malaysia,Cyber Security (Risk Assessment and Audit) Regulations 2024,,,P7-I2,s. 3(2),NEW,page 2,"Suatu entiti infrastruktur maklumat kritikal negara yang memiliki atau 
mengendalikan suatu infrastruktur maklumat kritikal negara hendaklah— 
 
(a) 
membuat penilaian risiko keselamatan siber sekurang-kurangnya  
sekali setahun; dan 
 
(b) 
menjalankan 
audit 
sekurang-kurangnya 
sekali 
dalam 
tiap-tiap  
dua tahun atau pada kekerapan yang lebih tinggi sebagaimana  
yang boleh diarahkan oleh Ketua Eksekutif dalam mana-mana hal tertentu.","This regulation requires national critical information infrastructure entities to conduct annual cyber security risk assessments and biennial audits. It evidences a cybersecurity framework (risk assessment/audit) under a dedicated cybersecurity act/regulations, so P7-I2 applies.",https://nacsa.gov.my/doc/CYBER%20SECURITY%20%28PERIOD%20FOR%20CYBER%20SECURITY%20RISK%20ASSESSMENT%20AND%20AUDIT%29.pdf,0.78,"Discovery: instrument is known but s. 3 is not among its recorded provisions (['15', '27', '36', '38', '39', '4', '40', '46']). Modality: hendaklah (shall); exceptions: none",Sectoral (National critical information infrastructure (critical infrastructure entities)),,in_force
Malaysia,Cyber Security Act (Act 854) 2024,,,P7-I2,s. 15(1),KNOWN,page 18,"(1)	 The Minister may, upon the recommendation of the 
Chief Executive, appoint any Government Entity or person to be 
the national critical information infrastructure sector lead 
for each of the national critical information infrastructure sectors.","This section permits appointment of sector leads. Maps to P7-I2 because it establishes a dedicated critical-information-infrastructure cybersecurity governance framework, evidencing the framework’s existence.",https://lom.agc.gov.my/ilims/upload/portal/akta/outputaktap/2177706_BI/Act%20854.pdf,0.93,Discovery: master dataset already records s. 15 of this law. Modality: may; exceptions: none,Sectoral (national critical information infrastructure sectors),,in_force
Malaysia,Cyber Security Act (Act 854) 2024,,,P7-I2,s. 15(2),KNOWN,page 18,"(1)	 The Minister may, upon the recommendation of the 
Chief Executive, appoint any Government Entity or person to be 
the national critical information infrastructure sector lead 
for each of the national critical information infrastructure sectors.

Cyber Security
19
	 (2)	 The Minister may appoint more than one national critical 
information infrastructure sector lead for any of the national 
critical information infrastructure sectors.
	 (3)	 The names of the national critical information infrastructure 
sector leads appointed under this section shall be published in 
the official website of the National Cyber Security Agency.",This section permits the Minister to appoint sector leads and establishes the national critical information infrastructure governance framework. Maps to P7-I2 because it evidences a dedicated cybersecurity framework for critical infrastructure.,https://lom.agc.gov.my/ilims/upload/portal/akta/outputaktap/2177706_BI/Act%20854.pdf,0.91,Discovery: master dataset already records s. 15 of this law. Modality: may; exceptions: none,Sectoral (National critical information infrastructure sectors),,in_force
Malaysia,Cyber Security Act (Act 854) 2024,,,P7-I2,s. 15(3),KNOWN,page 18,"(1)	 The Minister may, upon the recommendation of the 
Chief Executive, appoint any Government Entity or person to be 
the national critical information infrastructure sector lead 
for each of the national critical information infrastructure sectors.

Cyber Security
19
	 (2)	 The Minister may appoint more than one national critical 
information infrastructure sector lead for any of the national 
critical information infrastructure sectors.
	 (3)	 The names of the national critical information infrastructure 
sector leads appointed under this section shall be published in 
the official website of the National Cyber Security Agency.","This section establishes the appointment and publication of national critical information infrastructure sector leads. Maps to P7-I2 because it evidences a dedicated cybersecurity governance framework for critical infrastructure, not a mere scattered security clause.",https://lom.agc.gov.my/ilims/upload/portal/akta/outputaktap/2177706_BI/Act%20854.pdf,0.91,Discovery: master dataset already records s. 15 of this law. Modality: may / shall; exceptions: none,Sectoral (National critical information infrastructure sectors),,in_force
Malaysia,Cyber Security Act (Act 854) 2024,,,P7-I2,s. 22(5),NEW,page 25,"(1)	 A national critical information infrastructure entity shall 
within the period as may be prescribed—
	
(a)	 conduct a cyber security risk assessment in respect of 
the national critical information infrastructure owned or 
operated by the national critical information infrastructure 
entity in accordance with the code of practice and 
directive; and
	
(b)	 cause to be carried out an audit by an auditor approved 
by the Chief Executive to determine the compliance of 
the national critical information infrastructure entity with 
this Act.","This section requires CIIs to conduct cyber security risk assessments and audits. Maps to P7-I2 because it evidences a dedicated cybersecurity framework for critical infrastructure risk assessment and compliance, not a lack of framework.",https://lom.agc.gov.my/ilims/upload/portal/akta/outputaktap/2177706_BI/Act%20854.pdf,0.95,"Discovery: instrument is known but s. 22 is not among its recorded provisions (['15', '27', '36', '38', '39', '4', '40', '46']). Modality: shall; exceptions: none",Sectoral (National critical information infrastructure (CIIs)),,in_force
Malaysia,Cyber Security Act (Act 854) 2024,,,P7-I2,s. 27(1),KNOWN,page 29,"(1)	 No person shall—
	
(a)	 provide any cyber security service; or
	
(b)	 advertise, or in any way hold himself out as a provider 
of a cyber security service,
unless he holds a licence to provide a cyber security service 
issued under this Part.","This section prohibits providing or holding out as a cyber security service provider unless licensed under this Part. It evidences a dedicated cybersecurity licensing framework, which is a controlling cybersecurity regulatory function for P7-I2.",https://lom.agc.gov.my/ilims/upload/portal/akta/outputaktap/2177706_BI/Act%20854.pdf,0.97,Discovery: master dataset already records s. 27 of this law. Modality: shall (prohibition) unless; exceptions: service provided by a company to its related company (subsection (3)),Horizontal,,in_force
Malaysia,Cyber Security Act (Act 854) 2024,,,P7-I2,s. 27(2),KNOWN,page 29,"(1)	 No person shall—
	
(a)	 provide any cyber security service; or
	
(b)	 advertise, or in any way hold himself out as a provider 
of a cyber security service,
unless he holds a licence to provide a cyber security service 
issued under this Part.","This section prohibits providing or holding out as a cyber security service provider unless licensed under this Part. It establishes a dedicated licensing framework for cybersecurity services, evidencing a horizontal cybersecurity regulatory framework. Function: licensing/authorization framework.",https://lom.agc.gov.my/ilims/upload/portal/akta/outputaktap/2177706_BI/Act%20854.pdf,0.97,Discovery: master dataset already records s. 27 of this law. Modality: shall not ... unless; exceptions: Subsection (3) excludes cyber security services provided by a company to its related company,Horizontal,,in_force
Malaysia,Cyber Security Act (Act 854) 2024,,,P7-I2,s. 27(3),KNOWN,page 29,"(1)	 No person shall—
	
(a)	 provide any cyber security service; or
	
(b)	 advertise, or in any way hold himself out as a provider 
of a cyber security service,
unless he holds a licence to provide a cyber security service 
issued under this Part.","This section prohibits unlicensed provision/advertising of cyber security services. Maps to P7-I2 because it establishes a dedicated cybersecurity licensing framework, evidencing a horizontal cybersecurity law rather than absence.",https://lom.agc.gov.my/ilims/upload/portal/akta/outputaktap/2177706_BI/Act%20854.pdf,0.98,Discovery: master dataset already records s. 27 of this law. Modality: shall not; exceptions: This Part shall not apply in the case where the cyber security service is provided by a company to its related company,Horizontal,,in_force
Malaysia,Cyber Security Act (Act 854) 2024,,,P7-I2,s. 27(4),KNOWN,page 29,"(1)	 No person shall—
	
(a)	 provide any cyber security service; or
	
(b)	 advertise, or in any way hold himself out as a provider 
of a cyber security service,
unless he holds a licence to provide a cyber security service 
issued under this Part.","This section prohibits unlicensed provision or holding out as a cyber security service provider. Maps to P7-I2 because it evidences a dedicated cybersecurity licensing framework, not merely scattered security clauses.",https://lom.agc.gov.my/ilims/upload/portal/akta/outputaktap/2177706_BI/Act%20854.pdf,0.97,Discovery: master dataset already records s. 27 of this law. Modality: shall (prohibition) unless licensed; exceptions: This Part shall not apply in the case where the cyber security service is provided by a company to its related company,Horizontal,,in_force
Malaysia,Cyber Security Act (Act 854) 2024,,,P7-I2,s. 27(5),KNOWN,page 29,"(1)	 No person shall—
	
(a)	 provide any cyber security service; or
	
(b)	 advertise, or in any way hold himself out as a provider 
of a cyber security service,
unless he holds a licence to provide a cyber security service 
issued under this Part.","This section prohibits unlicensed provision/holding out of cyber security services. Maps to P7-I2 because it establishes a dedicated cybersecurity licensing framework under the Act, evidencing a cybersecurity regulatory framework.",https://lom.agc.gov.my/ilims/upload/portal/akta/outputaktap/2177706_BI/Act%20854.pdf,0.97,Discovery: master dataset already records s. 27 of this law. Modality: shall not; exceptions: provided by a company to its related company,Horizontal,,in_force
Malaysia,Cyber Security Act (Act 854) 2024,,,P7-I2,s. 36,KNOWN,page 34,"The Minister may, in writing, authorize any public officer 
to exercise the powers of enforcement under this Act.","This section permits the Minister to authorize public officers to exercise enforcement powers under the Act. It evidences the cybersecurity enforcement framework, so it maps to P7-I2 as the controlling horizontal framework provision.",https://lom.agc.gov.my/ilims/upload/portal/akta/outputaktap/2177706_BI/Act%20854.pdf,0.97,"Discovery: master dataset already records s. 36 of this law. Modality: may, in writing; exceptions: none",Horizontal,,in_force
Malaysia,Cyber Security Act (Act 854) 2024,,,P7-I2,s. 63(1),NEW,page 48,"(1)	 The Minister may make regulations as may be necessary 
or expedient for the purpose of carrying into effect the provisions 
of this Act.

Cyber Security
49
	 (2)	 Without prejudice to the generality of subsection (1), the 
Minister may make regulations to prescribe—
	
(a)	 the period for the conduct of a cyber security risk 
assessment and the carrying out of audit;
	
(b)	 the period and manner in which the information relating 
to a cyber security incident shall be notified to 
the Chief Executive and the national critical information 
infrastructure sector lead;
	
(c)	 the cyber security service in respect of which a licence 
shall be obtained under this Act before it can be provided;
	
(d)	 the manner for the application of licence and renewal of 
licence under this Act;
	
(e)	 the fees payable under this Act;
	
(f)	 the offences which may be compounded and the forms to 
be used and the method and procedure for compounding 
the offences under this Act;
	
(g)	 any other matters required by this Act to be prescribed.","This section establishes delegated rulemaking for cyber security under the Act. Maps to P7-I2 because it evidences a dedicated horizontal cybersecurity framework, not a mere scattered security clause.",https://lom.agc.gov.my/ilims/upload/portal/akta/outputaktap/2177706_BI/Act%20854.pdf,0.91,"Discovery: instrument is known but s. 63 is not among its recorded provisions (['15', '27', '36', '38', '39', '4', '40', '46']). Modality: may; exceptions: none",Horizontal,,in_force
Malaysia,Anti-Money Laundering Act 2001 (Act 613),,,P7-I3,s. 17(4),NEW,page 37,"(1) Notwithstanding any provision of any written law pertaining 
to the retention of documents, a reporting institution shall maintain any 
account, record, business correspondence and document relating to an 
account, business relationship, transaction or activity with a customer 
or any person as well as the results of any analysis undertaken, as the 
case may be, for a period of at least six years from the date the account 
is closed or the business relationship, transaction or activity is 
completed or terminated.",This section requires reporting institutions to retain specified AML records for at least six years. It satisfies P7-I3 because it sets a clear minimum retention period (>= 6 years). Legal function: data retention requirement.,https://lom.agc.gov.my/ilims/upload/portal/akta/outputaktap/1719599_BI/010722_Act%20613_final.pdf,0.98,"Discovery: instrument not in the master dataset for Malaysia. Modality: shall (mandatory); exceptions: Subsections (1) and (2) will not apply where a reporting institution has transmitted the account, record, business correspondence and document to the competent authority or an enforcement agency.",Sectoral (Reporting institutions under Malaysia’s Anti-Money Laundering Act 2001 (Act 613)),,in_force
Malaysia,Anti-Money Laundering Act 2001 (Act 613),,,P7-I3,s. 17(5),NEW,page 37,"(1) Notwithstanding any provision of any written law pertaining 
to the retention of documents, a reporting institution shall maintain any 
account, record, business correspondence and document relating to an 
account, business relationship, transaction or activity with a customer 
or any person as well as the results of any analysis undertaken, as the 
case may be, for a period of at least six years from the date the account 
is closed or the business relationship, transaction or activity is 
completed or terminated.",This section requires reporting institutions to retain specified AML records for at least six years. It satisfies P7-I3 because it clearly sets a minimum retention period (>= 6 years). Legal function: data retention requirement.,https://lom.agc.gov.my/ilims/upload/portal/akta/outputaktap/1719599_BI/010722_Act%20613_final.pdf,0.98,"Discovery: instrument not in the master dataset for Malaysia. Modality: shall; exceptions: Subsections (1) and (2) will not apply where a reporting institution has transmitted the account, record, business correspondence and document to the competent authority or an enforcement agency.",Sectoral (Reporting institutions under Malaysia’s AML regime (Act 613)),,in_force
Malaysia,Anti-Money Laundering Act 2001 (Act 613),,,P7-I3,s. 17(6),NEW,page 37,"(1) Notwithstanding any provision of any written law pertaining 
to the retention of documents, a reporting institution shall maintain any 
account, record, business correspondence and document relating to an 
account, business relationship, transaction or activity with a customer 
or any person as well as the results of any analysis undertaken, as the 
case may be, for a period of at least six years from the date the account 
is closed or the business relationship, transaction or activity is 
completed or terminated.",This section requires reporting institutions to retain specified AML records for at least six years. It satisfies P7-I3 because it sets a clear minimum retention period (>= 6 years). Function: data retention requirement.,https://lom.agc.gov.my/ilims/upload/portal/akta/outputaktap/1719599_BI/010722_Act%20613_final.pdf,0.98,"Discovery: instrument not in the master dataset for Malaysia. Modality: shall; exceptions: Subsections (1) and (2) will not apply where a reporting institution has transmitted the account, record, business correspondence and document to the competent authority or an enforcement agency.",Sectoral (Reporting institutions under Malaysia’s AML regime (Act 613)),,in_force
Malaysia,Companies Act 2016 (Act 777),,,P7-I3,s. 341(3),NEW,page 321,"(2)	 The records shall be kept for at least seven years from the 
date of the resolution, meeting or decision, as the case may be.",This section requires companies to retain specified records for at least seven years. Maps to P7-I3 because it sets a clear minimum retention period (>= 7 years).,https://lom.agc.gov.my/ilims/upload/portal/akta/outputaktap/aktaBI_20160915_CompaniesAct2016Act777.pdf,0.98,"Discovery: instrument is known but s. 341 is not among its recorded provisions (['14', '15', '196', '2.1', '561', '562', '567']). Modality: shall (mandatory); exceptions: none",Sectoral,,in_force
Malaysia,Companies Act 2016 (Act 777),,,P7-I3,s. 341(4),NEW,page 321,"(2)	 The records shall be kept for at least seven years from the 
date of the resolution, meeting or decision, as the case may be.",This section requires companies to keep specified records for at least seven years. Maps to P7-I3 because it sets a clear minimum retention period (>= 7 years). Legal function: minimum data retention requirement.,https://lom.agc.gov.my/ilims/upload/portal/akta/outputaktap/aktaBI_20160915_CompaniesAct2016Act777.pdf,0.98,"Discovery: instrument is known but s. 341 is not among its recorded provisions (['14', '15', '196', '2.1', '561', '562', '567']). Modality: shall (mandatory); exceptions: none",Horizontal,,in_force
Malaysia,Companies Act 2016 (Act 777),,,P7-I3,s. 341(5),NEW,page 321,"(2)	 The records shall be kept for at least seven years from the 
date of the resolution, meeting or decision, as the case may be.",This section requires companies to keep specified records for at least seven years. Maps to P7-I3 because it sets a clear minimum retention period (>= 7 years).,https://lom.agc.gov.my/ilims/upload/portal/akta/outputaktap/aktaBI_20160915_CompaniesAct2016Act777.pdf,0.98,"Discovery: instrument is known but s. 341 is not among its recorded provisions (['14', '15', '196', '2.1', '561', '562', '567']). Modality: shall (mandatory); exceptions: none",Sectoral (Companies (corporate entities under Act 777)),,in_force
Malaysia,Cyber Security Act (Act 854) 2024,,,P7-I3,s. 32(2),NEW,page 31,"(2)	 The information referred to in subsection (1) shall be—
	
(a)	 kept and maintained in the manner as may be determined 
by the Chief Executive;
	
(b)	 retained for a period of not less than six years from the 
date the cyber security service was provided; and
	
(c)	 produced to the Chief Executive at any time as the 
Chief Executive may direct.",This section requires licensees to retain specified cyber security service records for at least six years. It satisfies P7-I3 because it clearly sets a minimum retention period (>= six years).,https://lom.agc.gov.my/ilims/upload/portal/akta/outputaktap/2177706_BI/Act%20854.pdf,0.98,"Discovery: instrument is known but s. 32 is not among its recorded provisions (['15', '27', '36', '38', '39', '4', '40', '46']). Modality: shall; exceptions: none",Sectoral (Cyber security services (licensed licensees under Act 854)),,in_force
Malaysia,PDP Commissioner Circular 1/2025 - Appointment of Data Protection Officer,,,P7-I4,s. 10(1),NEW,page 2,"(1) 
Seksyen 12A Akta 709 memperuntukkan keperluan kepada pengawal 
data dan pemproses data untuk melantik seorang atau lebih pegawai 
perlindungan data.",This provision establishes a requirement for data controllers and data processors to appoint one or more data protection officers. Maps to P7-I4 because it creates an accountability mechanism requiring a DPO.,https://www.pdp.gov.my/ppdpv1/wp-content/uploads/2025/02/Pekeliling-DPO.pdf,0.78,Discovery: instrument not in the master dataset for Malaysia. Modality: keperluan (requirement); exceptions: none,Horizontal,,in_force
Malaysia,PDP Commissioner Circular 1/2025 - Appointment of Data Protection Officer,,,P7-I4,s. 10(9),NEW,page 6,"Pengawal data dan pemproses data hendaklah dengan 
seberapa segera melantik seorang pegawai perlindungan data interim 
untuk memantau komunikasi yang dihantar melalui alamat e-mel 
perniagaan rasmi pegawai perlindungan data.",This s.10(9) requires data controllers and processors to appoint an interim DPO when the appointed DPO stops service. Maps to P7-I4 because it creates an accountability mechanism requiring a DPO role.,https://www.pdp.gov.my/ppdpv1/wp-content/uploads/2025/02/Pekeliling-DPO.pdf,0.86,Discovery: instrument not in the master dataset for Malaysia. Modality: shall (hendaklah); exceptions: none,Sectoral (All sectors covered by the PDP Commissioner Circular (PDP framework)),,in_force
Malaysia,Personal Data Protection (Amendment) Act 2024 (Act A1727),,,P7-I4,s. 12A(1),NEW,page 6,"(1)  Seseorang pengawal data hendaklah melantik 
seorang atau lebih pegawai perlindungan data yang hendaklah 
bertanggungan kepada pengawal data bagi pematuhan Akta ini.",This section requires a data controller to appoint one or more data protection officers responsible for compliance. It maps to P7-I4 because it creates an accountability mechanism (mandatory DPO) under the Act.,https://www.pdp.gov.my/ppdpv1/wp-content/uploads/2024/11/Akta-A1727-bm.pdf,0.93,"Discovery: instrument is known but s. 12A is not among its recorded provisions (['1.1', '112', '113', '114', '12', '121', '129', '3.1.5', '4.11', '45', '5', '6', '9', 'sch1']). Modality: shall (hendaklah); exceptions: none",Horizontal,,in_force
Malaysia,Personal Data Protection (Amendment) Act 2024 (Act A1727),,,P7-I4,s. 12A(3),NEW,page 6,"(1)  Seseorang pengawal data hendaklah melantik 
seorang atau lebih pegawai perlindungan data yang hendaklah 
bertanggungan kepada pengawal data bagi pematuhan Akta ini.",This section requires a data controller to appoint one or more data protection officers for compliance. It maps to P7-I4 because it creates an accountability mechanism (mandatory DPO) under the Act.,https://www.pdp.gov.my/ppdpv1/wp-content/uploads/2024/11/Akta-A1727-bm.pdf,0.93,"Discovery: instrument is known but s. 12A is not among its recorded provisions (['1.1', '112', '113', '114', '12', '121', '129', '3.1.5', '4.11', '45', '5', '6', '9', 'sch1']). Modality: hendaklah (must); exceptions: none",Horizontal,,in_force
Malaysia,Anti-Money Laundering Act 2001 (Act 613),,,P7-I5,s. 31(3),NEW,page 55,"(3)  An investigating officer may take possession of, and detain for 
such duration as he thinks necessary, any property, document or 
information produced before him in the course of his investigation or 
found on the person who is being searched by him.","This subsection permits an investigating officer to take possession of and detain property, documents or information. Maps to P7-I5 because it authorises government access to personal data without independent judicial authorization; the function is warrantless investigative seizure/access.",https://lom.agc.gov.my/ilims/upload/portal/akta/outputaktap/1719599_BI/010722_Act%20613_final.pdf,0.95,Discovery: instrument not in the master dataset for Malaysia. Modality: may; exceptions: none,Sectoral (Anti-money laundering / investigations),,in_force
Malaysia,Anti-Money Laundering Act 2001 (Act 613),,,P7-I5,s. 37(1),NEW,page 63,"(1) An investigating officer may, by a notice in writing, require 
any person to deliver to him any property, document or information 
which he has reason to suspect has been used in the commission of 
an offence under this Act or is able to assist in the investigation of 
an offence under this Act that is in the possession or custody of, or 
under the control of, that person or within the power of that person 
to furnish.",This section permits an investigating officer to require delivery of property/documents/information for AML investigations without prior independent judicial authorization. It maps to P7-I5 because access is warrantless and not court-gated; no judicial safeguard is stated. Legal function: compulsory,https://lom.agc.gov.my/ilims/upload/portal/akta/outputaktap/1719599_BI/010722_Act%20613_final.pdf,0.78,Discovery: instrument not in the master dataset for Malaysia. Modality: may (by written notice) require; exceptions: none,Horizontal,,in_force
Malaysia,Computer Crimes Act (Act 563) 1997,,,P7-I5,s. 10(2),NEW,page 10,"(2) Whenever it appears to any police officer of or
above the rank of Inspector that there is reasonable cause
to believe that in any premises there is concealed or
deposited any evidence of the commission of an offence
under this Act, and the police officer has reasonable
grounds for believing that by reason of the delay in
obtaining a search warrant the object of the search is
likely to be frustrated, he may exercise in and in respect
of the premises all the powers mentioned in subsection
(1) in as full and ample a measure as if he were empowered
to do so by warrant issued under that subsection.","This section permits a police officer to exercise search and access powers over premises and computer data. Maps to P7-I5 because subsection (2) authorizes warrantless access in exigent circumstances, even though subsection (1) is warrant-based. Function: emergency warrantless search/access.",https://lom.agc.gov.my/ilims/upload/portal/akta/outputaktap/575_BI/ACT%20563%20-%20WARTA%20ASAL.pdf,0.95,"Discovery: instrument is known but s. 10 is not among its recorded provisions (['15', '27', '36']). Modality: may; exceptions: none",Sectoral (Law enforcement / criminal investigations (computer crimes)),,in_force
Malaysia,Criminal Procedure Code (Act 593) 2018,,,P7-I5,s. 116B(1),KNOWN,page 80,"(1) A police officer not below the rank of Inspector
conducting a search under this Code shall be given access to
computerized data whether stored in a computer or otherwise.","This section requires police conducting a search to be given access to computerized data. Maps to P7-I5 because it authorises government access in the course of a search without stating any independent judicial authorization; the judicial safeguard, if any, lies elsewhere in the search power. Functi",https://ccid.rmp.gov.my/Laws/Act_593_-_Criminal_Procedure_Code_(CPC).pdf,0.93,Discovery: master dataset already records s. 116B of this law. Modality: shall be given; exceptions: none,Sectoral (Criminal procedure / law enforcement),,in_force
Malaysia,Criminal Procedure Code (Act 593) 2018,,,P7-I5,s. 116B(2),KNOWN,page 80,"(1) A police officer not below the rank of Inspector
conducting a search under this Code shall be given access to
computerized data whether stored in a computer or otherwise.",This section requires police conducting a search to be given access to computerized data. Maps to P7-I5 because it authorises government access in the course of a search without any independent judicial authorization condition; the judicial safeguard is absent here. Function: search-related data acc,https://ccid.rmp.gov.my/Laws/Act_593_-_Criminal_Procedure_Code_(CPC).pdf,0.96,Discovery: master dataset already records s. 116B of this law. Modality: shall be given; exceptions: none,Sectoral (criminal procedure / law enforcement),,in_force
Malaysia,Criminal Procedure Code (Act 593) 2018,,,P7-I5,s. 116B(3),KNOWN,page 80,"(1) A police officer not below the rank of Inspector
conducting a search under this Code shall be given access to
computerized data whether stored in a computer or otherwise.",This section requires access to computerized data for a police officer conducting a search. Maps to P7-I5 because it establishes government access to personal data in criminal procedure without any independent judicial authorization requirement in the text.,https://ccid.rmp.gov.my/Laws/Act_593_-_Criminal_Procedure_Code_(CPC).pdf,0.93,Discovery: master dataset already records s. 116B of this law. Modality: shall be given; exceptions: none,Sectoral (Law enforcement / criminal procedure),,in_force
Malaysia,Criminal Procedure Code (Act 593) 2018,,,P7-I5,s. 116C(1),KNOWN,page 81,"(1) Notwithstanding any written law to the contrary, the
Public Prosecutor, if he considers that it is likely to contain
any information relating to the commission of an offence, may
authorize a police officer—
(a) to intercept, detain and open any postal article in the
course of transmission by post;
(b) to intercept any message transmitted or received by any
communication; or
(c) to intercept, listen to or record any conversation by
communication.",This section permits the Public Prosecutor to authorize police to intercept/detain/open postal articles. Maps to P7-I5 because access is authorized by a prosecutor (not an independent judicial body/court warrant). Legal function: investigative interception authorization.,https://ccid.rmp.gov.my/Laws/Act_593_-_Criminal_Procedure_Code_(CPC).pdf,0.86,Discovery: master dataset already records s. 116C of this law. Modality: may authorize; exceptions: none,Sectoral,,in_force
Malaysia,Criminal Procedure Code (Act 593) 2018,,,P7-I5,s. 116C(2),KNOWN,page 81,"(2) The Public Prosecutor, ifhe considers that any communication
is likely to contain any information relating to the commission
of an offence, may—
(a) require a communications service provider to intercept and
retain a specified communication or communications of
a specified description received or transmitted, or about
to be received or transmitted by that communications
service provider; or
(b) authorize a police officer to enter any premises and to install
on such premises, any device for the interception and
retention of a specified communication or communications
of a specified description and to remove and retain such
device.","This section permits interception and retention of communications. Maps to P7-I5 because access is authorized by the Public Prosecutor, not an independent judicial body; the judicial safeguard is only that the Court takes cognizance later.",https://ccid.rmp.gov.my/Laws/Act_593_-_Criminal_Procedure_Code_(CPC).pdf,0.97,Discovery: master dataset already records s. 116C of this law. Modality: may; exceptions: none,Sectoral (Communications/telecommunications interception by law enforcement),,in_force
Malaysia,Criminal Procedure Code (Act 593) 2018,,,P7-I5,s. 116C(3),KNOWN,page 81,"(1) Notwithstanding any written law to the contrary, the
Public Prosecutor, if he considers that it is likely to contain
any information relating to the commission of an offence, may
authorize a police officer—
(a) to intercept, detain and open any postal article in the
course of transmission by post;
(b) to intercept any message transmitted or received by any
communication; or
(c) to intercept, listen to or record any conversation by
communication.","This section permits the Public Prosecutor to authorize police to intercept/detain/open postal articles on likelihood of offence-related information. Maps to P7-I5 because access is authorized by a prosecutor, not an independent court/warrant.",https://ccid.rmp.gov.my/Laws/Act_593_-_Criminal_Procedure_Code_(CPC).pdf,0.86,Discovery: master dataset already records s. 116C of this law. Modality: may (conditional on prosecutor’s consideration); exceptions: none,Sectoral (Criminal investigation / law enforcement),,in_force
Malaysia,Criminal Procedure Code (Act 593) 2018,,,P7-I5,s. 116C(4),KNOWN,page 81,"(1) Notwithstanding any written law to the contrary, the
Public Prosecutor, if he considers that it is likely to contain
any information relating to the commission of an offence, may
authorize a police officer—
(a) to intercept, detain and open any postal article in the
course of transmission by post;
(b) to intercept any message transmitted or received by any
communication; or
(c) to intercept, listen to or record any conversation by
communication.","This section permits the Public Prosecutor to authorize police to intercept/detain/open postal articles on likelihood of offence-related information. Maps to P7-I5 because access is authorized by a prosecutor, not an independent judicial body (court/warrant). Function: lawful interception authorizat",https://ccid.rmp.gov.my/Laws/Act_593_-_Criminal_Procedure_Code_(CPC).pdf,0.86,Discovery: master dataset already records s. 116C of this law. Modality: may (conditional on prosecutor’s consideration); exceptions: none,Sectoral (Criminal investigation / law enforcement),,in_force
Malaysia,Criminal Procedure Code (Act 593) 2018,,,P7-I5,s. 116C(5),KNOWN,page 81,"(1) Notwithstanding any written law to the contrary, the
Public Prosecutor, if he considers that it is likely to contain
any information relating to the commission of an offence, may
authorize a police officer—
(a) to intercept, detain and open any postal article in the
course of transmission by post;
(b) to intercept any message transmitted or received by any
communication; or
(c) to intercept, listen to or record any conversation by
communication.
(2) The Public Prosecutor, ifhe considers that any communication
is likely to contain any information relating to the commission
of an offence, may—
(a) require a communications service provider to intercept and
retain a specified communication or communications of
a specified description received or transmitted, or about
to be received or transmitted by that communications
service provider; or
(b) authorize a police officer to enter any premises and to install
on such premises, any device for the interception and
retention of a specified communication or communications
of a specified description and to remove and retain such
device.","This section authorizes interception and retention of communications. Maps to P7-I5 because access is permitted by the Public Prosecutor, not an independent judicial body; the court merely takes cognizance, so no warrant is required.",https://ccid.rmp.gov.my/Laws/Act_593_-_Criminal_Procedure_Code_(CPC).pdf,0.97,Discovery: master dataset already records s. 116C of this law. Modality: may authorize / may require; exceptions: Notwithstanding any written law to the contrary,Sectoral (Law enforcement / criminal investigations),,in_force
Malaysia,Cyber Security Act (Act 854) 2024,,,P7-I5,s. 39(5),KNOWN,page 35,"(1)	 Where it appears to a Magistrate, upon written information 
on oath from an authorized officer and after such inquiry as the 
Magistrate considers necessary, that there is reasonable cause to 
believe that—
	
(a)	 any premises have been used in; or
	
(b)	 there is in any premises evidence necessary to the 
carrying out of an investigation into,
the commission of an offence under this Act, the Magistrate may 
issue a warrant authorizing the authorized officer named in the 
warrant, at any reasonable time by day or by night and with or 
without assistance, to enter the premises and if need be by force.","This section permits issuance of a search warrant. Maps to P7-I5 because access to premises/data is judicially gated by a Magistrate warrant, so it is not warrantless; the judicial safeguard is the warrant requirement.",https://lom.agc.gov.my/ilims/upload/portal/akta/outputaktap/2177706_BI/Act%20854.pdf,0.97,Discovery: master dataset already records s. 39 of this law. Modality: may issue a warrant; exceptions: none,Sectoral (cybersecurity / criminal investigation),,in_force
Malaysia,Cyber Security Act (Act 854) 2024,,,P7-I5,s. 40,KNOWN,page 37,"If an authorized officer is satisfied upon information received 
that he has reasonable cause to believe that by reason of delay 
in obtaining a search warrant under section 39 the investigation 
would be adversely affected or evidence of the commission of 
an offence is likely to be tampered with, removed, damaged or 
destroyed, the authorized officer may enter the premises and 
exercise in, upon and in respect of the premises all the powers 
referred to in section 39 in as full and ample a manner as if he 
were authorized to do so by a warrant issued under that section.","This s.40 permits warrantless entry and exercise of search powers by an authorized officer in exigent circumstances. Maps to P7-I5 because government access to personal data is allowed before independent judicial authorization, with only a later/fictional warrant-equivalent safeguard.",https://lom.agc.gov.my/ilims/upload/portal/akta/outputaktap/2177706_BI/Act%20854.pdf,0.97,Discovery: master dataset already records s. 40 of this law. Modality: may; exceptions: none,Horizontal,,in_force
Malaysia,Security Offences (Special Measures) Act (Act 747) 2012,,,P7-I5,s. 6(1),KNOWN,page 9,"(1)	 Notwithstanding any other written law, the Public Prosecutor, 
if he considers that it is likely to contain any information relating 
to the commission of a security offence, may authorize any police 
officer—
	
(a)	 to intercept, detain and open any postal article in the 
course of transmission by post;
	
(b)	 to intercept any message transmitted or received by any 
communication; or
	
(c)	 to intercept or listen to any conversation by any 
communication.",This section permits the Public Prosecutor to authorize police interception/opening of postal articles. Maps to P7-I5 because government access to personal data is allowed without independent judicial authorization; court cognizance in s.6(5) is not a prior warrant/court order.,https://lom.agc.gov.my/ilims/upload/portal/akta/outputaktap/20120622_747_BI_Act%20747%20BI.pdf,0.97,"Discovery: master dataset already records s. 6 of this law. Modality: may authorize; exceptions: Subsection (3) allows a police officer not below Superintendent to intercept without Public Prosecutor authorization in urgent and sudden cases; subsection (5) says the court shall take cognizance of any authorization, but does not require prior judicial approval.",Sectoral (communications/postal and telecommunications interception),,in_force
Malaysia,Security Offences (Special Measures) Act (Act 747) 2012,,,P7-I5,s. 6(2),KNOWN,page 9,"(3)	 Notwithstanding subsection (1), a police officer not below 
the rank of Superintendent of Police may—
	
(a)	 intercept, detain and open any postal article in the course 
of transmission by post;
	
(b)	 intercept any message transmitted or received by any 
communication; or
	
(c)	 intercept or listen to any conversation by any 
communication,
without authorization of the Public Prosecutor in urgent and 
sudden cases where immediate action is required leaving no 
moment of deliberation.",This section permits police (Superintendent+) to intercept/open communications and postal articles without Public Prosecutor authorization in urgent/sudden cases. It maps to P7-I5 because government access is allowed without independent judicial authorization (court warrant).,https://lom.agc.gov.my/ilims/upload/portal/akta/outputaktap/20120622_747_BI_Act%20747%20BI.pdf,0.86,"Discovery: master dataset already records s. 6 of this law. Modality: may (warrantless/authorization-free); exceptions: Notwithstanding subsection (1) (i.e., overrides the Public Prosecutor authorization requirement)",Sectoral (Communications and postal (electronic monitoring/interception)),,in_force
Malaysia,Security Offences (Special Measures) Act (Act 747) 2012,,,P7-I5,s. 6(3),KNOWN,page 9,"(3)	 Notwithstanding subsection (1), a police officer not below 
the rank of Superintendent of Police may—
	
(a)	 intercept, detain and open any postal article in the course 
of transmission by post;
	
(b)	 intercept any message transmitted or received by any 
communication; or
	
(c)	 intercept or listen to any conversation by any 
communication,
without authorization of the Public Prosecutor in urgent and 
sudden cases where immediate action is required leaving no 
moment of deliberation.","This section permits warrantless interception/opening/listening by police. Maps to P7-I5 because government access to personal data is authorized without independent judicial authorization; the safeguard is only Public Prosecutor approval, with an urgent-case exception.",https://lom.agc.gov.my/ilims/upload/portal/akta/outputaktap/20120622_747_BI_Act%20747%20BI.pdf,0.97,Discovery: master dataset already records s. 6 of this law. Modality: may; exceptions: Notwithstanding subsection (1); without authorization of the Public Prosecutor in urgent and sudden cases,Sectoral (Telecommunications/Postal communications),,in_force
Malaysia,Security Offences (Special Measures) Act (Act 747) 2012,,,P7-I5,s. 6(4),KNOWN,page 9,"(3)	 Notwithstanding subsection (1), a police officer not below 
the rank of Superintendent of Police may—
	
(a)	 intercept, detain and open any postal article in the course 
of transmission by post;
	
(b)	 intercept any message transmitted or received by any 
communication; or
	
(c)	 intercept or listen to any conversation by any 
communication,
without authorization of the Public Prosecutor in urgent and 
sudden cases where immediate action is required leaving no 
moment of deliberation.","This section permits warrantless interception/opening/listening by police in urgent cases. Maps to P7-I5 because government access to communications data is allowed without independent judicial authorization; the safeguard is only post hoc Public Prosecutor notice, not a court order.",https://lom.agc.gov.my/ilims/upload/portal/akta/outputaktap/20120622_747_BI_Act%20747%20BI.pdf,0.97,Discovery: master dataset already records s. 6 of this law. Modality: may; exceptions: Notwithstanding subsection (1); without authorization of the Public Prosecutor in urgent and sudden cases,Sectoral (Law enforcement / national security investigations (security offences)),,in_force
Malaysia,Security Offences (Special Measures) Act (Act 747) 2012,,,P7-I5,s. 6(5),KNOWN,page 9,"(3)	 Notwithstanding subsection (1), a police officer not below 
the rank of Superintendent of Police may—
	
(a)	 intercept, detain and open any postal article in the course 
of transmission by post;
	
(b)	 intercept any message transmitted or received by any 
communication; or
	
(c)	 intercept or listen to any conversation by any 
communication,
without authorization of the Public Prosecutor in urgent and 
sudden cases where immediate action is required leaving no 
moment of deliberation.","This section permits police interception/opening of communications and postal articles. Maps to P7-I5 because access is allowed without independent judicial authorization; the safeguard is only Public Prosecutor authorization, with later court cognizance, not a warrant.",https://lom.agc.gov.my/ilims/upload/portal/akta/outputaktap/20120622_747_BI_Act%20747%20BI.pdf,0.97,Discovery: master dataset already records s. 6 of this law. Modality: may; exceptions: Notwithstanding subsection (1); without authorization of the Public Prosecutor in urgent and sudden cases,Sectoral (Communications/Postal interception for security offences),,in_force
Malaysia,Security Offences (Special Measures) Act (Act 747) 2012,,,P7-I5,s. 6(6),KNOWN,page 9,"(3)	 Notwithstanding subsection (1), a police officer not below 
the rank of Superintendent of Police may—
	
(a)	 intercept, detain and open any postal article in the course 
of transmission by post;
	
(b)	 intercept any message transmitted or received by any 
communication; or
	
(c)	 intercept or listen to any conversation by any 
communication,
without authorization of the Public Prosecutor in urgent and 
sudden cases where immediate action is required leaving no 
moment of deliberation.","This section permits police to intercept, detain, open, or listen to communications. Maps to P7-I5 because it authorizes government access to personal data without independent judicial authorization; the safeguard is only Public Prosecutor authorization, with an urgent-case exception.",https://lom.agc.gov.my/ilims/upload/portal/akta/outputaktap/20120622_747_BI_Act%20747%20BI.pdf,0.96,Discovery: master dataset already records s. 6 of this law. Modality: may; exceptions: Notwithstanding subsection (1); without authorization of the Public Prosecutor in urgent and sudden cases,Sectoral (Security offences / communications interception),,in_force
Malaysia,Security Offences (Special Measures) Act (Act 747) 2012,,,P7-I5,s. 6(7),KNOWN,page 9,"(3)	 Notwithstanding subsection (1), a police officer not below 
the rank of Superintendent of Police may—
	
(a)	 intercept, detain and open any postal article in the course 
of transmission by post;
	
(b)	 intercept any message transmitted or received by any 
communication; or
	
(c)	 intercept or listen to any conversation by any 
communication,
without authorization of the Public Prosecutor in urgent and 
sudden cases where immediate action is required leaving no 
moment of deliberation.","This section permits police to intercept, detain and open postal articles without prior Public Prosecutor authorization in urgent cases. Maps to P7-I5 because it authorizes government access to personal data without independent judicial authorization; court cognizance is not a warrant safeguard.",https://lom.agc.gov.my/ilims/upload/portal/akta/outputaktap/20120622_747_BI_Act%20747%20BI.pdf,0.95,Discovery: master dataset already records s. 6 of this law. Modality: may; exceptions: Notwithstanding subsection (1); immediate post-action notice to the Public Prosecutor under subsection (4); court takes cognizance under subsection (5),Sectoral (Communications (postal and electronic communications interception)),,in_force
Malaysia,Security Offences (Special Measures) Act (Act 747) 2012,,,P7-I5,s. 6(8),KNOWN,page 9,"(3)	 Notwithstanding subsection (1), a police officer not below 
the rank of Superintendent of Police may—
	
(a)	 intercept, detain and open any postal article in the course 
of transmission by post;
	
(b)	 intercept any message transmitted or received by any 
communication; or
	
(c)	 intercept or listen to any conversation by any 
communication,
without authorization of the Public Prosecutor in urgent and 
sudden cases where immediate action is required leaving no 
moment of deliberation.","This section permits warrantless interception by police in urgent cases. Maps to P7-I5 because it authorizes government access to personal communications without independent judicial authorization; the safeguard is Public Prosecutor authorization, not a court order.",https://lom.agc.gov.my/ilims/upload/portal/akta/outputaktap/20120622_747_BI_Act%20747%20BI.pdf,0.98,Discovery: master dataset already records s. 6 of this law. Modality: may; exceptions: Notwithstanding subsection (1); without authorization of the Public Prosecutor in urgent and sudden cases,Sectoral (Communications (postal and electronic)),,in_force
Malaysia,Security Offences (Special Measures) Act (Act 747) 2012,,,P7-I5,s. 6(9),KNOWN,page 9,"(3)	 Notwithstanding subsection (1), a police officer not below 
the rank of Superintendent of Police may—
	
(a)	 intercept, detain and open any postal article in the course 
of transmission by post;
	
(b)	 intercept any message transmitted or received by any 
communication; or
	
(c)	 intercept or listen to any conversation by any 
communication,
without authorization of the Public Prosecutor in urgent and 
sudden cases where immediate action is required leaving no 
moment of deliberation.","This section permits police officers to intercept, detain and open postal articles. Maps to P7-I5 because it authorizes government access to personal data without independent judicial authorization; the safeguard is PP authorization, not a court order. Function: warrantless interception authorizatio",https://lom.agc.gov.my/ilims/upload/portal/akta/outputaktap/20120622_747_BI_Act%20747%20BI.pdf,0.95,Discovery: master dataset already records s. 6 of this law. Modality: may; exceptions: without authorization of the Public Prosecutor in urgent and sudden cases where immediate action is required leaving no moment of deliberation; The court shall take cognizance of any authorization by the Public Prosecutor under this section,Sectoral (Communications/Postal interception (law enforcement)),,in_force
Australia,Privacy Act 1988,,,P6-I1,n/a,KNOWN,n/a,NO_EVIDENCE_FOUND_PENDING_REVIEW,"No qualifying provision found for P6-I1 after a full-corpus sweep. The configured governing law is cited as the reference basis (score-0 pattern, A3).",https://www.legislation.gov.au/C2004A03712/latest,0.6,Absence row (NO_EVIDENCE_FOUND_PENDING_REVIEW): human approval required before this becomes a score-0 final row (P3.5 A3).,Horizontal,,in_force
Australia,My Health Records Act 2012,,2026-07,P6-I2,s. 77(1),KNOWN,page 101,"(1) The System Operator, a registered repository operator, a registered 
portal operator or a registered contracted service provider that 
holds records for the purposes of the My Health Record system 
(whether or not the records are also held for other purposes) or has 
access to information relating to such records, must not: 
 
(a) hold the records, or take the records, outside Australia; or 
 
(b) process or handle the information relating to the records 
outside Australia; or 
 
(c) cause or permit another person: 
 
(i) to hold the records, or take the records, outside 
Australia; or 
 
(ii) to process or handle the information relating to the 
records outside Australia.",ESCAP master-known anchor deterministically reconciled from the current canonical corpus; pending named legal review.,https://www.legislation.gov.au/C2012A00063/latest,0.5,Discovery: master dataset already records s. 77 of this law. Modality: n/a; exceptions: none,Horizontal,,in_force
Australia,Privacy Act 1988,,,P6-I3,n/a,KNOWN,n/a,NO_EVIDENCE_FOUND_PENDING_REVIEW,"No qualifying provision found for P6-I3 after a full-corpus sweep. The configured governing law is cited as the reference basis (score-0 pattern, A3).",https://www.legislation.gov.au/C2004A03712/latest,0.6,Absence row (NO_EVIDENCE_FOUND_PENDING_REVIEW): human approval required before this becomes a score-0 final row (P3.5 A3).,Horizontal,,in_force
Australia,Privacy Act 1988,,,P6-I4,n/a,KNOWN,n/a,NO_EVIDENCE_FOUND_PENDING_REVIEW,"No qualifying provision found for P6-I4 after a full-corpus sweep. The configured governing law is cited as the reference basis (score-0 pattern, A3).",https://www.legislation.gov.au/C2004A03712/latest,0.6,Absence row (NO_EVIDENCE_FOUND_PENDING_REVIEW): human approval required before this becomes a score-0 final row (P3.5 A3).,Horizontal,,in_force
Australia,Privacy Act 1988,,,P6-I5,n/a,KNOWN,n/a,NO_EVIDENCE_FOUND_PENDING_REVIEW,"No qualifying provision found for P6-I5 after a full-corpus sweep. The configured governing law is cited as the reference basis (score-0 pattern, A3).",https://www.legislation.gov.au/C2004A03712/latest,0.6,Absence row (NO_EVIDENCE_FOUND_PENDING_REVIEW): human approval required before this becomes a score-0 final row (P3.5 A3).,Horizontal,,in_force
Australia,Privacy Act 1988,,,P7-I1,n/a,KNOWN,n/a,NO_EVIDENCE_FOUND_PENDING_REVIEW,"No qualifying provision found for P7-I1 after a full-corpus sweep. The configured governing law is cited as the reference basis (score-0 pattern, A3).",https://www.legislation.gov.au/C2004A03712/latest,0.6,Absence row (NO_EVIDENCE_FOUND_PENDING_REVIEW): human approval required before this becomes a score-0 final row (P3.5 A3).,Horizontal,,in_force
Australia,Cyber Security Act 2024,,2024-11,P7-I2,s. 36(2),NEW,page 48,"(2) The National Cyber Security Coordinator may collect and use the 
information for the purposes of determining whether the incident is 
a cyber security incident or a significant cyber security incident.",This section permits the National Cyber Security Coordinator to collect and use incident information to determine incident classification. Maps to P7-I2 because it evidences a dedicated cybersecurity coordination/incident framework.,https://www.legislation.gov.au/C2024A00098/latest,0.78,Discovery: instrument not in the master dataset for Australia. Modality: may; exceptions: none,Horizontal,,in_force
Australia,Cyber Security Act 2024,,2024-11,P7-I2,s. 62(1),NEW,page 75,"(1) The functions of the Board are:
(a) to cause reviews to be conducted by review panels in relation 
to cyber security incidents, or series of related cyber security 
incidents, to:
(i) identify factors that contributed to the incident or series 
of incidents; and
(ii) make recommendations to government and industry 
about actions that could be taken to prevent, detect, 
respond to or minimise the impact of, incidents of a 
similar nature in the future; and
(iii) report publicly on the review; and
(b) any other functions conferred on the Board by this Act or the 
rules.","This section establishes the Board’s incident-review function. Maps to P7-I2 because it evidences the cybersecurity incident-response/review framework, which is the controlling framework provision for a dedicated cybersecurity law.",https://www.legislation.gov.au/C2024A00098/latest,0.91,Discovery: instrument not in the master dataset for Australia. Modality: are / to cause; exceptions: none,Horizontal,,in_force
Australia,Security of Critical Infrastructure Act 2018,,2026-06,P7-I2,s. 3,NEW,page 14,"The object of this Act is to provide a framework for managing risks 
relating to critical infrastructure, including by: 
 
(a) improving the transparency of the ownership and operational 
control of critical infrastructure in Australia in order to better 
understand those risks; and 
 
(b) facilitating cooperation and collaboration between all levels 
of government, and regulators, owners and operators of 
critical infrastructure, in order to identify and manage those 
risks; and 
 
(c) requiring responsible entities for critical infrastructure assets 
to identify and manage risks relating to those assets; and 
 
(d) imposing enhanced cyber security obligations on relevant 
entities for systems of national significance in order to 
improve their preparedness for, and ability to respond to, 
cyber security incidents; and 
 
(da) imposing enhanced security obligations on responsible 
entities for critical telecommunications assets; and 
 
(e) providing a regime for the Commonwealth to respond to 
serious incidents relating to critical infrastructure assets.","This section establishes a framework for managing critical-infrastructure risks, including requiring responsible entities to identify/manage risks and imposing enhanced cyber security obligations for systems of national significance. Maps to P7-I2 because it evidences a dedicated cybersecurity/incid",https://www.legislation.gov.au/C2018A00029/latest,0.86,Discovery: instrument is known but s. 3 is not among its recorded provisions (none recorded). Modality: to provide (framework); requiring; imposing; providing; exceptions: none,Sectoral (Critical infrastructure (including critical telecommunications)),,in_force
Australia,Security of Critical Infrastructure Act 2018,,2026-06,P7-I2,s. 30CB(1),NEW,page 130,"(1) The Secretary may, by written notice given to an entity that is the 
responsible entity for a system of national significance, determine 
that the statutory incident response planning obligations apply to 
the entity in relation to: 
 
(a) the system; and 
 
(b) cyber security incidents.","This section permits the Secretary to determine (via written notice) that statutory incident response planning obligations apply to a responsible entity for a national-significance system, including for cyber security incidents. Maps to P7-I2 because it evidences a dedicated incident-response planni",https://www.legislation.gov.au/C2018A00029/latest,0.78,Discovery: instrument is known but s. 30CB is not among its recorded provisions (none recorded). Modality: may (discretionary); exceptions: none,Sectoral (Critical infrastructure / systems of national significance),,in_force
Australia,Anti-Money Laundering and Counter-Terrorism Financing Act 2006,,2026-07,P7-I3,s. 111(1),NEW,page 259,"(2) The reporting entity must retain, until the end of the 7 year period 
that begins when the business relationship ends or the reporting 
entity completes the provision of the occasional transaction, 
records that: 
 
(a) are reasonably necessary to demonstrate compliance with the 
reporting entity’s obligations under Part 2; and 
 
(b) are in the English language, or in a form in which the records 
are readily accessible and readily convertible into writing in 
the English language. 
 
(3) Without limiting paragraph (2)(a), the records must include: 
 
(a) sufficient and accurate records which demonstrate the type 
and content of the data collected by the reporting entity in 
relation to the customer for the purposes of complying with 
section 28 or 30; and 
 
(b) records of any analysis, identification or assessment of 
ML/TF risk, or decision making, undertaken by the reporting 
entity in relation to the customer for the purposes of 
complying with section 28 or 30.",This section requires reporting entities to retain specified customer due diligence records for at least 7 years (until end of the 7-year period). Maps to P7-I3 because a minimum retention period is clearly specified.,https://www.legislation.gov.au/C2006A00169/latest,0.98,Discovery: instrument is known but s. 111 is not among its recorded provisions (['41']). Modality: must; exceptions: none,Sectoral (Reporting entities under the AML/CTF Act (customer due diligence providers)),,in_force
Australia,Anti-Money Laundering and Counter-Terrorism Financing Act 2006,,2026-07,P7-I3,s. 114A(1),NEW,page 260,"(1) If a reporting entity prepares a record under paragraph 37B(1)(c), 
the reporting entity must retain the record, or a copy of the record, 
for 7 years after the completion of the preparation of the record.",This section requires reporting entities to retain specified assessment records for 7 years. Maps to P7-I3 because it sets a clear minimum retention period (>= 7 years). Legal function: record retention requirement.,https://www.legislation.gov.au/C2006A00169/latest,0.98,Discovery: instrument is known but s. 114A is not among its recorded provisions (['41']). Modality: must; exceptions: none,Sectoral (Reporting entities under the AML/CTF regime (financial/other reporting entities covered by the Act).),,in_force
Australia,Anti-Money Laundering and Counter-Terrorism Financing Act 2006,,2026-07,P7-I3,s. 117(2),NEW,page 263,"(2) The financial institution must retain the record, or a copy of the 
record, for 7 years after the completion of the preparation of the 
record.",This section requires financial institutions to retain correspondent banking records (or copies) for at least 7 years after preparation. Maps to P7-I3 because it specifies a minimum retention period (7 years). Function: record retention requirement.,https://www.legislation.gov.au/C2006A00169/latest,0.93,Discovery: instrument is known but s. 117 is not among its recorded provisions (['41']). Modality: must; exceptions: none,Sectoral (Financial institutions (AML/CTF regulated entities)),,in_force
Australia,Corporations Act 2001,,2025-12,P7-I3,s. 286A(2),NEW,"vol 2, page 74","(2) The sustainability records must be retained for 7 years after the 
sustainability report to which the records relate is completed.",This s.286A(2) requires sustainability records to be retained for at least 7 years after the related sustainability report is completed. Maps to P7-I3 because it specifies a minimum retention period (7 years).,https://www.legislation.gov.au/C2004A00818/latest,0.98,"Discovery: instrument is known but s. 286A is not among its recorded provisions (['201A', '3.7', '39', '9']). Modality: must; exceptions: none",Horizontal,,in_force
Australia,Corporations Act 2001,,2025-12,P7-I3,s. 422D(8),NEW,"vol 2, page 353","(8) ASIC must retain all books:
(a) that are relevant to the control of property of the corporation; 
and
(b) possession or control of which is transferred to ASIC under 
this section; and
(c) possession or control of which is not transferred to another 
entity under this section, or under any other law;
for a period (the retention period) of 2 years after the day on which 
ASIC takes possession or control of the books.",This section requires ASIC to retain specified books for at least 2 years after it takes possession/control. Maps to P7-I3 because a minimum retention period (2 years) is explicitly stated.,https://www.legislation.gov.au/C2004A00818/latest,0.98,"Discovery: instrument is known but s. 422D is not among its recorded provisions (['201A', '3.7', '39', '9']). Modality: must; exceptions: none",Sectoral (Corporations/ASIC (corporate receivers/controllers of property)),,in_force
Australia,Corporations Act 2001,,2025-12,P7-I3,s. 892H(1),NEW,"vol 4, page 421","(1) The Part 7.5 authority in relation to Division 3 arrangements or 
Division 4 arrangements must, in relation to each Part 7.5 regulated 
fund established in connection with the arrangements, keep written 
financial records that:
(a) correctly record and explain the fund’s transactions and 
financial position and performance; and
(b) would enable true and fair financial statements to be prepared 
and audited;
and must retain the financial records for 7 years after the 
transactions covered by the records are completed.",This section requires the Part 7.5 authority to retain specified financial records for 7 years after the covered transactions are completed. Maps to P7-I3 because it sets a clear minimum retention period (7 years).,https://www.legislation.gov.au/C2004A00818/latest,0.93,"Discovery: instrument is known but s. 892H is not among its recorded provisions (['201A', '3.7', '39', '9']). Modality: must; exceptions: none",Sectoral (Financial markets / Part 7.5 compensation regimes (Division 3/4 arrangements)),,in_force
Australia,Crimes Act 1914,,2026-06,P7-I3,s. 3ZQ(1),NEW,"vol 1, page 134","(1) If a description of a suspect is given to a constable in relation to an 
offence, the constable must ensure that a record of the description 
is made and that the record is retained until any proceedings in 
respect of the offence are completed.","This section requires a constable to make and retain a suspect description record until proceedings are completed. Maps to P7-I3 because it imposes a minimum retention duration (until completion), though no fixed number of days/months/years.",https://www.legislation.gov.au/C1914A00012/latest,0.78,Discovery: instrument not in the master dataset for Australia. Modality: must; exceptions: none,Sectoral (Law enforcement / criminal justice (policing)),,in_force
Australia,My Health Records Act 2012,,2026-07,P7-I3,s. 17(2),NEW,page 39,"(2) The System Operator must ensure that the record is retained for the 
period: 
 
(a) beginning when the record is first uploaded to the National 
Repositories Service; and 
 
(b) ending: 
 
(i) 30 years after the death of the healthcare recipient; or 
 
(ii) if the System Operator does not know the date of death 
of the healthcare recipient—130 years after the date of 
birth of the healthcare recipient; or 
 
(iii) if, under subsection (3), the record is required to be 
destroyed because of the cancellation of registration of 
the healthcare recipient—when the System Operator is 
required to destroy the record under subsection (4).","This section requires the System Operator to retain uploaded records for at least the specified minimum periods (30 years after death, or 130 years if death date unknown). Maps to P7-I3 because a clear minimum retention duration is stated.",https://www.legislation.gov.au/C2012A00063/latest,0.93,"Discovery: instrument is known but s. 17 is not among its recorded provisions (['77']). Modality: must ensure; exceptions: If, under subsection (3), the record is required to be destroyed because of the cancellation of registration of the healthcare recipient—when the System Operator is required to destroy the record under subsection (4).",Sectoral (Healthcare (My Health Records / National Repositories Service system operator)),,in_force
Australia,Telecommunications (Interception and Access) Act 1979,,2026-06,P7-I3,"Sch 1, cl. 135(2)",NEW,"vol 2, page 241","(2) The period for which the Director-General of Security must cause a 
copy of a particular document to be kept in the Organisation’s 
records under subclause (1) is the period: 
 
(a) starting when the document came into existence; and 
 
(b) if: 
 
(i) the document relates to an international production 
order that was issued under Part 4 of this Schedule; and 
 
(ii) information was obtained in accordance with the order; 
 
 ending at the later of the following times: 
 
(iii) when 3 years have elapsed since the document came 
into existence; 
 
(iv) when the Organisation ceases to retain the information 
that was obtained in accordance with the order; and 
 
(c) if paragraph (b) does not apply—ending when 3 years have 
elapsed since the document came into existence.",This clause requires the Director-General of Security to cause copies of specified documents to be kept for at least 3 years (or longer if later triggers apply). Maps to P7-I3 because a minimum retention period (3 years) is clearly specified.,https://www.legislation.gov.au/C2004A02124/latest,0.9,"Discovery: instrument is known but s. sch1cl135 is not among its recorded provisions (['10', '110', '317ZH', '474.34', '7']). Modality: must; exceptions: none",Sectoral (National security / intelligence (Organisation records)),,in_force
Australia,Telecommunications (Interception and Access) Act 1979,,2026-06,P7-I3,"Sch 1, cl. 136(2)",NEW,"vol 2, page 243","(b) does not apply—ending when 3 years have 
elapsed since the record came into existence.",This clause sets the retention end point for records kept by the Director-General of Security. Maps to P7-I3 because it specifies a minimum retention period of 3 years (subject to later end conditions). Legal function: record retention period requirement.,https://www.legislation.gov.au/C2004A02124/latest,0.86,"Discovery: instrument is known but s. sch1cl136 is not among its recorded provisions (['10', '110', '317ZH', '474.34', '7']). Modality: must cause a particular record to be kept (retention period specified); exceptions: If paragraph (b) does not apply, the record ends when 3 years have elapsed since the record came into existence",Sectoral (Telecommunications / national security interception (Organisation records)),,in_force
Australia,Telecommunications (Interception and Access) Act 1979,,2026-06,P7-I3,s. 187N(3),NEW,"vol 2, page 36","(3) Until the review is completed, the head (however described) of an 
enforcement agency must keep: 
 
(a) all of the documents that he or she is required to retain under 
section 185; and 
 
(b) all of the information that he or she is required, by 
paragraphs 186(1)(e) to (k), to include in a report under 
subsection 186(1); 
relating to the period starting on the commencement of this Part 
and ending when the review is completed.","This section requires the head of an enforcement agency to keep specified documents and report information until the review is completed. Maps to P7-I3 because it imposes a minimum retention duration (until completion), though no fixed number of days/months/years is stated. Function: data retention ",https://www.legislation.gov.au/C2004A02124/latest,0.86,"Discovery: instrument is known but s. 187N is not among its recorded provisions (['10', '110', '317ZH', '474.34', '7']). Modality: must; exceptions: none",Sectoral (Telecommunications interception/access (enforcement agencies under the Act)),,in_force
Australia,Telecommunications Act 1997,,2026-06,P7-I3,"Sch 1, cl. 41(1)",NEW,"vol 3, page 39","(1) If a carrier owns or operates designated overhead lines, the carrier 
must keep and maintain records of the kind and location of those 
lines.","This provision requires carriers that own or operate designated overhead lines to keep and maintain records of their kind and location. It maps to P7-I3 because it creates a data-retention duty, but no minimum retention period is specified.",https://www.legislation.gov.au/C2004A05145/latest,0.78,"Discovery: instrument is known but s. sch1cl41 is not among its recorded provisions (['10', '110', '317ZH', '65', '8BG']). Modality: must; exceptions: none",Sectoral (Telecommunications (carriers)),,in_force
Australia,Telecommunications Act 1997,,2026-06,P7-I3,"Sch 1, cl. 41(2)",NEW,"vol 3, page 39","(2) If a carrier owns or operates telecommunications transmission 
towers, the carrier must keep and maintain records of the kind and 
location of those towers.","This provision requires carriers that own/operate transmission towers to keep and maintain records of their kind and location. Maps to P7-I3 because it imposes a data-retention/record-keeping duty, but no minimum duration is specified (unspecified period).",https://www.legislation.gov.au/C2004A05145/latest,0.78,"Discovery: instrument is known but s. sch1cl41 is not among its recorded provisions (['10', '110', '317ZH', '65', '8BG']). Modality: must; exceptions: none",Sectoral (Telecommunications carriers),,in_force
Australia,Telecommunications Act 1997,,2026-06,P7-I3,s. 408(6),NEW,"vol 2, page 336","(6) The instrument may specify requirements that must be met after a 
label has been applied to customer equipment or customer cabling, 
including (but not limited to) a requirement that a manufacturer or 
importer retain for inspection, for the period specified in the 
instrument: 
 
(a) records of the quality assurance programs conducted in 
accordance with the instrument in respect of the equipment 
or cabling; and 
 
(b) records of any results of any tests conducted in relation to 
compliance with the standards specified in the instrument; 
and 
 
(c) a declaration, or a copy of a declaration, made as mentioned 
in paragraph (5)(e).","This section permits an instrument to require manufacturers/importers to retain specified records for inspection for the period specified in the instrument. Maps to P7-I3 because a minimum retention duration is set by “the period specified in the instrument” (explicit duration, though instrument-def",https://www.legislation.gov.au/C2004A05145/latest,0.74,"Discovery: instrument is known but s. 408 is not among its recorded provisions (['10', '110', '317ZH', '65', '8BG']). Modality: may (instrument may specify) — requirement that manufacturer or importer retain for inspection; exceptions: none",Sectoral (Telecommunications),,in_force
Australia,Privacy Act 1988,,2026-06,P7-I4,s. 33D(1),KNOWN,page 267,"(1) If: 
 
(a) an agency proposes to engage in an activity or function 
involving the handling of personal information about 
individuals; and 
 
(b) the Commissioner considers that the activity or function 
might have a significant impact on the privacy of individuals; 
the Commissioner may, in writing, direct the agency to give the 
Commissioner, within a specified period, a privacy impact 
assessment about the activity or function.",This section permits the Commissioner to direct an agency to provide a privacy impact assessment when an agency proposes handling personal information and the activity might have significant privacy impact. Maps to P7-I4 via DPIA accountability mechanism.,https://www.legislation.gov.au/C2004A03712/latest,0.78,Discovery: master dataset already records s. 33D of this law. Modality: may (discretionary direction by the Commissioner); exceptions: none,Horizontal,,in_force
Australia,Anti-Money Laundering and Counter-Terrorism Financing Act 2006,,2026-07,P7-I5,s. 150(1),NEW,page 297,"(1) If the authorised officer was authorised to enter premises because 
the occupier of the premises consented to the entry, the authorised 
officer may ask the occupier to: 
 
(a) answer any questions relating to the operation of this Act, the 
regulations or the AML/CTF Rules that are put by the 
authorised officer; and 
 
(b) produce any document relating to the operation of this Act, 
the regulations or the AML/CTF Rules that is requested by 
the authorised officer.","This section permits an authorised officer, after consent-based entry, to ask the occupier questions and require production of requested documents. Maps to P7-I5 because it enables government access without independent judicial authorization (consent is not a court order). Function: audit/inspection",https://www.legislation.gov.au/C2006A00169/latest,0.74,Discovery: instrument is known but s. 150 is not among its recorded provisions (['41']). Modality: may; exceptions: none,Sectoral,,in_force
Australia,Anti-Money Laundering and Counter-Terrorism Financing Act 2006,,2026-07,P7-I5,s. 167(2),NEW,page 313,"(2) The authorised officer may, by written notice given to the person, 
require the person: 
 
(a) to give to the authorised officer, within the period and in the 
manner specified in the notice, any such information; or 
 
(b) to produce to the authorised officer, within the period and in 
the manner specified in the notice, any such documents; or 
 
(c) to make copies of any such documents and to produce to the 
authorised officer, within the period and in the manner 
specified in the notice, those copies.",This section permits an authorised officer to require a person to provide information or documents via written notice. It maps to P7-I5 because access is authorised by an executive officer without independent judicial authorization (no court/warrant requirement stated). Function: information-gatheri,https://www.legislation.gov.au/C2006A00169/latest,0.78,Discovery: instrument is known but s. 167 is not among its recorded provisions (['41']). Modality: may (authorised officer) require (person); exceptions: none,Sectoral (AML/CFT regulated persons (persons subject to the Act’s information-gathering powers)),,in_force
Australia,Australian Security Intelligence Organisation Act 1979,,2026-01,P7-I5,s. 25A(2),KNOWN,page 57,"(2) The Attorney-General is only to issue the warrant if he or she is 
satisfied that there are reasonable grounds for believing that access 
by the Organisation to data held in a computer (the target 
computer) will substantially assist the collection of intelligence in 
accordance with this Act in respect of a matter (the security 
matter) that is important in relation to security.
Note:
See section 4 for the definition of computer.",ESCAP master-known anchor deterministically reconciled from the current canonical corpus; pending named legal review.,https://www.legislation.gov.au/C2004A02123/latest,0.5,Discovery: master dataset already records s. 25A of this law. Modality: n/a; exceptions: none,Horizontal,,in_force
Australia,Australian Security Intelligence Organisation Act 1979,,2026-01,P7-I5,s. 25A(3A),KNOWN,page 57,"(3A) The warrant must:
(a) be signed by the Attorney-General; and
(b) authorise the Organisation to do specified things, subject to 
any restrictions or conditions specified in the warrant, in 
relation to the target computer; and
(c) if the target computer is or includes a particular computer—
specify the computer; and
(d) if the target computer is or includes a computer on particular 
premises—specify the premises; and
(e) if the target computer is or includes a computer associated 
with, used by or likely to be used by, a person—specify the 
person (whether by name or otherwise).",ESCAP master-known anchor deterministically reconciled from the current canonical corpus; pending named legal review.,https://www.legislation.gov.au/C2004A02123/latest,0.5,Discovery: master dataset already records s. 25A of this law. Modality: n/a; exceptions: none,Horizontal,,in_force
Australia,Crimes Act 1914,,2026-06,P7-I5,s. 3ZZVR(2),NEW,"vol 1, page 316","(2) For the purpose of an inspection under this section, the 
Ombudsman: 
 
(a) may, after notifying the chief officer of the Australian 
Federal Police, enter at any reasonable time premises 
occupied by the Australian Federal Police; and 
 
(b) is entitled to have full and free access at all reasonable times 
to all records of the Australian Federal Police that are 
relevant to the inspection; and 
 
(c) may require a member of staff of the Australian Federal 
Police to give the Ombudsman any information that the 
Ombudsman considers necessary, so long as: 
 
(i) the information is in the member’s possession, or the 
member has access to the information; and 
 
(ii) the information is relevant to the inspection; and 
 
(d) may, despite any other law, make copies of, and take extracts 
from, records of the Australian Federal Police.",This provision permits the Ombudsman to access AFP records relevant to an inspection without any independent court/warrant authorization. Maps to P7-I5 because government access is not gated by an independent judicial body.,https://www.legislation.gov.au/C1914A00012/latest,0.78,Discovery: instrument not in the master dataset for Australia. Modality: is entitled to; exceptions: none,Sectoral (Law enforcement / policing (Australian Federal Police)),,in_force
Australia,Data Availability and Transparency Act 2022,,2024-12,P7-I5,s. 104(1),KNOWN,page 122,"(1) If the Commissioner reasonably believes that a person has 
information or a document relevant to an investigation under 
section 101, or to any other of the Commissioner’s regulatory 
functions set out in section 45, the Commissioner may, by written 
notice given to the person, require the person to give the 
information, or produce the document, to the Commissioner within 
the period specified in the notice.
Note:
There are limits on the information and documents that may be 
required (see section 106).",ESCAP master-known anchor retained after mapper abstention; pending named legal review and deterministic legal-fit gates.,https://www.legislation.gov.au/C2022A00011/latest,0.5,Discovery: master dataset already records s. 104 of this law. Modality: may; exceptions: Limits on the information and documents that may be required (see section 106),Sectoral (Regulatory functions under ss.45 and investigations under s.101 (Data Availability and Transparency Act 2022)),,in_force
Australia,National Anti-Corruption Commission Act 2022,,2026-07,P7-I5,s. 58(2),NEW,page 77,"(2) The Commissioner may, by notice in writing, require the person to 
give the information, document or thing to a specified staff 
member of the NACC.",This s.58(2) permits the Commissioner to require a person to provide information/documents/things to NACC staff via written notice. Maps to P7-I5 because it authorises government access without independent judicial authorisation (no court/warrant required). Function: investigative notice to produce.,https://www.legislation.gov.au/C2022A00088/latest,0.74,"Discovery: instrument not in the master dataset for Australia. Modality: may (discretionary); exceptions: Disclosing the existence of a notice, or any information about it, may be prohibited: see Subdivision A of Division 4 (use and disclosure of certain information and material).",Sectoral,,in_force
Australia,National Anti-Corruption Commission Act 2022,,2026-07,P7-I5,s. 63(1),NEW,page 81,"(1) If the Commissioner has reasonable grounds to suspect that a 
person has evidence relevant to a corruption investigation, the 
Commissioner may summon the person: 
 
(a) to attend a hearing at a time and place specified in the 
summons to give evidence; and 
 
(b) to attend from day to day unless excused, or released from 
further attendance, by the Commissioner.",This s.63(1) permits the Commissioner to summon a person to attend hearings and give evidence based on reasonable suspicion. It maps to P7-I5 because it authorises government access to relevant evidence without independent judicial authorization (court order/warrant not required).,https://www.legislation.gov.au/C2022A00088/latest,0.74,"Discovery: instrument not in the master dataset for Australia. Modality: may (discretionary); exceptions: Day-to-day attendance unless excused, or released from further attendance, by the Commissioner; Note: disclosure of the existence of a private hearing summons, or any information about it, may be prohibited (see Subdivision A of Division 4)",Sectoral,,in_force
Australia,Surveillance Devices Act 2004,,2026-06,P7-I5,s. 39(1),NEW,page 152,"(1) A law enforcement officer may, with the written permission of an 
appropriate authorising officer, use a tracking device without a 
warrant in the investigation of a relevant offence.","This section permits use of tracking devices without a warrant. Maps to P7-I5 because government access is authorised by an executive authorising officer, not an independent judicial body.",https://www.legislation.gov.au/C2004A01387/latest,0.98,Discovery: instrument not in the master dataset for Australia. Modality: may; exceptions: none,Sectoral (Law enforcement / criminal investigations),,in_force
Australia,Telecommunications (Interception and Access) Act 1979,,2026-06,P7-I5,s. 10(1),KNOWN,"vol 1, page 124","(1) Where: 
 
(a) the Director-General of Security has forwarded or made a 
request to the Attorney-General for the issue of a warrant 
under section 9 in respect of a telecommunications service or 
under section 9A in respect of a person; 
 
(b) the Attorney-General has not, to the knowledge of the 
Director-General of Security, made a decision with respect to 
the request and has not, within the preceding period of 3 
months, refused to issue a warrant under section 9 in respect 
of the telecommunications service or under section 9A in 
respect of a person (as the case requires); 
 
(c) the Director-General of Security has not, within the 
preceding period of 3 months, issued a warrant under this 
section in respect of the telecommunications service or 
person (as the case requires); and 
 
(d) the Director-General of Security is satisfied: 
 
(i) that the facts of the case would justify the issue of a 
warrant by the Attorney-General; and 
 
(ii) that, if the interception to which the request relates does 
not commence before a warrant can be issued and made 
available by the Attorney-General, security will be, or is 
likely to be, seriously prejudiced; 
the Director-General of Security may, by warrant under his or her 
hand, authorize persons approved under section 12 in respect of the 
warrant to intercept, subject to any conditions or restrictions that 
are specified in the warrant, communications that are being made 
to or from that service, or communications of that person (as the 
case requires), and such a warrant may authorize entry on any 
premises specified in the warrant for the purpose of installing, 
maintaining, using or recovering any equipment used to intercept 
such communications.",ESCAP master-known anchor retained after mapper abstention; pending named legal review and deterministic legal-fit gates.,https://www.legislation.gov.au/C2004A02124/latest,0.5,Discovery: master dataset already records s. 10 of this law. Modality: may; exceptions: none,Sectoral (Telecommunications),,in_force
Australia,Telecommunications (Interception and Access) Act 1979,,2026-06,P7-I5,s. 110(1),KNOWN,"vol 1, page 315","(1) A criminal law-enforcement agency may apply to an issuing 
authority for a stored communications warrant in respect of a 
person.",ESCAP master-known anchor retained after mapper abstention; pending named legal review and deterministic legal-fit gates.,https://www.legislation.gov.au/C2004A02124/latest,0.5,Discovery: master dataset already records s. 110 of this law. Modality: may; exceptions: none,Sectoral (Telecommunications / criminal law enforcement (stored communications)),,in_force
Australia,Telecommunications (Interception and Access) Act 1979,,2026-06,P7-I5,s. 178(2),NEW,"vol 1, page 373","(2) An authorised officer of an enforcement agency may authorise the 
disclosure of specified information or specified documents that 
came into existence before the time the person from whom the 
disclosure is sought receives notification of the authorisation.","This section permits disclosure of specified telecom data. Maps to P7-I5 because access is authorised by an enforcement officer, not an independent court/judge, so it is warrantless executive access.",https://www.legislation.gov.au/C2004A02124/latest,0.98,"Discovery: instrument is known but s. 178 is not among its recorded provisions (['10', '110', '317ZH', '474.34', '7']). Modality: may authorise; exceptions: none",Sectoral (Telecommunications / law enforcement access to telecommunications data),,in_force
Australia,Telecommunications (Interception and Access) Act 1979,,2026-06,P7-I5,s. 180A(4),NEW,"vol 1, page 377","(4) If specified information or specified documents are disclosed 
because of an authorisation given under subsection (2), an 
authorised officer of the Australian Federal Police may authorise 
the disclosure of the information or documents so disclosed to a 
foreign law enforcement agency.","This s.180A(4) permits onward disclosure by an AFP authorised officer. Maps to P7-I5 because it governs government access/disclosure of personal data without any independent judicial authorization for this step; the safeguard lies in subsection (2), not a court order. Function: permitted access/disc",https://www.legislation.gov.au/C2004A02124/latest,0.91,"Discovery: instrument is known but s. 180A is not among its recorded provisions (['10', '110', '317ZH', '474.34', '7']). Modality: may; exceptions: none",Sectoral (telecommunications),,in_force
Thailand,Personal Data Protection Act B.E. 2562 (2019),,,P6-I1,n/a,KNOWN,n/a,NO_EVIDENCE_FOUND_PENDING_REVIEW,"No qualifying provision found for P6-I1 after a full-corpus sweep. The configured governing law is cited as the reference basis (score-0 pattern, A3).",https://ratchakitcha.soc.go.th/DATA/PDF/2562/A/069/T_0052.PDF,0.6,Absence row (NO_EVIDENCE_FOUND_PENDING_REVIEW): human approval required before this becomes a score-0 final row (P3.5 A3).,Horizontal,,in_force
India,Information Technology Act 2000 (Act 21 of 2000),,,P6-I1,n/a,KNOWN,n/a,NO_EVIDENCE_FOUND_PENDING_REVIEW,"No qualifying provision found for P6-I1 after a full-corpus sweep. The configured governing law is cited as the reference basis (score-0 pattern, A3).",https://www.indiacode.nic.in/handle/123456789/1999,0.6,Absence row (NO_EVIDENCE_FOUND_PENDING_REVIEW): human approval required before this becomes a score-0 final row (P3.5 A3).,Horizontal,,in_force
Indonesia,Law No. 27 of 2022 on Personal Data Protection,,,P6-I1,n/a,KNOWN,n/a,NO_EVIDENCE_FOUND_PENDING_REVIEW,"No qualifying provision found for P6-I1 after a full-corpus sweep. The configured governing law is cited as the reference basis (score-0 pattern, A3).",https://jdih.komdigi.go.id/produk_hukum/view/id/832/t/undangundang%2Bnomor%2B27%2Btahun%2B2022,0.6,Absence row (NO_EVIDENCE_FOUND_PENDING_REVIEW): human approval required before this becomes a score-0 final row (P3.5 A3).,Horizontal,,in_force
Thailand,Personal Data Protection Act B.E. 2562 (2019),,,P6-I2,n/a,KNOWN,n/a,NO_EVIDENCE_FOUND_PENDING_REVIEW,"No qualifying provision found for P6-I2 after a full-corpus sweep. The configured governing law is cited as the reference basis (score-0 pattern, A3).",https://ratchakitcha.soc.go.th/DATA/PDF/2562/A/069/T_0052.PDF,0.6,Absence row (NO_EVIDENCE_FOUND_PENDING_REVIEW): human approval required before this becomes a score-0 final row (P3.5 A3).,Horizontal,,in_force
India,Companies (Accounts) Rules 2014 (as amended 2022),,,P6-I2,s. 3(1),NEW,page 1,"(5) There shall be a proper system for storage, retrieval, display or printout of the electronic records as the Audit 
Committee, if any, or the Board may deem appropriate and such records shall not be disposed of or rendered unusable, 
unless permitted by law: 
Provided that the back-up  of the books of account  and other books and papers of the company maintained in electronic 
mode, including at a place outside India, if any, shall be kept in servers physically located in India on a periodic basis.","This section requires a company's electronic-book backups to be kept on servers physically located in India periodically. Maps to P6-I2 because it mandates a domestic copy, a local-storage requirement, without prohibiting transfer.","https://thc.nic.in/Central%20Governmental%20Rules/Companies%20(Accounts)%20Rules,%202014..pdf",0.99,Discovery: instrument not in the master dataset for India. Modality: shall; exceptions: none,Sectoral (Companies and corporate accounting),,in_force
India,Companies (Accounts) Rules 2014 (as amended 2022),,,P6-I2,s. 3(5),NEW,page 1,"(5) There shall be a proper system for storage, retrieval, display or printout of the electronic records as the Audit 
Committee, if any, or the Board may deem appropriate and such records shall not be disposed of or rendered unusable, 
unless permitted by law: 
Provided that the back-up  of the books of account  and other books and papers of the company maintained in electronic 
mode, including at a place outside India, if any, shall be kept in servers physically located in India on a periodic basis.","This section requires companies to keep backups of electronically maintained books on servers physically located in India periodically. Maps to P6-I2 because it imposes a domestic-copy local-storage requirement, not a transfer ban.","https://thc.nic.in/Central%20Governmental%20Rules/Companies%20(Accounts)%20Rules,%202014..pdf",0.98,"Discovery: instrument not in the master dataset for India. Modality: shall; exceptions: if any, meaning where such a backup exists",Sectoral (Companies and corporate accounting records),,in_force
India,Companies (Management and Administration) Rules 2014,,,P6-I2,s. 7(8),NEW,page 6,"(8) 
The company shall— 
     
 (a)   transmit to its registered office in India a copy of every entry in 
any foreign register within fifteen days after the entry is made; 
and 
      
(b)   keep at such office a duplicate register of every foreign register 
duly entered up from time to time.",This rule requires companies keeping foreign registers to send copies to and keep duplicate registers at their Indian registered office. Maps to P6-I2 because it establishes a domestic-copy local-storage requirement.,"https://thc.nic.in/Central%20Governmental%20Rules/Companies%20(Management%20and%20Administration)%20Rules,2014.pdf",0.98,Discovery: instrument is known but s. 7 is not among its recorded provisions (['92']). Modality: shall; exceptions: none,Sectoral (Companies and corporate securities),,in_force
Indonesia,Law No. 27 of 2022 on Personal Data Protection,,,P6-I2,n/a,KNOWN,n/a,NO_EVIDENCE_FOUND_PENDING_REVIEW,"No qualifying provision found for P6-I2 after a full-corpus sweep. The configured governing law is cited as the reference basis (score-0 pattern, A3).",https://jdih.komdigi.go.id/produk_hukum/view/id/832/t/undangundang%2Bnomor%2B27%2Btahun%2B2022,0.6,Absence row (NO_EVIDENCE_FOUND_PENDING_REVIEW): human approval required before this becomes a score-0 final row (P3.5 A3).,Horizontal,,in_force
Thailand,Personal Data Protection Act B.E. 2562 (2019),,,P6-I3,n/a,KNOWN,n/a,NO_EVIDENCE_FOUND_PENDING_REVIEW,"No qualifying provision found for P6-I3 after a full-corpus sweep. The configured governing law is cited as the reference basis (score-0 pattern, A3).",https://ratchakitcha.soc.go.th/DATA/PDF/2562/A/069/T_0052.PDF,0.6,Absence row (NO_EVIDENCE_FOUND_PENDING_REVIEW): human approval required before this becomes a score-0 final row (P3.5 A3).,Horizontal,,in_force
India,Information Technology Act 2000 (Act 21 of 2000),,,P6-I3,n/a,KNOWN,n/a,NO_EVIDENCE_FOUND_PENDING_REVIEW,"No qualifying provision found for P6-I3 after a full-corpus sweep. The configured governing law is cited as the reference basis (score-0 pattern, A3).",https://www.indiacode.nic.in/handle/123456789/1999,0.6,Absence row (NO_EVIDENCE_FOUND_PENDING_REVIEW): human approval required before this becomes a score-0 final row (P3.5 A3).,Horizontal,,in_force
Indonesia,Law No. 27 of 2022 on Personal Data Protection,,,P6-I3,n/a,KNOWN,n/a,NO_EVIDENCE_FOUND_PENDING_REVIEW,"No qualifying provision found for P6-I3 after a full-corpus sweep. The configured governing law is cited as the reference basis (score-0 pattern, A3).",https://jdih.komdigi.go.id/produk_hukum/view/id/832/t/undangundang%2Bnomor%2B27%2Btahun%2B2022,0.6,Absence row (NO_EVIDENCE_FOUND_PENDING_REVIEW): human approval required before this becomes a score-0 final row (P3.5 A3).,Horizontal,,in_force
Thailand,Personal Data Protection Act B.E. 2562 official EN translation,,,P6-I4,s. 80(3),NEW,page 30,"Section 80 Any person who comes to know the Personal Data of another
person as a result of performing duties under this Act and discloses it to any other person shall be
punished with imprisonment for a term not exceeding six months, a fine not exceeding Baht
five hundred thousand, or both.
The provisions of paragraph one shall not be enforced against disclosures in
any of the following circumstances:
(1) where it is a performance of duty;
(2) where it is for the benefit of an investigation, or a trial in court;
(3) where it is a disclosure to a domestic or a foreign government agency which
has authority under the law;
(4) where the written consent of such data subject has been obtained for the
disclosure for such specific occasion;
public.","This section establishes criminal confidentiality for Personal Data disclosures, with an exception for disclosure to a foreign government agency having legal authority. Maps to P6-I4 because it creates a conditional cross-border personal-data disclosure path.",https://www.pdpc.or.th/wp-content/uploads/Thailand Personal-Data-Protection-Act-2019.pdf,0.88,"Discovery: instrument is known but s. 80 is not among its recorded provisions (['10', '16', '19', '28', '4.6', '41', '42']). Modality: Prohibited and punishable unless a listed exception applies; exceptions: Performance of duty; Benefit of an investigation or trial in court; Disclosure to a domestic or foreign government agency having legal authority; Written consent of the data subject for the specific occasion; Disclosure relating to a legal lawsuit openly disclosed to the public",Horizontal,,in_force
India,Information Technology Act 2000 (Act 21 of 2000),,,P6-I4,n/a,KNOWN,n/a,NO_EVIDENCE_FOUND_PENDING_REVIEW,"No qualifying provision found for P6-I4 after a full-corpus sweep. The configured governing law is cited as the reference basis (score-0 pattern, A3).",https://www.indiacode.nic.in/handle/123456789/1999,0.6,Absence row (NO_EVIDENCE_FOUND_PENDING_REVIEW): human approval required before this becomes a score-0 final row (P3.5 A3).,Horizontal,,in_force
Indonesia,Law No. 27 of 2022 on Personal Data Protection,,,P6-I4,n/a,KNOWN,n/a,NO_EVIDENCE_FOUND_PENDING_REVIEW,"No qualifying provision found for P6-I4 after a full-corpus sweep. The configured governing law is cited as the reference basis (score-0 pattern, A3).",https://jdih.komdigi.go.id/produk_hukum/view/id/832/t/undangundang%2Bnomor%2B27%2Btahun%2B2022,0.6,Absence row (NO_EVIDENCE_FOUND_PENDING_REVIEW): human approval required before this becomes a score-0 final row (P3.5 A3).,Horizontal,,in_force
Thailand,AANZFTA Second Protocol Chapter 10 (E-Commerce),,,P6-I5,s. 17,NEW,page 15,"No Party shall require a covered person to use or locate
computing facilities in that Party's territory as a condition for
conducting business in that Party's territory.",This section prohibits Parties from requiring local computing facilities as a business condition. Maps to P6-I5 because it establishes a binding location-of-computing-facilities discipline evidencing a data-related commitment.,https://www.dfat.gov.au/trade/agreements/in-force/aanzfta/official-documents/agreement-establishing-asean-australia-new-zealand-free-trade-area-aanzfta/chapter-10-electronic-commerce,0.98,"Discovery: instrument not in the master dataset for Thailand. Modality: shall not; exceptions: Measures inconsistent with paragraph 2 that are necessary to achieve a legitimate public policy objective, if not applied arbitrarily, unjustifiably, or as a disguised trade restriction; Measures necessary for the protection of essential security interests",Horizontal,,in_force
Thailand,AANZFTA Second Protocol Chapter 10 (E-Commerce),,,P6-I5,s. 3,NEW,page 4,"Article 3
Scope³
This Chapter shall apply to measures adopted or
maintained by a Party that affect electronic commerce.",This section establishes the scope of binding e-commerce obligations. Maps to P6-I5 because it evidences the treaty framework containing Article 18's binding cross-border transfer commitment.,https://www.dfat.gov.au/trade/agreements/in-force/aanzfta/official-documents/agreement-establishing-asean-australia-new-zealand-free-trade-area-aanzfta/chapter-10-electronic-commerce,0.94,"Discovery: instrument not in the master dataset for Thailand. Modality: shall; exceptions: Government procurement.; Information held or processed by or on behalf of a Party, or measures related to such information, except Article 15.; Articles 17 and 18 do not apply to specified non-conforming services or investment measures maintained under the stated conditions.",Horizontal,,in_force
Thailand,RCEP Chapter 12 (official text),,,P6-I5,s. 12.15,NEW,page 10,"A Party shall not prevent cross-border transfer of information by
electronic means where such activity is for the conduct of the
business of a covered person.","This section requires Parties not to prevent covered-person data transfers. Maps to P6-I5 because it establishes a binding cross-border data-transfer commitment, subject to public-policy and security exceptions.",https://www.mfat.govt.nz/assets/Trade-agreements/RCEP/RECP-Agreement-112020/Chapter-12.pdf,0.99,"Discovery: instrument not in the master dataset for Thailand. Modality: shall not; exceptions: A measure inconsistent with paragraph 2 considered necessary to achieve a legitimate public policy objective, if not applied as arbitrary or unjustifiable discrimination or a disguised restriction on trade; A measure considered necessary for the protection of essential security interests; Cambodia, Lao PDR, and Myanmar are temporarily not obliged to apply paragraph 2, with a possible additional three-year period; Viet Nam is temporarily not obliged to apply paragraph 2",Horizontal,,in_force
Thailand,RCEP Chapter 12 (official text),,,P6-I5,s. 12.3,NEW,page 2,"This Chapter shall apply to measures adopted or maintained by a
Party that affect electronic commerce.",This section establishes the scope of RCEP Chapter 12. Maps to P6-I5 because the scope clause evidences the binding electronic-commerce framework containing cross-border data-transfer disciplines.,https://www.mfat.govt.nz/assets/Trade-agreements/RCEP/RECP-Agreement-112020/Chapter-12.pdf,0.86,"Discovery: instrument not in the master dataset for Thailand. Modality: shall; exceptions: government procurement; information held or processed by or on behalf of a Party, or measures related to such information; aspects of measures that do not conform with Chapter 8 or Chapter 10 obligations where specified commitments, limitations, qualifications, conditions, non-covered sectors, or applicable exceptions apply",Horizontal,,in_force
India,Information Technology Act 2000 (Act 21 of 2000),,,P6-I5,n/a,KNOWN,n/a,NO_EVIDENCE_FOUND_PENDING_REVIEW,"No qualifying provision found for P6-I5 after a full-corpus sweep. The configured governing law is cited as the reference basis (score-0 pattern, A3).",https://www.indiacode.nic.in/handle/123456789/1999,0.6,Absence row (NO_EVIDENCE_FOUND_PENDING_REVIEW): human approval required before this becomes a score-0 final row (P3.5 A3).,Horizontal,,in_force
Indonesia,IA-CEPA Chapter 13 (E-Commerce),,,P6-I5,Art. 13.12,NEW,page 7,"Neither Party shall require a covered person to use or locate computing facilities 
in that Party’s territory as a condition for conducting business in that territory, except 
where such a measure exists at the date of entry into force of this Agreement.","This section prohibits requiring covered persons to use or locate computing facilities domestically as a business condition, subject to exceptions. Maps to P6-I5 because it establishes a binding location-of-computing-facilities discipline.",https://www.dfat.gov.au/sites/default/files/iacepa-chapter-13-electronic-commerce.pdf,0.99,"Discovery: instrument not in the master dataset for Indonesia. Modality: shall not require; exceptions: where such a measure exists at the date of entry into force of this Agreement; measures inconsistent with paragraph 2 to achieve a legitimate public policy objective, subject to the stated safeguards; any measure considered necessary for the protection of essential security interests",Horizontal,,in_force
Indonesia,IA-CEPA Chapter 13 (E-Commerce),,,P6-I5,Art. 13.11,NEW,page 7,"Each Party shall allow the cross-border transfer of information by electronic 
means, including personal information, when this activity is for the conduct of the 
business of a covered person.","This section requires each Party to allow cross-border electronic information transfers for covered-person business. Maps to P6-I5 because it establishes a binding cross-border data-transfer commitment, subject to public-policy and security exceptions.",https://www.dfat.gov.au/sites/default/files/iacepa-chapter-13-electronic-commerce.pdf,1.0,"Discovery: instrument not in the master dataset for Indonesia. Modality: shall; exceptions: Measures inconsistent with paragraph 2 to achieve a legitimate public policy objective, provided they are not applied as arbitrary or unjustifiable discrimination or a disguised restriction on trade.; Any measure considered necessary for the protection of essential security interests.",Sectoral (E-commerce and covered persons),,in_force
Indonesia,RCEP Chapter 12 (official text),,,P6-I5,Art. 12.3,NEW,page 2,"This Chapter shall apply to measures adopted or maintained by a 
Party that affect electronic commerce.",This section establishes the Chapter’s horizontal scope over measures affecting electronic commerce. Maps to P6-I5 because it evidences a binding RCEP framework containing cross-border data-transfer disciplines.,https://www.mfat.govt.nz/assets/Trade-agreements/RCEP/RECP-Agreement-112020/Chapter-12.pdf,0.98,"Discovery: instrument not in the master dataset for Indonesia. Modality: shall; exceptions: Government procurement is excluded.; Information held or processed by or on behalf of a Party, and related measures including collection, are excluded.; Certain aspects inconsistent with Chapters 8 or 10 are excluded where covered by listed reservations, limitations, conditions, non-commitments, or applicable exceptions.",Horizontal,,in_force
Indonesia,UU 4/2021 ASEAN E-Commerce ratification,,,P6-I5,Art. 3(1),NEW,page 2,"Pasal 1
(1) Mengesahkan ASEAIV Agreement on Electronic Commerce
(Persetujuan ASEAN tentang Perdagangan Melalui
Sistem Elektronik) yang telah ditandatangani pada
tanggal 22 Januari 20 19 di Ha Noi, Viet Nam.",This provision establishes ratification of the ASEAN Agreement on Electronic Commerce. Maps to P6-I5 because it evidences the binding treaty framework containing cross-border data-transfer commitments.,https://jdih.kemendag.go.id/peraturan/undang-undang-nomor-4-tahun-2021-tentang-pengesahan-asean-agreement-on-electronic-commerce-persetujuan-asean-tentang-perdagangan-melalui-sistem-elektronik,0.98,Discovery: instrument not in the master dataset for Indonesia. Modality: Mengesahkan (ratifies/approves); exceptions: none,Sectoral (Electronic commerce),,in_force
Indonesia,UU 4/2021 ASEAN E-Commerce ratification,,,P6-I5,Art. 3,NEW,page 2,"(1) Mengesahkan ASEAIV Agreement on Electronic Commerce
(Persetujuan ASEAN tentang Perdagangan Melalui
Sistem Elektronik) yang telah ditandatangani pada
tanggal 22 Januari 20 19 di Ha Noi, Viet Nam.",This Article 1(1) establishes Indonesia’s ratification of the ASEAN Agreement on Electronic Commerce. Maps to P6-I5 because it evidences a binding treaty framework for cross-border electronic commerce.,https://jdih.kemendag.go.id/peraturan/undang-undang-nomor-4-tahun-2021-tentang-pengesahan-asean-agreement-on-electronic-commerce-persetujuan-asean-tentang-perdagangan-melalui-sistem-elektronik,0.96,Discovery: instrument not in the master dataset for Indonesia. Modality: Must/ratifies; exceptions: none,Sectoral (Electronic commerce),,in_force
Thailand,Computer Crime Act B.E. 2550 as amended B.E. 2560 (ETDA consolidated),,,P7-I1,s. 19,KNOWN,page 6,"มาตรา ๑๙ การใชอํานาจของพนักงานเจาหนาที่ตามมาตรา  ๑๘  (๔)  (๕)  (๖)  (๗)  และ  
(๘)  ใหพนักงานเจาหนาที่ยื่นคํารองตอศาลที่มีเขตอํานาจเพื่อมีคําสั่งอนุญาตใหพนักงานเจาหนาที่
ดําเนินการตามคํารอง  ทั้งนี้  คํารองตองระบุเหตุอันควรเชื่อไดวาบุคคลใดกระทําหรือกําลังจะกระทําการ
อยางหนึ่งอยางใดอันเปนความผิดตามพระราชบัญญัตินี้  เหตุที่ตองใชอํานาจ  ลักษณะของการกระทํา
ความผิด  รายละเอียดเกี่ยวกับอุปกรณที่ใชในการกระทําความผิดและผูกระทําความผิด  เทาที่สามารถ 
จะระบุได  ประกอบคํารองดวยในการพิจารณาคํารองใหศาลพิจารณาคํารองดังกลาวโดยเร็ว 
เมื่อศาลมีคําสั่งอนุญาตแลว  กอนดําเนินการตามคําสั่งของศาล  ใหพนักงานเจาหนาที่สงสําเนา
บันทึกเหตุอันควรเชื่อที่ทําใหตองใชอํานาจตามมาตรา  ๑๘  (๔)  (๕)  (๖)  (๗)  และ  (๘)  มอบให
เจาของหรือผูครอบครองระบบคอมพิวเตอรนั้นไวเปนหลักฐาน  แตถาไมมีเจาของหรือผูครอบครอง
เครื่องคอมพิวเตอรอยู  ณ  ที่นั้น  ใหพนักงานเจาหนาที่สงมอบสําเนาบันทึกนั้นใหแกเจาของหรือ 
ผูครอบครองดังกลาวในทันทีที่กระทําได 
ใหพนักงานเจาหนาที่ผูเปนหัวหนาในการดําเนินการตามมาตรา  ๑๘  (๔) (๕)  (๖)  (๗)  และ  
(๘)  สงสําเนาบันทึกรายละเอียดการดําเนินการและเหตุผลแหงการดําเนินการใหศาลที่มีเขตอํานาจ
ภายในสี่สิบแปดชั่วโมงนับแตเวลาลงมือดําเนินการ  เพื่อเปนหลักฐาน 
การทําสําเนาขอมูลคอมพิวเตอรตามมาตรา  ๑๘  (๔)  ใหกระทําไดเฉพาะเมื่อมีเหตุอันควรเชื่อ
ไดวามีการกระทําความผิดตามพระราชบัญญัตินี้  และตองไมเปนอุปสรรคในการดําเนินกิจการของ
เจาของหรือผูครอบครองขอมูลคอมพิวเตอรนั้นเกินความจําเปน 
การยึดหรืออายัดตามมาตรา  ๑๘  (๘)  นอกจากจะตองสงมอบสําเนาหนังสือแสดงการยึดหรือ
อายัดมอบใหเจาของหรือผูครอบครองระบบคอมพิวเตอรนั้นไวเปนหลักฐานแลวพนักงานเจาหนาที่จะ
สั่งยึดหรืออายัดไวเกินสามสิบวันมิได  ในกรณีจําเปนที่ตองยึดหรืออายัดไวนานกวานั้น  ใหยื่นคํารอง 
ตอศาลที่มีเขตอํานาจเพื่อขอขยายเวลายึดหรืออายัดได  แตศาลจะอนุญาตใหขยายเวลาครั้งเดียวหรือ
หลายครั้งรวมกันไดอีกไมเกินหกสิบวัน  เมื่อหมดความจําเปนที่จะยึดหรืออายัดหรือครบกําหนดเวลา
ดังกลาวแลว  พนักงานเจาหนาที่ตองสงคืนระบบคอมพิวเตอรที่ยึดหรือถอนการอายัดโดยพลัน","This section requires competent officials to obtain a court order for specified computer-data investigative measures. Maps to P7-I1 because it establishes sectoral data-protection safeguards, not a comprehensive horizontal framework.",https://www.etda.or.th/getattachment/9d647b89-540f-421f-b031-d18e7c4f16c1/Computer-Crimes-Act-BE-2550-and-BE-2560.aspx,0.98,Discovery: master dataset already records s. 19 of this law. Modality: Must obtain court authorization; copying is permitted only on reasonable grounds and must not unnecessarily obstruct business.; exceptions: Seizure or attachment cannot exceed 30 days unless the court grants an extension.; Court-approved extensions may not exceed 60 additional days in total.; The system must be returned or the attachment lifted when no longer necessary or when the permitted period ends.,Sectoral (Computer-crime investigations),,in_force
Thailand,Credit Information Business Operation Act B.E.2545 (พระราชบัญญัติการประกอบธุรกิจข้อมูลเครดิต พ.ศ. 2545); Bank of Thailand Notification Regarding Services related to Debit Cards Issued and Used Domesti,,,P7-I1,s. 20,KNOWN,page 7,"มาตรา ๒๐ ให้บริษัทข้อมูลเครดิตเปิดเผยหรือให้ข้อมูลแก่สมาชิกหรือผู้ใช้บริการที่
ส่วน ประสงค์จะใช้ข้อมูลเพื่อประโยชน์ในการวิเคราะห์สินเชื่อและการออกบัตรเครดิต โดยในการเปิดเผย กฤษฎีกา
หรือให้ข้อมูลดังกล่าวจะต้องได้รับความยินยอมจากเจ้าของข้อมูลก่อนทุกครั้ง เว้นแต่เจ้าของข้อมูลได้
ให้ความยินยอมไว้เป็นอย่างอื่น ทั้งนี้ ตามหลักเกณฑ์ วิธีการ และเงื่อนไขที่คณะกรรมการกำหนด
๑๐
นอกจากการเปิดเผยหรือไทยอมูลแก่สมาชกหรือผู้ใช้บริการตามวรรคหนึ่ง ให้บริษัท
สำนักงานคณะกรรมการกฤษฎีกา
“ลัวนักงานคณะกรรมการกฤษฎีกา
ข้อมูลเครดิตเปิดเผยหรือให้ข้อมูลได้ในกรณีดังต่อไปนี้โดยไม่จำเป็นต้องได้รับความยินยอมเป็นหนังสือ
จากเจ้าของข้อมูลก่อนงานคณะกรรมการกฤษฎีกา
(๑) เมื่อมีคําสั่งศาลหรือตามหมายศาลหรือเป็นข้อมูลเกี่ยวกับการฟ้องร้องคดีต่าง ๆ
สำนักที่เปิดเผยต่อสาธารณะ กา
สำนักงานคณะกรรมการกฤษฎีกา
สำนักงานคณะกรรมการกฤษฎีกา
สำนักงานคณะกรรมการกฤษฎีกา
(๒) เมื่อมีหนังสือจากพนักงานสอบสวนเพื่อประโยชน์ในการสอบสวนความผิดอาญา
เกี่ยวกับธุรกิจการเงินซึ่งตนเป็นผู้รับผิดชอบการสอบสวนคดีดังกล่าว คณะกรรมการกฤษฎีกา
(๓) เมื่อมีหนังสือจากกระทรวงการคลัง ธนาคารแห่งประเทศไทย คณะกรรมการ
ส่วนกำกับหลักทรัพย์และตลาดหลักทรัพย์เพื่อประโยชน์ในการปฏิบัติการในการกำกับดูแลหรือตรวจสอบ กฤษฎีกา
สถาบันการเงินตามกฎหมายว่าด้วยการนั้น
สำนักงานคณะกรรมการกฤษฎีกา
(๔) เมื่อมีหนังสือจากบรรษัทตลาดรองสินเชื่อเพื่อที่อยู่อาศัยตามกฎหมายว่าด้วย
บรรษัทตลาดรองสินเชื่อเพื่อที่อยู่อาศัย หรือนิติบุคคลเฉพาะกิจเพื่อการแปลงสินทรัพย์เป็นหลักทรัพย์
พระนครมการกฤษฎีกา
ตามกฎหมายว่าด้วยนิติบุคคลเฉพาะกิจเพื่อการแปลงสินทรัพย์เป็นหลักทรัพย์ เพื่อใช้ประโยชน์ในการ
ประเมินฐานะสินทรัพย์ที่นำมาแปลงเป็นหลักทรัพย์ตามกฎหมายว่าด้วยการนั้น ตามความจำเป็นแห่ง
กรณี
สำนักงานคณะกรรมการ (๕) เมื่อมีหนังสือจากบรรษัทบริหารสินทรัพย์ไทยตามกฎหมายว่าด้วยบรรษัทารกฤษฎีกา
บริหารสินทรัพย์ไทย บรรษัทบริหารสินทรัพย์สถาบันการเงินตามกฎหมายว่าด้วยบรรษัทบริหาร
สินทรัพย์ สถาบันการเงิน หรือบริษัทบริหารสินทรัพย์ตามกฎหมายว่าด้วยบริษัทบริหารสินทรัพย์ เพื่อ
ใช้ประโยชน์ในการประเมินราคาสินทรัพย์ที่รับซื้อหรือรับโอนตามกฎหมายว่าด้วยการนั้น ตามความ
สํานัก เจ็บ รรม รรกฤษฎีกา
สํานักงานคณะกรรมการกฤษฎีกา
สำนักงานคณะกรรมการกฤษฎีกา
สํานักงานคณะกรรมการกฤษฎีกา
สํานักงานคณะกรรมการกฤษฎีกา","This section requires credit information companies to obtain consent before disclosing or providing credit information. Maps to P7-I1 because it evidences a sectoral personal-data-protection framework provision, not a comprehensive horizontal law.",https://www.bot.or.th/content/dam/bot/documents/th/laws-and-rules/laws-and-regulations/legal-department/7-ncb-act/7-1-ncb-act/7.1.2-Law_TH_CreditBureau%20Updated-2559.pdf,0.99,"Discovery: master dataset already records s. 20 of this law. Modality: Must; exceptions: Consent is not required where the data owner has consented otherwise; Consent in writing is not required in the statutory cases listed in paragraph two, including court orders, criminal investigations, regulatory supervision, and specified asset-securitisation or asset-management purposes",Sectoral (Credit information and financial services),,in_force
Thailand,Credit Information Business Operation Act B.E.2545 (พระราชบัญญัติการประกอบธุรกิจข้อมูลเครดิต พ.ศ. 2545); Bank of Thailand Notification Regarding Services related to Debit Cards Issued and Used Domesti,,,P7-I1,s. 20(1),KNOWN,page 7,"มาตรา ๒๐ ให้บริษัทข้อมูลเครดิตเปิดเผยหรือให้ข้อมูลแก่สมาชิกหรือผู้ใช้บริการที่
ส่วน ประสงค์จะใช้ข้อมูลเพื่อประโยชน์ในการวิเคราะห์สินเชื่อและการออกบัตรเครดิต โดยในการเปิดเผย กฤษฎีกา
หรือให้ข้อมูลดังกล่าวจะต้องได้รับความยินยอมจากเจ้าของข้อมูลก่อนทุกครั้ง เว้นแต่เจ้าของข้อมูลได้
ให้ความยินยอมไว้เป็นอย่างอื่น ทั้งนี้ ตามหลักเกณฑ์ วิธีการ และเงื่อนไขที่คณะกรรมการกำหนด
๑๐
นอกจากการเปิดเผยหรือไทยอมูลแก่สมาชกหรือผู้ใช้บริการตามวรรคหนึ่ง ให้บริษัท
สำนักงานคณะกรรมการกฤษฎีกา
“ลัวนักงานคณะกรรมการกฤษฎีกา
ข้อมูลเครดิตเปิดเผยหรือให้ข้อมูลได้ในกรณีดังต่อไปนี้โดยไม่จำเป็นต้องได้รับความยินยอมเป็นหนังสือ
จากเจ้าของข้อมูลก่อนงานคณะกรรมการกฤษฎีกา
(๑) เมื่อมีคําสั่งศาลหรือตามหมายศาลหรือเป็นข้อมูลเกี่ยวกับการฟ้องร้องคดีต่าง ๆ
สำนักที่เปิดเผยต่อสาธารณะ กา
สำนักงานคณะกรรมการกฤษฎีกา
สำนักงานคณะกรรมการกฤษฎีกา
สำนักงานคณะกรรมการกฤษฎีกา
(๒) เมื่อมีหนังสือจากพนักงานสอบสวนเพื่อประโยชน์ในการสอบสวนความผิดอาญา
เกี่ยวกับธุรกิจการเงินซึ่งตนเป็นผู้รับผิดชอบการสอบสวนคดีดังกล่าว คณะกรรมการกฤษฎีกา
(๓) เมื่อมีหนังสือจากกระทรวงการคลัง ธนาคารแห่งประเทศไทย คณะกรรมการ
ส่วนกำกับหลักทรัพย์และตลาดหลักทรัพย์เพื่อประโยชน์ในการปฏิบัติการในการกำกับดูแลหรือตรวจสอบ กฤษฎีกา
สถาบันการเงินตามกฎหมายว่าด้วยการนั้น
สำนักงานคณะกรรมการกฤษฎีกา
(๔) เมื่อมีหนังสือจากบรรษัทตลาดรองสินเชื่อเพื่อที่อยู่อาศัยตามกฎหมายว่าด้วย
บรรษัทตลาดรองสินเชื่อเพื่อที่อยู่อาศัย หรือนิติบุคคลเฉพาะกิจเพื่อการแปลงสินทรัพย์เป็นหลักทรัพย์
พระนครมการกฤษฎีกา
ตามกฎหมายว่าด้วยนิติบุคคลเฉพาะกิจเพื่อการแปลงสินทรัพย์เป็นหลักทรัพย์ เพื่อใช้ประโยชน์ในการ
ประเมินฐานะสินทรัพย์ที่นำมาแปลงเป็นหลักทรัพย์ตามกฎหมายว่าด้วยการนั้น ตามความจำเป็นแห่ง
กรณี
สำนักงานคณะกรรมการ (๕) เมื่อมีหนังสือจากบรรษัทบริหารสินทรัพย์ไทยตามกฎหมายว่าด้วยบรรษัทารกฤษฎีกา
บริหารสินทรัพย์ไทย บรรษัทบริหารสินทรัพย์สถาบันการเงินตามกฎหมายว่าด้วยบรรษัทบริหาร
สินทรัพย์ สถาบันการเงิน หรือบริษัทบริหารสินทรัพย์ตามกฎหมายว่าด้วยบริษัทบริหารสินทรัพย์ เพื่อ
ใช้ประโยชน์ในการประเมินราคาสินทรัพย์ที่รับซื้อหรือรับโอนตามกฎหมายว่าด้วยการนั้น ตามความ
สํานัก เจ็บ รรม รรกฤษฎีกา
สํานักงานคณะกรรมการกฤษฎีกา
สำนักงานคณะกรรมการกฤษฎีกา
สํานักงานคณะกรรมการกฤษฎีกา
สํานักงานคณะกรรมการกฤษฎีกา","This section requires a credit information company to obtain consent before disclosing or providing data, subject to statutory exceptions. Maps to P7-I1 because its sector-specific consent rule evidences a data-protection framework, not a comprehensive horizontal one.",https://www.bot.or.th/content/dam/bot/documents/th/laws-and-rules/laws-and-regulations/legal-department/7-ncb-act/7-1-ncb-act/7.1.2-Law_TH_CreditBureau%20Updated-2559.pdf,0.99,"Discovery: master dataset already records s. 20 of this law. Modality: Must; exceptions: Consent is not required in the statutory cases listed in subsection 20(2), including court orders, criminal investigations, regulatory requests, and specified asset-securitisation or asset-management purposes.",Sectoral (Credit information),,in_force
Thailand,Credit Information Business Operation Act B.E.2545 (พระราชบัญญัติการประกอบธุรกิจข้อมูลเครดิต พ.ศ. 2545); Bank of Thailand Notification Regarding Services related to Debit Cards Issued and Used Domesti,,,P7-I1,s. 20(2),KNOWN,page 7,"มาตรา ๒๐ ให้บริษัทข้อมูลเครดิตเปิดเผยหรือให้ข้อมูลแก่สมาชิกหรือผู้ใช้บริการที่
ส่วน ประสงค์จะใช้ข้อมูลเพื่อประโยชน์ในการวิเคราะห์สินเชื่อและการออกบัตรเครดิต โดยในการเปิดเผย กฤษฎีกา
หรือให้ข้อมูลดังกล่าวจะต้องได้รับความยินยอมจากเจ้าของข้อมูลก่อนทุกครั้ง เว้นแต่เจ้าของข้อมูลได้
ให้ความยินยอมไว้เป็นอย่างอื่น ทั้งนี้ ตามหลักเกณฑ์ วิธีการ และเงื่อนไขที่คณะกรรมการกำหนด
๑๐
นอกจากการเปิดเผยหรือไทยอมูลแก่สมาชกหรือผู้ใช้บริการตามวรรคหนึ่ง ให้บริษัท
สำนักงานคณะกรรมการกฤษฎีกา
“ลัวนักงานคณะกรรมการกฤษฎีกา
ข้อมูลเครดิตเปิดเผยหรือให้ข้อมูลได้ในกรณีดังต่อไปนี้โดยไม่จำเป็นต้องได้รับความยินยอมเป็นหนังสือ
จากเจ้าของข้อมูลก่อนงานคณะกรรมการกฤษฎีกา
(๑) เมื่อมีคําสั่งศาลหรือตามหมายศาลหรือเป็นข้อมูลเกี่ยวกับการฟ้องร้องคดีต่าง ๆ
สำนักที่เปิดเผยต่อสาธารณะ กา
สำนักงานคณะกรรมการกฤษฎีกา
สำนักงานคณะกรรมการกฤษฎีกา
สำนักงานคณะกรรมการกฤษฎีกา
(๒) เมื่อมีหนังสือจากพนักงานสอบสวนเพื่อประโยชน์ในการสอบสวนความผิดอาญา
เกี่ยวกับธุรกิจการเงินซึ่งตนเป็นผู้รับผิดชอบการสอบสวนคดีดังกล่าว คณะกรรมการกฤษฎีกา
(๓) เมื่อมีหนังสือจากกระทรวงการคลัง ธนาคารแห่งประเทศไทย คณะกรรมการ
ส่วนกำกับหลักทรัพย์และตลาดหลักทรัพย์เพื่อประโยชน์ในการปฏิบัติการในการกำกับดูแลหรือตรวจสอบ กฤษฎีกา
สถาบันการเงินตามกฎหมายว่าด้วยการนั้น
สำนักงานคณะกรรมการกฤษฎีกา
(๔) เมื่อมีหนังสือจากบรรษัทตลาดรองสินเชื่อเพื่อที่อยู่อาศัยตามกฎหมายว่าด้วย
บรรษัทตลาดรองสินเชื่อเพื่อที่อยู่อาศัย หรือนิติบุคคลเฉพาะกิจเพื่อการแปลงสินทรัพย์เป็นหลักทรัพย์
พระนครมการกฤษฎีกา
ตามกฎหมายว่าด้วยนิติบุคคลเฉพาะกิจเพื่อการแปลงสินทรัพย์เป็นหลักทรัพย์ เพื่อใช้ประโยชน์ในการ
ประเมินฐานะสินทรัพย์ที่นำมาแปลงเป็นหลักทรัพย์ตามกฎหมายว่าด้วยการนั้น ตามความจำเป็นแห่ง
กรณี
สำนักงานคณะกรรมการ (๕) เมื่อมีหนังสือจากบรรษัทบริหารสินทรัพย์ไทยตามกฎหมายว่าด้วยบรรษัทารกฤษฎีกา
บริหารสินทรัพย์ไทย บรรษัทบริหารสินทรัพย์สถาบันการเงินตามกฎหมายว่าด้วยบรรษัทบริหาร
สินทรัพย์ สถาบันการเงิน หรือบริษัทบริหารสินทรัพย์ตามกฎหมายว่าด้วยบริษัทบริหารสินทรัพย์ เพื่อ
ใช้ประโยชน์ในการประเมินราคาสินทรัพย์ที่รับซื้อหรือรับโอนตามกฎหมายว่าด้วยการนั้น ตามความ
สํานัก เจ็บ รรม รรกฤษฎีกา
สํานักงานคณะกรรมการกฤษฎีกา
สำนักงานคณะกรรมการกฤษฎีกา
สํานักงานคณะกรรมการกฤษฎีกา
สํานักงานคณะกรรมการกฤษฎีกา","This section 20 requires credit information companies to obtain consent before disclosing or providing personal data, subject to exceptions. Maps to P7-I1 because it evidences a sectoral consent-based data-protection framework, not a comprehensive horizontal law.",https://www.bot.or.th/content/dam/bot/documents/th/laws-and-rules/laws-and-regulations/legal-department/7-ncb-act/7-1-ncb-act/7.1.2-Law_TH_CreditBureau%20Updated-2559.pdf,0.98,"Discovery: master dataset already records s. 20 of this law. Modality: Must obtain consent; may disclose in specified exceptions; exceptions: The data subject has given consent otherwise; Disclosure on a court order, court warrant, or publicly disclosed litigation information; Disclosure on a written request from an inquiry official for investigation of a criminal offence concerning a financial business; Disclosure on a written request from specified financial regulators for supervision or inspection; Disclosure on a written request from specified asset-management or securitisation entities for statutory asset valuation purposes",Sectoral (Credit information and financial services),,in_force
Thailand,Credit Information Business Operation Act B.E.2545 (พระราชบัญญัติการประกอบธุรกิจข้อมูลเครดิต พ.ศ. 2545); Bank of Thailand Notification Regarding Services related to Debit Cards Issued and Used Domesti,,,P7-I1,s. 20(4),KNOWN,page 7,"มาตรา ๒๐ ให้บริษัทข้อมูลเครดิตเปิดเผยหรือให้ข้อมูลแก่สมาชิกหรือผู้ใช้บริการที่
ส่วน ประสงค์จะใช้ข้อมูลเพื่อประโยชน์ในการวิเคราะห์สินเชื่อและการออกบัตรเครดิต โดยในการเปิดเผย กฤษฎีกา
หรือให้ข้อมูลดังกล่าวจะต้องได้รับความยินยอมจากเจ้าของข้อมูลก่อนทุกครั้ง เว้นแต่เจ้าของข้อมูลได้
ให้ความยินยอมไว้เป็นอย่างอื่น ทั้งนี้ ตามหลักเกณฑ์ วิธีการ และเงื่อนไขที่คณะกรรมการกำหนด
๑๐
นอกจากการเปิดเผยหรือไทยอมูลแก่สมาชกหรือผู้ใช้บริการตามวรรคหนึ่ง ให้บริษัท
สำนักงานคณะกรรมการกฤษฎีกา
“ลัวนักงานคณะกรรมการกฤษฎีกา
ข้อมูลเครดิตเปิดเผยหรือให้ข้อมูลได้ในกรณีดังต่อไปนี้โดยไม่จำเป็นต้องได้รับความยินยอมเป็นหนังสือ
จากเจ้าของข้อมูลก่อนงานคณะกรรมการกฤษฎีกา
(๑) เมื่อมีคําสั่งศาลหรือตามหมายศาลหรือเป็นข้อมูลเกี่ยวกับการฟ้องร้องคดีต่าง ๆ
สำนักที่เปิดเผยต่อสาธารณะ กา
สำนักงานคณะกรรมการกฤษฎีกา
สำนักงานคณะกรรมการกฤษฎีกา
สำนักงานคณะกรรมการกฤษฎีกา
(๒) เมื่อมีหนังสือจากพนักงานสอบสวนเพื่อประโยชน์ในการสอบสวนความผิดอาญา
เกี่ยวกับธุรกิจการเงินซึ่งตนเป็นผู้รับผิดชอบการสอบสวนคดีดังกล่าว คณะกรรมการกฤษฎีกา
(๓) เมื่อมีหนังสือจากกระทรวงการคลัง ธนาคารแห่งประเทศไทย คณะกรรมการ
ส่วนกำกับหลักทรัพย์และตลาดหลักทรัพย์เพื่อประโยชน์ในการปฏิบัติการในการกำกับดูแลหรือตรวจสอบ กฤษฎีกา
สถาบันการเงินตามกฎหมายว่าด้วยการนั้น
สำนักงานคณะกรรมการกฤษฎีกา
(๔) เมื่อมีหนังสือจากบรรษัทตลาดรองสินเชื่อเพื่อที่อยู่อาศัยตามกฎหมายว่าด้วย
บรรษัทตลาดรองสินเชื่อเพื่อที่อยู่อาศัย หรือนิติบุคคลเฉพาะกิจเพื่อการแปลงสินทรัพย์เป็นหลักทรัพย์
พระนครมการกฤษฎีกา
ตามกฎหมายว่าด้วยนิติบุคคลเฉพาะกิจเพื่อการแปลงสินทรัพย์เป็นหลักทรัพย์ เพื่อใช้ประโยชน์ในการ
ประเมินฐานะสินทรัพย์ที่นำมาแปลงเป็นหลักทรัพย์ตามกฎหมายว่าด้วยการนั้น ตามความจำเป็นแห่ง
กรณี
สำนักงานคณะกรรมการ (๕) เมื่อมีหนังสือจากบรรษัทบริหารสินทรัพย์ไทยตามกฎหมายว่าด้วยบรรษัทารกฤษฎีกา
บริหารสินทรัพย์ไทย บรรษัทบริหารสินทรัพย์สถาบันการเงินตามกฎหมายว่าด้วยบรรษัทบริหาร
สินทรัพย์ สถาบันการเงิน หรือบริษัทบริหารสินทรัพย์ตามกฎหมายว่าด้วยบริษัทบริหารสินทรัพย์ เพื่อ
ใช้ประโยชน์ในการประเมินราคาสินทรัพย์ที่รับซื้อหรือรับโอนตามกฎหมายว่าด้วยการนั้น ตามความ
สํานัก เจ็บ รรม รรกฤษฎีกา
สํานักงานคณะกรรมการกฤษฎีกา
สำนักงานคณะกรรมการกฤษฎีกา
สํานักงานคณะกรรมการกฤษฎีกา
สํานักงานคณะกรรมการกฤษฎีกา","This section 20 requires credit information companies to disclose or provide information subject to consent and statutory exceptions. Maps to P7-I1 because it establishes a sectoral personal-data disclosure framework, not a comprehensive horizontal law.",https://www.bot.or.th/content/dam/bot/documents/th/laws-and-rules/laws-and-regulations/legal-department/7-ncb-act/7-1-ncb-act/7.1.2-Law_TH_CreditBureau%20Updated-2559.pdf,0.99,"Discovery: master dataset already records s. 20 of this law. Modality: Must obtain consent; may disclose in specified cases without prior written consent; exceptions: A court order, subpoena, or publicly disclosed litigation information; A written request from an inquiry official for investigation of specified financial-business offences; A written request from the Ministry of Finance, Bank of Thailand, or Securities and Exchange Commission for supervision or inspection; A written request from the Secondary Mortgage Corporation or a special-purpose vehicle for asset-securitisation assessment; A written request from Thai Asset Management Corporation, a financial-institution asset-management corporation, or an asset-management company for asset valuation; Disclosures under exceptions (4) or (5) require committee approval",Sectoral (Credit information and financial services),,in_force
Thailand,Credit Information Business Operation Act B.E.2545 (พระราชบัญญัติการประกอบธุรกิจข้อมูลเครดิต พ.ศ. 2545); Bank of Thailand Notification Regarding Services related to Debit Cards Issued and Used Domesti,,,P7-I1,s. 20(5),KNOWN,page 7,"มาตรา ๒๐ ให้บริษัทข้อมูลเครดิตเปิดเผยหรือให้ข้อมูลแก่สมาชิกหรือผู้ใช้บริการที่
ส่วน ประสงค์จะใช้ข้อมูลเพื่อประโยชน์ในการวิเคราะห์สินเชื่อและการออกบัตรเครดิต โดยในการเปิดเผย กฤษฎีกา
หรือให้ข้อมูลดังกล่าวจะต้องได้รับความยินยอมจากเจ้าของข้อมูลก่อนทุกครั้ง เว้นแต่เจ้าของข้อมูลได้
ให้ความยินยอมไว้เป็นอย่างอื่น ทั้งนี้ ตามหลักเกณฑ์ วิธีการ และเงื่อนไขที่คณะกรรมการกำหนด
๑๐
นอกจากการเปิดเผยหรือไทยอมูลแก่สมาชกหรือผู้ใช้บริการตามวรรคหนึ่ง ให้บริษัท
สำนักงานคณะกรรมการกฤษฎีกา
“ลัวนักงานคณะกรรมการกฤษฎีกา
ข้อมูลเครดิตเปิดเผยหรือให้ข้อมูลได้ในกรณีดังต่อไปนี้โดยไม่จำเป็นต้องได้รับความยินยอมเป็นหนังสือ
จากเจ้าของข้อมูลก่อนงานคณะกรรมการกฤษฎีกา
(๑) เมื่อมีคําสั่งศาลหรือตามหมายศาลหรือเป็นข้อมูลเกี่ยวกับการฟ้องร้องคดีต่าง ๆ
สำนักที่เปิดเผยต่อสาธารณะ กา
สำนักงานคณะกรรมการกฤษฎีกา
สำนักงานคณะกรรมการกฤษฎีกา
สำนักงานคณะกรรมการกฤษฎีกา
(๒) เมื่อมีหนังสือจากพนักงานสอบสวนเพื่อประโยชน์ในการสอบสวนความผิดอาญา
เกี่ยวกับธุรกิจการเงินซึ่งตนเป็นผู้รับผิดชอบการสอบสวนคดีดังกล่าว คณะกรรมการกฤษฎีกา
(๓) เมื่อมีหนังสือจากกระทรวงการคลัง ธนาคารแห่งประเทศไทย คณะกรรมการ
ส่วนกำกับหลักทรัพย์และตลาดหลักทรัพย์เพื่อประโยชน์ในการปฏิบัติการในการกำกับดูแลหรือตรวจสอบ กฤษฎีกา
สถาบันการเงินตามกฎหมายว่าด้วยการนั้น
สำนักงานคณะกรรมการกฤษฎีกา
(๔) เมื่อมีหนังสือจากบรรษัทตลาดรองสินเชื่อเพื่อที่อยู่อาศัยตามกฎหมายว่าด้วย
บรรษัทตลาดรองสินเชื่อเพื่อที่อยู่อาศัย หรือนิติบุคคลเฉพาะกิจเพื่อการแปลงสินทรัพย์เป็นหลักทรัพย์
พระนครมการกฤษฎีกา
ตามกฎหมายว่าด้วยนิติบุคคลเฉพาะกิจเพื่อการแปลงสินทรัพย์เป็นหลักทรัพย์ เพื่อใช้ประโยชน์ในการ
ประเมินฐานะสินทรัพย์ที่นำมาแปลงเป็นหลักทรัพย์ตามกฎหมายว่าด้วยการนั้น ตามความจำเป็นแห่ง
กรณี
สำนักงานคณะกรรมการ (๕) เมื่อมีหนังสือจากบรรษัทบริหารสินทรัพย์ไทยตามกฎหมายว่าด้วยบรรษัทารกฤษฎีกา
บริหารสินทรัพย์ไทย บรรษัทบริหารสินทรัพย์สถาบันการเงินตามกฎหมายว่าด้วยบรรษัทบริหาร
สินทรัพย์ สถาบันการเงิน หรือบริษัทบริหารสินทรัพย์ตามกฎหมายว่าด้วยบริษัทบริหารสินทรัพย์ เพื่อ
ใช้ประโยชน์ในการประเมินราคาสินทรัพย์ที่รับซื้อหรือรับโอนตามกฎหมายว่าด้วยการนั้น ตามความ
สํานัก เจ็บ รรม รรกฤษฎีกา
สํานักงานคณะกรรมการกฤษฎีกา
สำนักงานคณะกรรมการกฤษฎีกา
สํานักงานคณะกรรมการกฤษฎีกา
สํานักงานคณะกรรมการกฤษฎีกา",This section requires credit information companies to disclose or provide information subject to prior consent. Maps to P7-I1 because it establishes a sectoral personal-data-protection framework through a consent obligation.,https://www.bot.or.th/content/dam/bot/documents/th/laws-and-rules/laws-and-regulations/legal-department/7-ncb-act/7-1-ncb-act/7.1.2-Law_TH_CreditBureau%20Updated-2559.pdf,0.98,Discovery: master dataset already records s. 20 of this law. Modality: Must/required; exceptions: Prior consent is not required if the data subject has consented otherwise.,Sectoral (Credit information and financial services),,in_force
Thailand,PDPC s.28 Cross-Border Notification B.E. 2566 (Royal Gazette),,,P7-I1,s. 64,KNOWN,page 33,"มาตรา ๖๔ ในกิจการของส านักงานที่เกี่ยวกับบุคคลภายนอก  ให้เลขาธิการเป็นผู้แทนของ
ส านักงาน  เพื่อการนี้  เลขาธิการจะมอบอ านาจให้บุคคลใดปฏิบัติงานเฉพาะอย่างแทนก็ได้  แต่ต้องเป็นไป
ตามข้อบังคับที่คณะกรรมการก ากับส านักงานคณะกรรมการคุ้มครองข้อมูลส่วนบุคคลก าหนด",This section establishes the Secretary-General’s representation and delegation authority for the data-protection office. Maps to P7-I1 because its institutional-governance function evidences the existing horizontal data-protection framework.,https://ratchakitcha.soc.go.th/documents/17082307.pdf,0.9,"Discovery: master dataset already records s. 64 of this law. Modality: must serve as representative; may delegate specific work, subject to regulations; exceptions: none",Horizontal,,in_force
Thailand,PDPC s.28 Cross-Border Notification B.E. 2566 (Royal Gazette),,,P7-I1,s. 66,KNOWN,page 33,"มาตรา ๖๖ เพื่อประโยชน์ในการบริหารงานของส านักงาน  เลขาธิการอาจขอให้ข้าราชการ  
พนักงาน  เจ้าหน้าที่  หรือลูกจ้างของส่วนราชการ  หน่วยงานของรัฐ  รัฐวิสาหกิจ  ราชการส่วนท้องถิ่น  
องค์การมหาชน  หรือหน่วยงานอื่นของรัฐ  มาปฏิบัติงานเป็นพนักงานหรือลูกจ้างเป็นการชั่วคราวได้  
ทั้งนี้  เมื่อได้รับอนุมัติจากผู้บังคับบัญชาหรือนายจ้างของผู้นั้น  และมีข้อตกลงที่ท าไว้ในการอนุมัติ  และ
ในกรณีที่เจ้าหน้าที่ของรัฐได้รับอนุมัติให้มาปฏิบัติงานเป็นพนักงานหรือลูกจ้างเป็นการชั่วคราว  ให้ถือว่า
เป็นการได้รับอนุญาตให้ออกจากราชการหรือออกจากงานไปปฏิบัติงานใด ๆ 
เมื่อสิ้นสุดระยะเวลาที่ได้รับอนุมัติให้มาปฏิบัติงานในส านักงาน  ให้เจ้าหน้าที่ของรัฐตามวรรคหนึ่ง  
มีสิทธิได้รับการบรรจุและแต่งตั้งให้ด ารงต าแหน่งและรับเงินเดือนในส่วนราชการหรือหน่วยงานเดิมไม่ต่ ากว่า
ต าแหน่งและเงินเดือนเดิมตามข้อตกลงที่ท าไว้ในการอนุมัติ 
้หนา   ๘๔
่เลม   ๑๓๖   ตอนที่   ๖๙    ก
ราชกิจจานุเบกษา
๒๗   พฤษภาคม   ๒๕๖๒","This section permits the Secretary-General to request specified public-sector personnel to work temporarily. Maps to P7-I1 because it is an institutional provision within the horizontal personal-data-protection framework, evidencing that framework.",https://ratchakitcha.soc.go.th/documents/17082307.pdf,0.82,Discovery: master dataset already records s. 66 of this law. Modality: May request; exceptions: none,Sectoral (Public sector),,in_force
Thailand,PDPC DPO Notification B.E. 2566,,,P7-I1,s. 6,KNOWN,page 3,"ข้อ ๖ การด าเนินกิจกรรมของผู้ควบคุมข้อมูลส่วนบุคคลและผู้ประมวลผลข้อมูลส่วนบุคคล   
ซึ่งเป็นส่วนหนึ่งของกิจกรรมหลัก  (core  activities)  ที่มีข้อมูลส่วนบุคคลเป็นจ านวนมาก  (on  a  large  scale)   
ให้พิจารณาจากปัจจัย  ดังต่อไปนี้ 
(๑) จ านวนเจ้าของข้อมูลส่วนบุคคลที่เกี่ยวข้อง  หรือสัดส่วนของจ านวนเจ้าของข้อมูลส่วนบุคคล 
ที่มีการเก็บรวบรวม  ใช้  หรือเปิดเผย  เมื่อเทียบกับจ านวนเจ้าของข้อมูลส่วนบุคคลทั้งหมดที่อาจเป็นไปได้ 
(๒) ปริมาณ  ประเภท  หรือลักษณะของข้อมูลส่วนบุคคลที่มีการเก็บรวบรวม  ใช้  หรือเปิดเผย 
(๓) ระยะเวลา  (duration)  หรือความคงอยู่  (permanence)  ของการเก็บรวบรวม  ใช้   
หรือเปิดเผยข้อมูลส่วนบุคคลเพื่อประโยชน์ในการด าเนินกิจกรรมหลัก  (core  activities)  ของผู้ควบคุม 
ข้อมูลส่วนบุคคลหรือผู้ประมวลผลข้อมูลส่วนบุคคล 
(๔) ขอบเขตการใช้ข้อมูลส่วนบุคคลขององค์กร  หรือตามขนาดพื้นที่หรือจ านวนประเทศ 
ที่เกี่ยวข้องกับการเก็บรวบรวม  ใช้  หรือเปิดเผยข้อมูลส่วนบุคคล 
การเก็บรวบรวม  ใช้  หรือเปิดเผยข้อมูลส่วนบุคคลในกรณีดังต่อไปนี้  ให้ถือเป็นกรณีที่มีข้อมูล
ส่วนบุคคลเป็นจ านวนมาก  (on  a  large  scale)  ตามวรรคหนึ่งด้วย 
(๑) การเก็บรวบรวม  ใช้  หรือเปิดเผยข้อมูลส่วนบุคคล  ซึ่งเป็นส่วนหนึ่งของกิจกรรมหลัก   
(core  activities)  โดยมีจ านวนเจ้าของข้อมูลส่วนบุคคลที่มีการเก็บรวบรวม  ใช้  หรือเปิดเผยข้อมูล 
ส่วนบุคคล  ตั้งแต่  ๑๐๐,๐๐๐  รายขึ้นไป 
(๒) การเก็บรวบรวม  ใช้  หรือเปิดเผยข้อมูลส่วนบุคคลเพื่อวัตถุประสงค์ด้านการโฆษณา 
ตามพฤติกรรม  (behavioral  advertising)  ผ่านโปรแกรมค้นหา  (search  engine)  หรือสื่อสังคมออนไลน์   
(social  media)  ที่มีผู้ใช้งานอย่างกว้างขวาง 
(๓) การเก็บรวบรวม  ใช้  หรือเปิดเผยข้อมูลส่วนบุคคลของลูกค้าหรือผู้รับบริการ 
ตามการด าเนินงานปกติโดยบริษัทตามกฎหมายว่าด้วยประกันชีวิต  บริษัทตามกฎหมายว่าด้วยประกันวินาศภัย   
ผู้ประกอบธุรกิจสถาบันการเงินตามกฎหมายว่าด้วยธุรกิจสถาบันการเงิน  ทั้งนี้  ไม่รวมถึงการด าเนินการกับข้อมูล 
ของบริษัทข้อมูลเครดิตและสมาชิกตามกฎหมายว่าด้วยการประกอบธุรกิจข้อมูลเครดิต 
(๔) การเก็บรวบรวม  ใช้  หรือเปิดเผยข้อมูลส่วนบุคคลของลูกค้าหรือผู้รับบริการโดยผู้รับใบอนุญาต 
ประกอบกิจการโทรคมนาคมแบบที่สามตามกฎหมายว่าด้วยการประกอบกิจการโทรคมนาคม 
้หนา   ๑๔
่เลม   ๑๔๐   ตอนพิเศษ   ๒๒๖    ง
ราชกิจจานุเบกษา
๑๔   กันยายน   ๒๕๖๖",This section establishes criteria for determining large-scale personal-data processing by controllers and processors. Maps to P7-I1 because it evidences the horizontal personal-data-protection framework's scope and operational criteria.,https://ratchakitcha.soc.go.th/documents/140D226S0000000001200.pdf,0.98,Discovery: master dataset already records s. 6 of this law. Modality: ให้พิจารณา (shall be considered); exceptions: The listed financial-sector large-scale processing category does not include processing involving credit-information companies and their members.,Horizontal,,in_force
Thailand,PDPC DPO Notification B.E. 2566,,,P7-I1,s. 6(1),KNOWN,page 3,"ข้อ ๖ การด าเนินกิจกรรมของผู้ควบคุมข้อมูลส่วนบุคคลและผู้ประมวลผลข้อมูลส่วนบุคคล   
ซึ่งเป็นส่วนหนึ่งของกิจกรรมหลัก  (core  activities)  ที่มีข้อมูลส่วนบุคคลเป็นจ านวนมาก  (on  a  large  scale)   
ให้พิจารณาจากปัจจัย  ดังต่อไปนี้ 
(๑) จ านวนเจ้าของข้อมูลส่วนบุคคลที่เกี่ยวข้อง  หรือสัดส่วนของจ านวนเจ้าของข้อมูลส่วนบุคคล 
ที่มีการเก็บรวบรวม  ใช้  หรือเปิดเผย  เมื่อเทียบกับจ านวนเจ้าของข้อมูลส่วนบุคคลทั้งหมดที่อาจเป็นไปได้ 
(๒) ปริมาณ  ประเภท  หรือลักษณะของข้อมูลส่วนบุคคลที่มีการเก็บรวบรวม  ใช้  หรือเปิดเผย 
(๓) ระยะเวลา  (duration)  หรือความคงอยู่  (permanence)  ของการเก็บรวบรวม  ใช้   
หรือเปิดเผยข้อมูลส่วนบุคคลเพื่อประโยชน์ในการด าเนินกิจกรรมหลัก  (core  activities)  ของผู้ควบคุม 
ข้อมูลส่วนบุคคลหรือผู้ประมวลผลข้อมูลส่วนบุคคล 
(๔) ขอบเขตการใช้ข้อมูลส่วนบุคคลขององค์กร  หรือตามขนาดพื้นที่หรือจ านวนประเทศ 
ที่เกี่ยวข้องกับการเก็บรวบรวม  ใช้  หรือเปิดเผยข้อมูลส่วนบุคคล 
การเก็บรวบรวม  ใช้  หรือเปิดเผยข้อมูลส่วนบุคคลในกรณีดังต่อไปนี้  ให้ถือเป็นกรณีที่มีข้อมูล
ส่วนบุคคลเป็นจ านวนมาก  (on  a  large  scale)  ตามวรรคหนึ่งด้วย 
(๑) การเก็บรวบรวม  ใช้  หรือเปิดเผยข้อมูลส่วนบุคคล  ซึ่งเป็นส่วนหนึ่งของกิจกรรมหลัก   
(core  activities)  โดยมีจ านวนเจ้าของข้อมูลส่วนบุคคลที่มีการเก็บรวบรวม  ใช้  หรือเปิดเผยข้อมูล 
ส่วนบุคคล  ตั้งแต่  ๑๐๐,๐๐๐  รายขึ้นไป 
(๒) การเก็บรวบรวม  ใช้  หรือเปิดเผยข้อมูลส่วนบุคคลเพื่อวัตถุประสงค์ด้านการโฆษณา 
ตามพฤติกรรม  (behavioral  advertising)  ผ่านโปรแกรมค้นหา  (search  engine)  หรือสื่อสังคมออนไลน์   
(social  media)  ที่มีผู้ใช้งานอย่างกว้างขวาง 
(๓) การเก็บรวบรวม  ใช้  หรือเปิดเผยข้อมูลส่วนบุคคลของลูกค้าหรือผู้รับบริการ 
ตามการด าเนินงานปกติโดยบริษัทตามกฎหมายว่าด้วยประกันชีวิต  บริษัทตามกฎหมายว่าด้วยประกันวินาศภัย   
ผู้ประกอบธุรกิจสถาบันการเงินตามกฎหมายว่าด้วยธุรกิจสถาบันการเงิน  ทั้งนี้  ไม่รวมถึงการด าเนินการกับข้อมูล 
ของบริษัทข้อมูลเครดิตและสมาชิกตามกฎหมายว่าด้วยการประกอบธุรกิจข้อมูลเครดิต 
(๔) การเก็บรวบรวม  ใช้  หรือเปิดเผยข้อมูลส่วนบุคคลของลูกค้าหรือผู้รับบริการโดยผู้รับใบอนุญาต 
ประกอบกิจการโทรคมนาคมแบบที่สามตามกฎหมายว่าด้วยการประกอบกิจการโทรคมนาคม 
้หนา   ๑๔
่เลม   ๑๔๐   ตอนพิเศษ   ๒๒๖    ง
ราชกิจจานุเบกษา
๑๔   กันยายน   ๒๕๖๖",This section establishes criteria requiring controllers and processors to assess whether core activities involve large-scale personal data. Maps to P7-I1 because it evidences the horizontal personal-data-protection framework's operative scope.,https://ratchakitcha.soc.go.th/documents/140D226S0000000001200.pdf,0.98,Discovery: master dataset already records s. 6 of this law. Modality: Must consider; exceptions: Credit information companies and members are excluded from the specified insurance and financial-institution customer-data category; Other cases may be determined by the Personal Data Protection Committee,Horizontal,,in_force
Thailand,PDPC DPO Notification B.E. 2566,,,P7-I1,s. 6(2),KNOWN,page 3,"ข้อ ๖ การด าเนินกิจกรรมของผู้ควบคุมข้อมูลส่วนบุคคลและผู้ประมวลผลข้อมูลส่วนบุคคล   
ซึ่งเป็นส่วนหนึ่งของกิจกรรมหลัก  (core  activities)  ที่มีข้อมูลส่วนบุคคลเป็นจ านวนมาก  (on  a  large  scale)   
ให้พิจารณาจากปัจจัย  ดังต่อไปนี้ 
(๑) จ านวนเจ้าของข้อมูลส่วนบุคคลที่เกี่ยวข้อง  หรือสัดส่วนของจ านวนเจ้าของข้อมูลส่วนบุคคล 
ที่มีการเก็บรวบรวม  ใช้  หรือเปิดเผย  เมื่อเทียบกับจ านวนเจ้าของข้อมูลส่วนบุคคลทั้งหมดที่อาจเป็นไปได้ 
(๒) ปริมาณ  ประเภท  หรือลักษณะของข้อมูลส่วนบุคคลที่มีการเก็บรวบรวม  ใช้  หรือเปิดเผย 
(๓) ระยะเวลา  (duration)  หรือความคงอยู่  (permanence)  ของการเก็บรวบรวม  ใช้   
หรือเปิดเผยข้อมูลส่วนบุคคลเพื่อประโยชน์ในการด าเนินกิจกรรมหลัก  (core  activities)  ของผู้ควบคุม 
ข้อมูลส่วนบุคคลหรือผู้ประมวลผลข้อมูลส่วนบุคคล 
(๔) ขอบเขตการใช้ข้อมูลส่วนบุคคลขององค์กร  หรือตามขนาดพื้นที่หรือจ านวนประเทศ 
ที่เกี่ยวข้องกับการเก็บรวบรวม  ใช้  หรือเปิดเผยข้อมูลส่วนบุคคล 
การเก็บรวบรวม  ใช้  หรือเปิดเผยข้อมูลส่วนบุคคลในกรณีดังต่อไปนี้  ให้ถือเป็นกรณีที่มีข้อมูล
ส่วนบุคคลเป็นจ านวนมาก  (on  a  large  scale)  ตามวรรคหนึ่งด้วย 
(๑) การเก็บรวบรวม  ใช้  หรือเปิดเผยข้อมูลส่วนบุคคล  ซึ่งเป็นส่วนหนึ่งของกิจกรรมหลัก   
(core  activities)  โดยมีจ านวนเจ้าของข้อมูลส่วนบุคคลที่มีการเก็บรวบรวม  ใช้  หรือเปิดเผยข้อมูล 
ส่วนบุคคล  ตั้งแต่  ๑๐๐,๐๐๐  รายขึ้นไป 
(๒) การเก็บรวบรวม  ใช้  หรือเปิดเผยข้อมูลส่วนบุคคลเพื่อวัตถุประสงค์ด้านการโฆษณา 
ตามพฤติกรรม  (behavioral  advertising)  ผ่านโปรแกรมค้นหา  (search  engine)  หรือสื่อสังคมออนไลน์   
(social  media)  ที่มีผู้ใช้งานอย่างกว้างขวาง 
(๓) การเก็บรวบรวม  ใช้  หรือเปิดเผยข้อมูลส่วนบุคคลของลูกค้าหรือผู้รับบริการ 
ตามการด าเนินงานปกติโดยบริษัทตามกฎหมายว่าด้วยประกันชีวิต  บริษัทตามกฎหมายว่าด้วยประกันวินาศภัย   
ผู้ประกอบธุรกิจสถาบันการเงินตามกฎหมายว่าด้วยธุรกิจสถาบันการเงิน  ทั้งนี้  ไม่รวมถึงการด าเนินการกับข้อมูล 
ของบริษัทข้อมูลเครดิตและสมาชิกตามกฎหมายว่าด้วยการประกอบธุรกิจข้อมูลเครดิต 
(๔) การเก็บรวบรวม  ใช้  หรือเปิดเผยข้อมูลส่วนบุคคลของลูกค้าหรือผู้รับบริการโดยผู้รับใบอนุญาต 
ประกอบกิจการโทรคมนาคมแบบที่สามตามกฎหมายว่าด้วยการประกอบกิจการโทรคมนาคม 
้หนา   ๑๔
่เลม   ๑๔๐   ตอนพิเศษ   ๒๒๖    ง
ราชกิจจานุเบกษา
๑๔   กันยายน   ๒๕๖๖",This section establishes criteria for determining large-scale personal-data processing by controllers and processors. Maps to P7-I1 because it evidences the horizontal framework’s scope and core regulatory obligations.,https://ratchakitcha.soc.go.th/documents/140D226S0000000001200.pdf,0.98,"Discovery: master dataset already records s. 6 of this law. Modality: ต้องพิจารณา (shall consider); exceptions: For the insurance, financial-institution, and related customer/service-user category, processing by credit-information companies and their members is excluded.; Other cases may be designated by the Personal Data Protection Committee.",Horizontal,,in_force
Thailand,PDPC DPO Notification B.E. 2566,,,P7-I1,s. 6(3),KNOWN,page 3,"ข้อ ๖ การด าเนินกิจกรรมของผู้ควบคุมข้อมูลส่วนบุคคลและผู้ประมวลผลข้อมูลส่วนบุคคล   
ซึ่งเป็นส่วนหนึ่งของกิจกรรมหลัก  (core  activities)  ที่มีข้อมูลส่วนบุคคลเป็นจ านวนมาก  (on  a  large  scale)   
ให้พิจารณาจากปัจจัย  ดังต่อไปนี้ 
(๑) จ านวนเจ้าของข้อมูลส่วนบุคคลที่เกี่ยวข้อง  หรือสัดส่วนของจ านวนเจ้าของข้อมูลส่วนบุคคล 
ที่มีการเก็บรวบรวม  ใช้  หรือเปิดเผย  เมื่อเทียบกับจ านวนเจ้าของข้อมูลส่วนบุคคลทั้งหมดที่อาจเป็นไปได้ 
(๒) ปริมาณ  ประเภท  หรือลักษณะของข้อมูลส่วนบุคคลที่มีการเก็บรวบรวม  ใช้  หรือเปิดเผย 
(๓) ระยะเวลา  (duration)  หรือความคงอยู่  (permanence)  ของการเก็บรวบรวม  ใช้   
หรือเปิดเผยข้อมูลส่วนบุคคลเพื่อประโยชน์ในการด าเนินกิจกรรมหลัก  (core  activities)  ของผู้ควบคุม 
ข้อมูลส่วนบุคคลหรือผู้ประมวลผลข้อมูลส่วนบุคคล 
(๔) ขอบเขตการใช้ข้อมูลส่วนบุคคลขององค์กร  หรือตามขนาดพื้นที่หรือจ านวนประเทศ 
ที่เกี่ยวข้องกับการเก็บรวบรวม  ใช้  หรือเปิดเผยข้อมูลส่วนบุคคล 
การเก็บรวบรวม  ใช้  หรือเปิดเผยข้อมูลส่วนบุคคลในกรณีดังต่อไปนี้  ให้ถือเป็นกรณีที่มีข้อมูล
ส่วนบุคคลเป็นจ านวนมาก  (on  a  large  scale)  ตามวรรคหนึ่งด้วย 
(๑) การเก็บรวบรวม  ใช้  หรือเปิดเผยข้อมูลส่วนบุคคล  ซึ่งเป็นส่วนหนึ่งของกิจกรรมหลัก   
(core  activities)  โดยมีจ านวนเจ้าของข้อมูลส่วนบุคคลที่มีการเก็บรวบรวม  ใช้  หรือเปิดเผยข้อมูล 
ส่วนบุคคล  ตั้งแต่  ๑๐๐,๐๐๐  รายขึ้นไป 
(๒) การเก็บรวบรวม  ใช้  หรือเปิดเผยข้อมูลส่วนบุคคลเพื่อวัตถุประสงค์ด้านการโฆษณา 
ตามพฤติกรรม  (behavioral  advertising)  ผ่านโปรแกรมค้นหา  (search  engine)  หรือสื่อสังคมออนไลน์   
(social  media)  ที่มีผู้ใช้งานอย่างกว้างขวาง 
(๓) การเก็บรวบรวม  ใช้  หรือเปิดเผยข้อมูลส่วนบุคคลของลูกค้าหรือผู้รับบริการ 
ตามการด าเนินงานปกติโดยบริษัทตามกฎหมายว่าด้วยประกันชีวิต  บริษัทตามกฎหมายว่าด้วยประกันวินาศภัย   
ผู้ประกอบธุรกิจสถาบันการเงินตามกฎหมายว่าด้วยธุรกิจสถาบันการเงิน  ทั้งนี้  ไม่รวมถึงการด าเนินการกับข้อมูล 
ของบริษัทข้อมูลเครดิตและสมาชิกตามกฎหมายว่าด้วยการประกอบธุรกิจข้อมูลเครดิต 
(๔) การเก็บรวบรวม  ใช้  หรือเปิดเผยข้อมูลส่วนบุคคลของลูกค้าหรือผู้รับบริการโดยผู้รับใบอนุญาต 
ประกอบกิจการโทรคมนาคมแบบที่สามตามกฎหมายว่าด้วยการประกอบกิจการโทรคมนาคม 
้หนา   ๑๔
่เลม   ๑๔๐   ตอนพิเศษ   ๒๒๖    ง
ราชกิจจานุเบกษา
๑๔   กันยายน   ๒๕๖๖",This section establishes criteria for identifying large-scale personal-data processing by controllers and processors. Maps to P7-I1 because its scope/implementation rule evidences the horizontal personal-data-protection framework.,https://ratchakitcha.soc.go.th/documents/140D226S0000000001200.pdf,0.98,Discovery: master dataset already records s. 6 of this law. Modality: Must consider; exceptions: The insurance and financial-services category does not include processing involving credit-information companies and their members.,Horizontal,,in_force
Thailand,PDPC DPO Notification B.E. 2566,,,P7-I1,s. 6(4),KNOWN,page 3,"ข้อ ๖ การด าเนินกิจกรรมของผู้ควบคุมข้อมูลส่วนบุคคลและผู้ประมวลผลข้อมูลส่วนบุคคล   
ซึ่งเป็นส่วนหนึ่งของกิจกรรมหลัก  (core  activities)  ที่มีข้อมูลส่วนบุคคลเป็นจ านวนมาก  (on  a  large  scale)   
ให้พิจารณาจากปัจจัย  ดังต่อไปนี้ 
(๑) จ านวนเจ้าของข้อมูลส่วนบุคคลที่เกี่ยวข้อง  หรือสัดส่วนของจ านวนเจ้าของข้อมูลส่วนบุคคล 
ที่มีการเก็บรวบรวม  ใช้  หรือเปิดเผย  เมื่อเทียบกับจ านวนเจ้าของข้อมูลส่วนบุคคลทั้งหมดที่อาจเป็นไปได้ 
(๒) ปริมาณ  ประเภท  หรือลักษณะของข้อมูลส่วนบุคคลที่มีการเก็บรวบรวม  ใช้  หรือเปิดเผย 
(๓) ระยะเวลา  (duration)  หรือความคงอยู่  (permanence)  ของการเก็บรวบรวม  ใช้   
หรือเปิดเผยข้อมูลส่วนบุคคลเพื่อประโยชน์ในการด าเนินกิจกรรมหลัก  (core  activities)  ของผู้ควบคุม 
ข้อมูลส่วนบุคคลหรือผู้ประมวลผลข้อมูลส่วนบุคคล 
(๔) ขอบเขตการใช้ข้อมูลส่วนบุคคลขององค์กร  หรือตามขนาดพื้นที่หรือจ านวนประเทศ 
ที่เกี่ยวข้องกับการเก็บรวบรวม  ใช้  หรือเปิดเผยข้อมูลส่วนบุคคล 
การเก็บรวบรวม  ใช้  หรือเปิดเผยข้อมูลส่วนบุคคลในกรณีดังต่อไปนี้  ให้ถือเป็นกรณีที่มีข้อมูล
ส่วนบุคคลเป็นจ านวนมาก  (on  a  large  scale)  ตามวรรคหนึ่งด้วย 
(๑) การเก็บรวบรวม  ใช้  หรือเปิดเผยข้อมูลส่วนบุคคล  ซึ่งเป็นส่วนหนึ่งของกิจกรรมหลัก   
(core  activities)  โดยมีจ านวนเจ้าของข้อมูลส่วนบุคคลที่มีการเก็บรวบรวม  ใช้  หรือเปิดเผยข้อมูล 
ส่วนบุคคล  ตั้งแต่  ๑๐๐,๐๐๐  รายขึ้นไป 
(๒) การเก็บรวบรวม  ใช้  หรือเปิดเผยข้อมูลส่วนบุคคลเพื่อวัตถุประสงค์ด้านการโฆษณา 
ตามพฤติกรรม  (behavioral  advertising)  ผ่านโปรแกรมค้นหา  (search  engine)  หรือสื่อสังคมออนไลน์   
(social  media)  ที่มีผู้ใช้งานอย่างกว้างขวาง 
(๓) การเก็บรวบรวม  ใช้  หรือเปิดเผยข้อมูลส่วนบุคคลของลูกค้าหรือผู้รับบริการ 
ตามการด าเนินงานปกติโดยบริษัทตามกฎหมายว่าด้วยประกันชีวิต  บริษัทตามกฎหมายว่าด้วยประกันวินาศภัย   
ผู้ประกอบธุรกิจสถาบันการเงินตามกฎหมายว่าด้วยธุรกิจสถาบันการเงิน  ทั้งนี้  ไม่รวมถึงการด าเนินการกับข้อมูล 
ของบริษัทข้อมูลเครดิตและสมาชิกตามกฎหมายว่าด้วยการประกอบธุรกิจข้อมูลเครดิต 
(๔) การเก็บรวบรวม  ใช้  หรือเปิดเผยข้อมูลส่วนบุคคลของลูกค้าหรือผู้รับบริการโดยผู้รับใบอนุญาต 
ประกอบกิจการโทรคมนาคมแบบที่สามตามกฎหมายว่าด้วยการประกอบกิจการโทรคมนาคม 
้หนา   ๑๔
่เลม   ๑๔๐   ตอนพิเศษ   ๒๒๖    ง
ราชกิจจานุเบกษา
๑๔   กันยายน   ๒๕๖๖",This section establishes criteria for determining large-scale processing by controllers and processors. Maps to P7-I1 because it evidences the horizontal personal-data-protection framework’s operative scope and application threshold.,https://ratchakitcha.soc.go.th/documents/140D226S0000000001200.pdf,0.98,Discovery: master dataset already records s. 6 of this law. Modality: ให้พิจารณา (shall be considered); exceptions: none,Horizontal,,in_force
Thailand,PDPC DPO Notification B.E. 2566,,,P7-I1,s. 6(5),KNOWN,page 3,"ข้อ ๖ การด าเนินกิจกรรมของผู้ควบคุมข้อมูลส่วนบุคคลและผู้ประมวลผลข้อมูลส่วนบุคคล   
ซึ่งเป็นส่วนหนึ่งของกิจกรรมหลัก  (core  activities)  ที่มีข้อมูลส่วนบุคคลเป็นจ านวนมาก  (on  a  large  scale)   
ให้พิจารณาจากปัจจัย  ดังต่อไปนี้ 
(๑) จ านวนเจ้าของข้อมูลส่วนบุคคลที่เกี่ยวข้อง  หรือสัดส่วนของจ านวนเจ้าของข้อมูลส่วนบุคคล 
ที่มีการเก็บรวบรวม  ใช้  หรือเปิดเผย  เมื่อเทียบกับจ านวนเจ้าของข้อมูลส่วนบุคคลทั้งหมดที่อาจเป็นไปได้ 
(๒) ปริมาณ  ประเภท  หรือลักษณะของข้อมูลส่วนบุคคลที่มีการเก็บรวบรวม  ใช้  หรือเปิดเผย 
(๓) ระยะเวลา  (duration)  หรือความคงอยู่  (permanence)  ของการเก็บรวบรวม  ใช้   
หรือเปิดเผยข้อมูลส่วนบุคคลเพื่อประโยชน์ในการด าเนินกิจกรรมหลัก  (core  activities)  ของผู้ควบคุม 
ข้อมูลส่วนบุคคลหรือผู้ประมวลผลข้อมูลส่วนบุคคล 
(๔) ขอบเขตการใช้ข้อมูลส่วนบุคคลขององค์กร  หรือตามขนาดพื้นที่หรือจ านวนประเทศ 
ที่เกี่ยวข้องกับการเก็บรวบรวม  ใช้  หรือเปิดเผยข้อมูลส่วนบุคคล 
การเก็บรวบรวม  ใช้  หรือเปิดเผยข้อมูลส่วนบุคคลในกรณีดังต่อไปนี้  ให้ถือเป็นกรณีที่มีข้อมูล
ส่วนบุคคลเป็นจ านวนมาก  (on  a  large  scale)  ตามวรรคหนึ่งด้วย 
(๑) การเก็บรวบรวม  ใช้  หรือเปิดเผยข้อมูลส่วนบุคคล  ซึ่งเป็นส่วนหนึ่งของกิจกรรมหลัก   
(core  activities)  โดยมีจ านวนเจ้าของข้อมูลส่วนบุคคลที่มีการเก็บรวบรวม  ใช้  หรือเปิดเผยข้อมูล 
ส่วนบุคคล  ตั้งแต่  ๑๐๐,๐๐๐  รายขึ้นไป 
(๒) การเก็บรวบรวม  ใช้  หรือเปิดเผยข้อมูลส่วนบุคคลเพื่อวัตถุประสงค์ด้านการโฆษณา 
ตามพฤติกรรม  (behavioral  advertising)  ผ่านโปรแกรมค้นหา  (search  engine)  หรือสื่อสังคมออนไลน์   
(social  media)  ที่มีผู้ใช้งานอย่างกว้างขวาง 
(๓) การเก็บรวบรวม  ใช้  หรือเปิดเผยข้อมูลส่วนบุคคลของลูกค้าหรือผู้รับบริการ 
ตามการด าเนินงานปกติโดยบริษัทตามกฎหมายว่าด้วยประกันชีวิต  บริษัทตามกฎหมายว่าด้วยประกันวินาศภัย   
ผู้ประกอบธุรกิจสถาบันการเงินตามกฎหมายว่าด้วยธุรกิจสถาบันการเงิน  ทั้งนี้  ไม่รวมถึงการด าเนินการกับข้อมูล 
ของบริษัทข้อมูลเครดิตและสมาชิกตามกฎหมายว่าด้วยการประกอบธุรกิจข้อมูลเครดิต 
(๔) การเก็บรวบรวม  ใช้  หรือเปิดเผยข้อมูลส่วนบุคคลของลูกค้าหรือผู้รับบริการโดยผู้รับใบอนุญาต 
ประกอบกิจการโทรคมนาคมแบบที่สามตามกฎหมายว่าด้วยการประกอบกิจการโทรคมนาคม 
้หนา   ๑๔
่เลม   ๑๔๐   ตอนพิเศษ   ๒๒๖    ง
ราชกิจจานุเบกษา
๑๔   กันยายน   ๒๕๖๖",This section establishes criteria for controllers and processors to determine large-scale personal-data activities. Maps to P7-I1 because it evidences the horizontal personal-data-protection framework's scope and operation.,https://ratchakitcha.soc.go.th/documents/140D226S0000000001200.pdf,0.98,Discovery: master dataset already records s. 6 of this law. Modality: ให้พิจารณา (shall consider); exceptions: The listed large-scale category for financial-sector customer or service-recipient data excludes data of credit-information companies and their members.,Horizontal,,in_force
Thailand,PDPC State-Agency DPO Notification B.E. 2566,,,P7-I1,s. 6.2,KNOWN,page 2,"๖.๒ สํานักงานการปฏิรูปที่ดินเพื่อเกษตรกรรม 
   
๗. กระทรวงคมนาคม",This section establishes the state-agency entries covered by the DPO notification. Maps to P7-I1 because it evidences the personal-data-protection framework’s institutional scope and legal function.,https://ratchakitcha.soc.go.th/documents/140D174S0000000006400.pdf,0.98,Discovery: master dataset already records s. 6.2 of this law. Modality: Not stated in the excerpt; list entry; exceptions: none,Sectoral (State agencies),,in_force
Thailand,PDPC s.28 Cross-Border Notification B.E. 2566 (Royal Gazette),,,P7-I1,s. 6,KNOWN,page 3,"มาตรา ๖ 
ในพระราชบัญญัตินี้  
“ข้อมูลส่วนบุคคล”  หมายความว่า  ข้อมูลเกี่ยวกับบุคคลซึ่งท าให้สามารถระบุตัวบุคคลนั้นได้
ไม่ว่าทางตรงหรือทางอ้อม  แต่ไม่รวมถึงข้อมูลของผู้ถึงแก่กรรมโดยเฉพาะ 
“ผู้ควบคุมข้อมูลส่วนบุคคล”  หมายความว่า  บุคคลหรือนิติบุคคลซึ่งมีอ านาจหน้าที่ตัดสินใจ
เกี่ยวกับการเก็บรวบรวม  ใช้  หรือเปิดเผยข้อมูลส่วนบุคคล 
้หนา   ๕๔
่เลม   ๑๓๖   ตอนที่   ๖๙    ก
ราชกิจจานุเบกษา
๒๗   พฤษภาคม   ๒๕๖๒",This section establishes the definition and scope of personal data. Maps to P7-I1 because this is a controlling horizontal framework provision defining the subject matter of the data-protection regime.,https://ratchakitcha.soc.go.th/documents/17082307.pdf,0.99,Discovery: master dataset already records s. 6 of this law. Modality: หมายความว่า (is defined as); exceptions: Information concerning a deceased person specifically is excluded.,Horizontal,,in_force
Thailand,PDPC State-Agency DPO Notification B.E. 2566,,,P7-I1,s. 10.3,KNOWN,page 3,"๑๐.๓ กรมที่ดิน 
   
๑๑. กระทรวงแรงงาน",This section establishes the Department of Lands as a covered state agency. Maps to P7-I1 because it evidences the data-protection framework's institutional scope and operation.,https://ratchakitcha.soc.go.th/documents/140D174S0000000006400.pdf,0.98,Discovery: master dataset already records s. 10.3 of this law. Modality: Not stated; exceptions: none,Sectoral (Land administration),,in_force
Thailand,PDPC s.28 Cross-Border Notification B.E. 2566 (Royal Gazette),,,P7-I1,s. 10,KNOWN,page 5,"(๔) 
ให้นายกรัฐมนตรีประกาศรายชื่อประธานกรรมการตามมาตรา  ๘  (๑)  หรือกรรมการผู้ทรงคุณวุฒิ
ตามมาตรา  ๘  (๔)  ซึ่งได้รับแต่งตั้งจากคณะรัฐมนตรีในราชกิจจานุเบกษา",This section establishes publication of the data-protection regulator’s appointed governing members. Maps to P7-I1 because it is an institutional framework provision establishing the horizontal data-protection framework.,https://ratchakitcha.soc.go.th/documents/17082307.pdf,0.93,Discovery: master dataset already records s. 10 of this law. Modality: ให้ (must/shall); exceptions: none,Horizontal,,in_force
Thailand,Personal Data Protection Act B.E. 2562 official EN translation,,,P7-I1,s. 41(4),KNOWN,page 18,"In the event that the Data Controller or the Data Processor in paragraph one has
to designate the representative according to section 37 (5), the provisions in paragraph one shall
apply to the representative mutatis mutandis.",This section requires paragraph-one data-protection-officer provisions to apply to designated representatives. Maps to P7-I1 because it evidences the Act’s horizontal personal-data-protection framework and its compliance obligations.,https://www.pdpc.or.th/wp-content/uploads/Thailand Personal-Data-Protection-Act-2019.pdf,0.98,Discovery: master dataset already records s. 41 of this law. Modality: shall apply mutatis mutandis; exceptions: none,Horizontal,,in_force
Thailand,Personal Data Protection Act B.E. 2562 official EN translation,,,P7-I1,s. 41(3),KNOWN,page 18,"Section 41 The Data Controller and the Data Processor shall designate a
data protection officer in the following circumstances:
(1) the Data Controller or the Data Processor is a public authority as
prescribed and announced by the Committee;
(2) the activities of the Data Controller or the Data Processor in the collection,
use, or disclosure of the Personal Data require a regular monitoring of the Personal Data or the
system, by the reason of having a large number of Personal Data as prescribed and announced by
the Committee;
(3) the core activity of the Data Controller or the Data Processor is the
collection, use, or disclosure of the Personal Data according to section 26.",This section 41 requires controllers and processors to designate a data protection officer in specified circumstances. Maps to P7-I1 because it evidences the Act's horizontal personal-data-protection framework.,https://www.pdpc.or.th/wp-content/uploads/Thailand Personal-Data-Protection-Act-2019.pdf,0.99,Discovery: master dataset already records s. 41 of this law. Modality: shall; exceptions: Controllers or processors in the same affiliated business or group of undertakings may jointly designate a data protection officer.; The requirement applies to a representative under section 37(5) mutatis mutandis.,Horizontal,,in_force
Thailand,Personal Data Protection Act B.E. 2562 official EN translation,,,P7-I1,s. 41,KNOWN,page 18,"Section 41 The Data Controller and the Data Processor shall designate a
data protection officer in the following circumstances:
(1) the Data Controller or the Data Processor is a public authority as
prescribed and announced by the Committee;
(2) the activities of the Data Controller or the Data Processor in the collection,
use, or disclosure of the Personal Data require a regular monitoring of the Personal Data or the
system, by the reason of having a large number of Personal Data as prescribed and announced by
the Committee;
(3) the core activity of the Data Controller or the Data Processor is the
collection, use, or disclosure of the Personal Data according to section 26.",This section requires data controllers and processors to designate a data protection officer in specified circumstances. Maps to P7-I1 because it evidences the core accountability function of a horizontal personal-data-protection framework.,https://www.pdpc.or.th/wp-content/uploads/Thailand Personal-Data-Protection-Act-2019.pdf,0.98,"Discovery: master dataset already records s. 41 of this law. Modality: shall; exceptions: Controllers or processors in the same affiliated business or group of undertakings may jointly designate a data protection officer if the statutory conditions apply.; Where the controller or processor must designate a representative under section 37 (5), the designation provisions apply to the representative mutatis mutandis.",Horizontal,,in_force
Thailand,Personal Data Protection Act B.E. 2562 official EN translation,,,P7-I1,s. 41(2),KNOWN,page 18,"Section 41 The Data Controller and the Data Processor shall designate a
data protection officer in the following circumstances:
(1) the Data Controller or the Data Processor is a public authority as
prescribed and announced by the Committee;
(2) the activities of the Data Controller or the Data Processor in the collection,
use, or disclosure of the Personal Data require a regular monitoring of the Personal Data or the
system, by the reason of having a large number of Personal Data as prescribed and announced by
the Committee;
(3) the core activity of the Data Controller or the Data Processor is the
collection, use, or disclosure of the Personal Data according to section 26.",This section requires designation of a data protection officer in specified circumstances. Maps to P7-I1 because its DPO-governance obligation evidences the controlling horizontal personal-data-protection framework.,https://www.pdpc.or.th/wp-content/uploads/Thailand Personal-Data-Protection-Act-2019.pdf,0.97,Discovery: master dataset already records s. 41 of this law. Modality: shall; exceptions: none,Horizontal,,in_force
Thailand,OIC Notification: Customer Personal Data Guidelines (non-life),,,P7-I1,s. 29,NEW,page 24,"ข้อ ๒๙  ในการแจ้งนโยบายการคุ้มครองข้อมูลส่วนบุคคล (privacy notice) นายหน้าประกัน
วินาศภัยอาจดําเนินการตามหลักเกณฑ์ดังต่อไปนี้ 
  
(๑) แจ้งรายละเอียดต่าง ๆ ในนโยบายการคุ้มครองข้อมูลส่วนบุคคลของนายหน้าประกันวินาศภัย
แก่ลูกค้าก่อนหรือขณะเก็บรวบรวมข้อมูลส่วนบุคคลตามที่กฎหมายว่าด้วยการคุ้มครองข้อมูลส่วนบุคคลกําหนด",This section permits non-life insurance brokers to notify customers of their privacy policy before or during collection. Maps to P7-I1 because it evidences the controlling personal-data-protection framework through a sectoral privacy-notice provision.,https://ratchakitcha.soc.go.th/documents/140D098S0000000001600.pdf,0.98,Discovery: instrument not in the master dataset for Thailand. Modality: May (อาจ); item (2) directs them to arrange notice; exceptions: Except where an exception under the personal-data-protection law removes the notification obligation,Sectoral (Non-life insurance brokerage),,in_force
Thailand,PDPC Notification on Security Measures of Controllers B.E. 2565,,,P7-I1,s. 4(7),NEW,page 1,"ข้อ ๔ ผู้ควบคุมข้อมูลส่วนบุคคลมีหน้าที่จัดให้มีมาตรการรักษาความมั่นคงปลอดภัย 
ที่เหมาะสม  เพื่อป้องกันการสูญหาย  เข้าถึง  ใช้  เปลี่ยนแปลง  แก้ไข  หรือเปิดเผยข้อมูลส่วนบุคคล 
โดยปราศจากอ านาจหรือโดยมิชอบ  โดยมาตรการรักษาความมั่นคงปลอดภัยดังกล่าว  อย่างน้อยต้องมี
การด าเนินการ  ดังต่อไปนี้ 
(๑) มาตรการรักษาความมั่นคงปลอดภัยดังกล่าว  จะต้องครอบคลุมการเก็บรวบรวม  ใช้   
และเปิดเผยข้อมูลส่วนบุคคล  ตามกฎหมายว่าด้วยการคุ้มครองข้อมูลส่วนบุคคล  ไม่ว่าข้อมูลส่วนบุคคล
ดังกล่าวจะอยู่ในรูปแบบเอกสารหรือในรูปแบบอิเล็กทรอนิกส์  หรือรูปแบบอื่นใดก็ตาม 
(๒) มาตรการรักษาความมั่นคงปลอดภัยดังกล่าว  จะต้องประกอบด้วยมาตรการเชิงองค์กร  
(organizational  measures)  และมาตรการเชิงเทคนิค  (technical  measures)  ที่เหมาะสม  ซึ่งอาจ
รวมถึงมาตรการทางกายภาพ  (physical  measures)  ที่จ าเป็นด้วย  โดยค านึงถึงระดับความเสี่ยง 
ตามลักษณะและวัตถุประสงค์ของการเก็บรวบรวม  ใช้  และเปิดเผยข้อมูลส่วนบุคคล  ตลอดจนโอกาสเกิด 
และผลกระทบจากเหตุการละเมิดข้อมูลส่วนบุคคล 
(๓) มาตรการรักษาความมั่นคงปลอดภัยดังกล่าว  จะต้องค านึงถึงการด าเนินการเกี่ยวกับการรักษา 
ความมั่นคงปลอดภัย  ตั้งแต่การระบุความเสี่ยงที่ส าคัญที่อาจจะเกิดขึ้นกับทรัพย์สินสารสนเทศ   
้หนา   ๒๘
่เลม   ๑๓๙   ตอนพิเศษ   ๑๔๐    ง
ราชกิจจานุเบกษา
๒๐   มิถุนายน   ๒๕๖๕",This section requires controllers to implement appropriate security measures. Maps to P7-I1 because its binding horizontal core obligation evidences the controlling personal-data-protection framework.,https://ratchakitcha.soc.go.th/DATA/PDF/2565/E/140/T_0028.PDF,0.95,"Discovery: instrument is known but s. 4 is not among its recorded provisions (['11', '18', '19', '3', '34', '5', '7', '8', '9']). Modality: Must; exceptions: The measures are calibrated to the level of risk and what is necessary, appropriate, and feasible.",Horizontal,,in_force
Thailand,PDPC Notification: Appropriate Measures to Safeguard the Rights and Freedoms of the Data Subjects,,,P7-I1,s. 24(2),NEW,page 1,"(2) The data controller shall provide security measures appropriated to the risks towards
the rights and freedoms of a person.",This section requires data controllers to provide risk-appropriate security measures. Maps to P7-I1 because it evidences the horizontal personal-data-protection framework's core obligation.,https://www.pdpc.or.th/wp-content/uploads/14.-Appropriate-Measures-to-Safeguard-the-Rights-and-Freedoms-of-the-Data-Subjects.pdf,0.98,Discovery: instrument not in the master dataset for Thailand. Modality: shall; exceptions: none,Horizontal,,in_force
Thailand,Personal Data Protection Act B.E. 2562 official EN translation,,,P7-I1,s. 37(3),NEW,page 16,"Section 37 The Data Controller shall have the following duties:
(1) provide appropriate security measures for preventing the unauthorized or
unlawful loss, access to, use, alteration, correction or disclosure of Personal Data, and such
measures must be reviewed when it is necessary, or when the technology has changed in order
to efficiently maintain the appropriate security and safety. It shall also be in accordance with
the minimum standard specified and announced by the Committee;
(2) in the circumstance where the Personal Data is to be provided to other
Persons or legal persons, apart from the Data Controller, the Data Controller shall take action
to prevent such person from using or disclosing such Personal Data unlawfully or without
authorization;
(3) put in place the examination system for erasure or destruction of the
Personal Data when the retention period ends, or when the Personal Data is irrelevant or
beyond the purpose necessary for which it has been collected, or when the data subject has
request to do so, or when the data subject withdraws consent, except where the retention of
such Personal Data is for the purpose of freedom of expression, the purpose under section 24
(1) or (4) or section 26 (5) (a) or (b), the purpose of the establishment, compliance or exercise of
legal claims, or defense of legal claims, or the purpose of compliance with the law.",This section requires data controllers to establish an erasure or destruction examination system subject to stated conditions and exceptions. Maps to P7-I1 because it is a core obligation in a horizontal personal-data-protection framework.,https://www.pdpc.or.th/wp-content/uploads/Thailand Personal-Data-Protection-Act-2019.pdf,0.99,"Discovery: instrument is known but s. 37 is not among its recorded provisions (['10', '16', '19', '28', '4.6', '41', '42']). Modality: shall; exceptions: retention for the purpose of freedom of expression; retention for the purpose under section 24 (1) or (4); retention for the purpose under section 26 (5) (a) or (b); retention for establishing, complying with, exercising, or defending legal claims; retention for the purpose of compliance with the law",Horizontal,,in_force
India,Aadhaar Act 2016,,,P7-I1,s. 32(3),NEW,page 16,"(3) The Authority shall not, either by itself or through any entity under its control, collect, keep or 
maintain any information about the purpose of authentication.","This section prohibits the Authority from collecting, keeping or maintaining information about authentication purpose. Maps to P7-I1 because it is a sectoral personal-data limitation evidencing no comprehensive horizontal framework.",https://www.indiacode.nic.in/handle/123456789/21583,0.99,Discovery: instrument is known but s. 32 is not among its recorded provisions (none recorded). Modality: shall not; exceptions: none,Sectoral (Aadhaar and identity authentication),,in_force
India,Information Technology (Guidelines for Cyber Café) Rules 2011,,,P7-I1,s. 9(3),NEW,page 5,"(3) While collecting information directly from the person concerned, the body 
corporate or any person on its behalf shall take such steps as are, in the 
circumstances, reasonable to ensure that the person concerned is having the 
knowledge of ― 
(a) the fact that the information is being collected;  
(b) the purpose for which the information is being collected;  
(c) the intended recipients of the information; and 
(d) the name and address of ― 
 (i)  the agency that is collecting the information; and 
 (ii) the agency that will retain the information.","This section requires cyber-café operators to provide collection, purpose, recipient, and agency information. Maps to P7-I1 because it evidences a sectoral data-protection transparency obligation, a core legal function of a framework.",https://www.meity.gov.in/sites/upload_files/dit/files/RNUS_CyberLaw_15411.pdf,0.99,Discovery: instrument is known but s. 9 is not among its recorded provisions (['3']). Modality: Shall; exceptions: none,Sectoral (Cyber cafés),,in_force
India,Information Technology Act No.21 2000,,,P7-I1,s. 72,NEW,page 22,"Save as otherwise provided in this Act or any other law for the time being in force, any person 
who, in pursuance of any of the powers conferred under this Act, rules or regulations made thereunder, 
has secured access to any electronic record, book, register, correspondence, information, document or 
other material without the consent of the person concerned discloses such electronic record, book. 
register, correspondence, information, document or other material to any other person shall be 
punished with imprisonment for a term which may extend to two years, or with fine which may extend 
to one lakh rupees, or with both.","This section prohibits a person with statutory access from disclosing electronic records without consent, subject to legal exceptions. Maps to P7-I1 because its confidentiality/privacy obligation evidences a limited sectoral framework; comprehensiveness is assessed in scoring.",https://www.meity.gov.in/writereaddata/files/itbill2000.pdf,0.98,"Discovery: instrument is known but s. 72 is not among its recorded provisions (['1', '10', '14', '15', '16', '27', '4.1.2', '65', '69', '69A', '69B', '79', '84A']). Modality: Prohibited and punishable; exceptions: Unless otherwise provided in the Act or any other law for the time being in force",Sectoral (Information technology and electronic records),,in_force
Indonesia,Law No.27 on Personal Data Protection 2022,,,P7-I1,Art. 35,KNOWN,page 32,"Dalam menjalankan tugas ini, PPDP bertugas untuk memastikan 
bahwa 
dalam 
pelaksanaan 
pemrosesan 
data 
pribadi, 
harus 
menggunakan Teknologi peningkatan PDP atau dikenal sebagai Privacy 
Enhancing Technologies (PETs) adalah teknologi yang mewujudkan 
dasar prinsip perlindungan data dengan meminimalkan pemrosesan Data 
Pribadi, memaksimalkan keamanan data, dan memberdayakan individu 
namun tanpa kehilangan fungsionalitas dari sistem informasi.",This Article 35 requires PPDP to ensure that personal-data processing uses PETs. Maps to P7-I1 because it evidences the horizontal data-protection framework's core obligation and preventive safeguards.,https://peraturan.bpk.go.id/Details/229798/uu-no-27-tahun-2022,0.98,Discovery: master dataset already records s. 35 of this law. Modality: must; exceptions: none,Horizontal,,in_force
Indonesia,Law No.27 on Personal Data Protection 2022,,,P7-I1,Art. 39,KNOWN,page 33,"34 
(1) Pengendali Data Pribadi dan Prosesor Data Pribadi wajib menunjuk 
pejabat atau petugas yang melaksanakan fungsi Pelindungan Data 
Pribadi dalam hal: 
a. pemrosesan Data Pribadi untuk kepentingan pelayanan publik; 
b. kegiatan inti Pengendali Data Pribadi memiliki sifat, ruang lingkup, 
dan/atau tujuan yang memerlukan pemantauan secara teratur dan 
sistematis atas Data Pribadi dengan skala besar; dan 
c. kegiatan inti Pengendali Data Pribadi terdiri dari pemrosesan Data 
Pribadi dalam skala besar untuk Data Pribadi yang bersifat spesifik 
dan/atau Data Pribadi yang berkaitan dengan tindak pidana.",This section requires controllers and processors meeting specified criteria to appoint a data-protection officer or functionary. Maps to P7-I1 because it evidences the horizontal personal-data-protection framework's core obligation.,https://peraturan.bpk.go.id/Details/229798/uu-no-27-tahun-2022,0.99,Discovery: master dataset already records s. 39 of this law. Modality: wajib (must); exceptions: Controllers and processors not required to appoint a data-protection officer or functionary may make the appointment voluntarily,Horizontal,,in_force
Indonesia,Law No. 27 of 2022 on Personal Data Protection (official BPK full PDF),,,P7-I1,Art. 40(1),KNOWN,page 16,"(1) Pengendali Data Pribadi wajib menghentikan
pemrosesan Data Pribadi dalam hal Subjek Data
Pribadi menarik kembali persetujuan pemrosesan Data
Pribadi.",This Article 40(1) requires controllers to stop processing personal data when the data subject withdraws consent. Maps to P7-I1 because it evidences the horizontal personal-data-protection framework's core obligation.,https://peraturan.bpk.go.id/Download/224884/UU%20Nomor%2027%20Tahun%202022.pdf,0.99,Discovery: master dataset already records s. 40 of this law. Modality: Must (wajib); exceptions: none,Horizontal,,in_force
Indonesia,Law No. 27 of 2022 on Personal Data Protection (official BPK full PDF),,,P7-I1,Art. 35,KNOWN,page 15,"Pasal 35
Pengendali Data Pribadi wajib melindungi dan memastikan
keamanan Data Pribadi yang diprosesnya, dengan
melakukan:
a.",This section requires personal-data controllers to protect and ensure the security of processed personal data. Maps to P7-I1 because it establishes a core obligation in a horizontal personal-data-protection framework.,https://peraturan.bpk.go.id/Download/224884/UU%20Nomor%2027%20Tahun%202022.pdf,0.99,Discovery: master dataset already records s. 35 of this law. Modality: wajib (must); exceptions: none,Horizontal,,in_force
Indonesia,Law No.27 on Personal Data Protection 2022,,,P7-I1,Art. 67,KNOWN,page 48,"Para Pemohon menilai bahwa kewajiban untuk melakukan penunjukan 
PPDP dalam Pasal 53 ayat (1) UU PDP dan kewajiban untuk melakukan 
Penilaian Dampak Pelindungan Data Pribadi dalam Pasal 34 ayat UU 
PDP pada dasarnya memiliki tingkat urgensi kepentingan yang sama yaitu 
untuk menjamin adanya pelindungan yang sifatnya lebih terhadap hak-
hak daripada Subjek Data dalam suatu aktivitas pemrosesan Data Pribadi 
yang memiliki risiko tinggi (high-risk data processing activities).",This Article 67 evidences obligations to designate a PPDP and conduct DPIAs. Maps to P7-I1 because it evidences the horizontal personal-data-protection framework's core compliance functions.,https://peraturan.bpk.go.id/Details/229798/uu-no-27-tahun-2022,0.98,Discovery: master dataset already records s. 67 of this law. Modality: kewajiban; exceptions: none,Horizontal,,in_force
Indonesia,Law No. 27 of 2022 on Personal Data Protection (official BPK full PDF),,,P7-I1,Art. 8,KNOWN,page 6,"Pasal 8
Subjek Data Pribadi berhak untuk mengakhiri
pemrosesan, menghapus, dan/ atau memusnahkan Data
Pribadi tentang dirinya sesuai dengan ketentuan
peraturan perundang-undangan.","This section permits data subjects to end processing, erase, and/or destroy their personal data under applicable legislation. Maps to P7-I1 because it evidences the horizontal framework's core data-subject rights.",https://peraturan.bpk.go.id/Download/224884/UU%20Nomor%2027%20Tahun%202022.pdf,0.99,Discovery: master dataset already records s. 8 of this law. Modality: Has the right to; exceptions: none,Horizontal,,in_force
Indonesia,Law No. 27 of 2022 on Personal Data Protection (official BPK full PDF),,,P7-I1,Art. 39(1),KNOWN,page 16,"(1) Pengendali Data Pribadi wajib mencegah Data Pribadi
diakses secara tidak sah.",This section requires Personal Data Controllers to prevent unauthorized access to personal data. Maps to P7-I1 because it evidences a horizontal framework through a core data-protection obligation.,https://peraturan.bpk.go.id/Download/224884/UU%20Nomor%2027%20Tahun%202022.pdf,0.98,Discovery: master dataset already records s. 39 of this law. Modality: Must; exceptions: none,Horizontal,,in_force
Indonesia,Law No. 27 of 2022 on Personal Data Protection (official BPK full PDF),,,P7-I1,Art. 11,KNOWN,page 6,"Pasal 11
Subjek Data Pribadi berhak menunda atau membatasi
pemrosesan Data Pribadi secara
sesual
dengan tujuan pemrosesan Data Pribadi.",This section permits data subjects to delay or limit personal-data processing in accordance with its purpose. Maps to P7-I1 because it evidences the horizontal personal-data-protection framework’s data-subject-rights function.,https://peraturan.bpk.go.id/Download/224884/UU%20Nomor%2027%20Tahun%202022.pdf,0.99,Discovery: master dataset already records s. 11 of this law. Modality: berhak (has the right to); exceptions: none,Horizontal,,in_force
Indonesia,Law No.27 on Personal Data Protection 2022,,,P7-I1,Art. 9,KNOWN,page 4,"(1) Undang-Undang Republik 
Indonesia Nomor 27 Tahun 2022 tentang Pelindungan Data Pribadi 
(Lembaran Negara Tahun 2022 Nomor 196, Tambahan Lembaran Negara 
Republik Indonesia Nomor 6820) terhadap Undang-Undang Dasar Negara 
Republik Indonesia Tahun 1945, yang lengkapnya berbunyi sebagai berikut: 
(1) Pengendali Data Pribadi dan Prosesor Data Pribadi wajib menunjuk 
pejabat atau petugas yang melaksanakan fungsi Pelindungan Data 
Pribadi dalam hal: 
(a) pemrosesan Data Pribadi untuk kepentingan pelayanan publik; 
(b) kegiatan inti Pengendali Data Pribadi memiliki sifat, ruang lingkup, 
dan/atau tujuan yang memerlukan pemantauan secara teratur dan 
sistematis atas Data Pribadi dengan skala besar; dan 
(c) kegiatan inti Pengendali Data Pribadi terdiri dari pemrosesan Data 
Pribadi dalam skala besar untuk Data Pribadi yang bersifat spesifik 
dan/atau Data Pribadi yang berkaitan dengan tindak pidana”.",This Article 9 requires controllers and processors to appoint a data-protection officer in specified cases. Maps to P7-I1 because it evidences the horizontal personal-data-protection framework's institutional function.,https://peraturan.bpk.go.id/Details/229798/uu-no-27-tahun-2022,0.99,Discovery: master dataset already records s. 9 of this law. Modality: wajib (must); exceptions: none,Horizontal,,in_force
Indonesia,Law No.27 on Personal Data Protection 2022,,,P7-I1,Art. 6,KNOWN,page 3,"Bahwa berdasarkan ketentuan Pasal 9 ayat (1) UU PPP, menyatakan bahwa:  
Dalam hal suatu Undang-Undang diduga bertentangan dengan Undang 
Undang Dasar Negara Republik Indonesia Tahun 1945, pengujiannya 
dilakukan oleh Mahkamah Konstitusi”.",ESCAP master-known anchor retained after mapper abstention; pending named legal review and deterministic legal-fit gates.,https://peraturan.bpk.go.id/Details/229798/uu-no-27-tahun-2022,0.5,Discovery: master dataset already records s. 6 of this law. Modality: is conducted by; exceptions: none,Horizontal,,in_force
Indonesia,Law No. 27 of 2022 on Personal Data Protection (official BPK full PDF),,,P7-I1,Art. 6,KNOWN,page 5,"Pasal 6
Subjek Data Pribadi berhak melengkapi, memperbarui,
dan/atau memperbaiki kesalahan dan/atau
ketidakakuratan Data Pribadi tentang dirinya sesuai
dengan tujuan pemrosesan Data Pribadi.","This section establishes a data-subject right to complete, update, or correct personal data. Maps to P7-I1 because it evidences the horizontal personal-data-protection framework's individual-rights function.",https://peraturan.bpk.go.id/Download/224884/UU%20Nomor%2027%20Tahun%202022.pdf,0.99,Discovery: master dataset already records s. 6 of this law. Modality: Has the right to; exceptions: none,Horizontal,,in_force
Indonesia,Law No.27 on Personal Data Protection 2022,,,P7-I1,Art. 8,KNOWN,page 4,"Bahwa berdasarkan Pasal 2 ayat (1) Peraturan Mahkamah Konstitusi Nomor 
2 Tahun 2021 tentang Tata Beracara Dalam Perkara Pengujian Undang-
Undang (untuk selanjutnya disebut “PMK 2/2021”), menyatakan bahwa: 
(1) Objek Permohonan PUU adalah undang-undang dan Perppu. 
a. Bahwa objek pengujian a quo yang dimohonkan oleh Para 
Pemohon merupakan undang-undang yang masih masuk 
dalam ruang lingkup kewenangan Mahkamah Konstitusi 
sebagaimana diatur dalam yang masuk dalam Pasal 24C ayat 
(1) UUD 1945, Pasal 29 ayat (1) UU Kekuasaan Kehakiman, 
Pasal 10 ayat (1) huruf a dan Pasal 51A ayat (3) UU MK serta 
Pasal 9 ayat (1) UU PPP.",ESCAP master-known anchor retained after mapper abstention; pending named legal review and deterministic legal-fit gates.,https://peraturan.bpk.go.id/Details/229798/uu-no-27-tahun-2022,0.5,Discovery: master dataset already records s. 8 of this law. Modality: establishes; exceptions: none,Not applicable,,in_force
Indonesia,Law No. 27 of 2022 on Personal Data Protection (official BPK full PDF),,,P7-I1,Art. 9,KNOWN,page 6,"Pasal 9
Subjek Data Pribadi berhak menarik kembali persetqjuan
pemrosesan Data Pribadi tentang dirinya yang telah
diberikan kepada Pengendali Data Pribadi.",This section permits data subjects to withdraw consent to processing of their personal data. Maps to P7-I1 because it evidences the horizontal framework's core data-subject rights function.,https://peraturan.bpk.go.id/Download/224884/UU%20Nomor%2027%20Tahun%202022.pdf,0.99,Discovery: master dataset already records s. 9 of this law. Modality: May/has the right to; exceptions: none,Horizontal,,in_force
Indonesia,Law No.27 on Personal Data Protection 2022,,,P7-I1,Art. 11,KNOWN,page 18,"Berdasarkan hal demikian, Negara Indonesia telah membentuk UU PDP 
yang merupakan bentuk pelaksanaan dari penjaminan terhadap Hak 
Pelindungan Data Pribadi sebagaimana diakui dalam Naskah Akademik 
serta Penjelasan Umum UU PDP, yang menyatakan bahwa Undang-
Undang tentang Pelindungan Data Pribadi merupakan amanat dari Pasal 
28G ayat (1) Undang-Undang Dasar Negara Republik Indonesia Tahun 
1945.",This section establishes Indonesia's personal-data-protection framework. Maps to P7-I1 because it evidences the horizontal framework's establishment as the controlling legal framework provision.,https://peraturan.bpk.go.id/Details/229798/uu-no-27-tahun-2022,0.99,Discovery: master dataset already records s. 11 of this law. Modality: has established; exceptions: none,Horizontal,,in_force
Indonesia,Law No.27 on Personal Data Protection 2022,,,P7-I1,Art. 55,KNOWN,page 43,"Untuk memperjelas maksud para Pemohon, berikut beberapa ilustrasi 
skenario Organisasi Pengendali Data dan/atau Prosesor Data yang 
seharusnya melakukan penunjukan PPDP menjadi tidak wajib karena 
rincian syarat pada Pasal 53 ayat (1) UU PDP dikonstruksikan secara 
kumulatif, sebagai berikut: 
No. 
Memenuhi Kriteria 
Contoh Organisasi 
Pengendali Data 
dan/atau Prosesor 
Data
Penjelasan Aktivitas Penjelasan Tidak 
Memenuhi 
Kriteria Lain 

 
 
44 
1.",This section establishes a horizontal personal-data-protection framework governing PPDP appointment. Maps to P7-I1 because it is a controlling framework provision evidencing the general PDP law.,https://peraturan.bpk.go.id/Details/229798/uu-no-27-tahun-2022,0.98,"Discovery: master dataset already records s. 55 of this law. Modality: Should appoint, but appointment becomes not mandatory; exceptions: Appointment is not mandatory where the Article 53(1) criteria are not all cumulatively satisfied.",Horizontal,,in_force
Indonesia,Law No. 27 of 2022 on Personal Data Protection (official BPK full PDF),,,P7-I1,Art. 55(1),KNOWN,page 23,"(1) Pengendali Data Pribadi dapat melakukan transfer
. Data Pribadi kepada Pengendali Data Pribadi lainnya
dalam wilayah hukum Negara Republik Indonesia.",This section permits a personal-data controller to transfer personal data to another controller within Indonesia. Maps to P7-I1 because it is an operative provision of the horizontal personal-data-protection framework.,https://peraturan.bpk.go.id/Download/224884/UU%20Nomor%2027%20Tahun%202022.pdf,0.99,Discovery: master dataset already records s. 55 of this law. Modality: dapat (may); exceptions: none,Horizontal,,in_force
Indonesia,Law No. 27 of 2022 on Personal Data Protection (official BPK full PDF),,,P7-I1,Art. 55(2),KNOWN,page 23,"PRESIDEN
REPUBLIK INDONESIA
-24-
(2) Pengendali Data Pribadi yang melakukan transfer Data
Pribadi dan yang menerima transfer Data Pribadi wajib
melakukan Pelindungan Data Pribadi sebagaimana
dimaksud dalam Undang-Undang ini.",This section requires transferring and receiving personal-data controllers to protect personal data under the Law. Maps to P7-I1 because it establishes a horizontal core data-protection obligation.,https://peraturan.bpk.go.id/Download/224884/UU%20Nomor%2027%20Tahun%202022.pdf,0.99,Discovery: master dataset already records s. 55 of this law. Modality: wajib (must); exceptions: none,Horizontal,,in_force
Indonesia,Law No.17 on State Intelligence 2011 ; Regulation of the Minister of Communication and Informatics of the Republic of Indonesia No.20 on Protection of Personal Data in Electronic Systems 2016,,,P7-I1,Art. 35(1),KNOWN,page 16,"(1) 
Badan Intelijen Negara dipimpin oleh seorang Kepala 
dan dibantu oleh seorang Wakil Kepala.","This subsection establishes the leadership structure of the State Intelligence Agency. Maps to P7-I1 because it is the recorded provision in the cited legal framework, although it is not a substantive data-protection rule.",https://peraturan.bpk.go.id/Details/39236,0.96,Discovery: master dataset already records s. 35 of this law. Modality: must be led and assisted; exceptions: none,Sectoral (State intelligence),,in_force
Indonesia,Law No.17 on State Intelligence 2011 ; Regulation of the Minister of Communication and Informatics of the Republic of Indonesia No.20 on Protection of Personal Data in Electronic Systems 2016,,,P7-I1,Art. 35(2),KNOWN,page 16,"(2) 
Pengangkatan dan pemberhentian Kepala dan Wakil 
Kepala Badan Intelijen Negara ditetapkan dengan 
Keputusan Presiden.",ESCAP master-known anchor retained after mapper abstention; pending named legal review and deterministic legal-fit gates.,https://peraturan.bpk.go.id/Details/39236,0.5,Discovery: master dataset already records s. 35 of this law. Modality: ditetapkan dengan Keputusan Presiden; exceptions: none,Sectoral (State intelligence),,in_force
Indonesia,Law No.17 on State Intelligence 2011 ; Regulation of the Minister of Communication and Informatics of the Republic of Indonesia No.20 on Protection of Personal Data in Electronic Systems 2016,,,P7-I1,Art. 39,KNOWN,page 17,"Pasal  39 
Badan 
Intelijen 
Negara 
dalam 
kedudukannya 
sebagai 
koordinator penyelenggara Intelijen Negara sebagaimana 
dimaksud dalam Pasal 38 ayat (1) bertugas: 
a. 
mengoordinasikan penyelenggaraan Intelijen Negara; 
b.","This Article requires the State Intelligence Agency to coordinate State Intelligence administration. Maps to P7-I1 because it evidences a sectoral institutional legal-framework function, not a horizontal data-protection framework.",https://peraturan.bpk.go.id/Details/39236,0.9,Discovery: master dataset already records s. 39 of this law. Modality: is tasked to (bertugas); exceptions: none,Sectoral (State intelligence),,in_force
Indonesia,Law No. 27 of 2022 on Personal Data Protection (official BPK full PDF),,,P7-I1,Art. 39(2),KNOWN,page 16,"(1) Pengendali Data Pribadi wajib mencegah Data Pribadi
diakses secara tidak sah.",This section requires Personal Data Controllers to prevent unauthorized access to Personal Data. Maps to P7-I1 because it establishes a core obligation in a horizontal personal-data-protection framework.,https://peraturan.bpk.go.id/Download/224884/UU%20Nomor%2027%20Tahun%202022.pdf,0.99,Discovery: master dataset already records s. 39 of this law. Modality: wajib (must); exceptions: none,Horizontal,,in_force
Indonesia,Law No.27 on Personal Data Protection 2022,,,P7-I1,Art. 40,KNOWN,page 34,"(1) UU PDP, yaitu sebagaimana yang diatur pada Pasal 57 
UU PDP sebagai berikut: 
(1) Pelanggaran terhadap ketentuan Pasal 20 ayat (1), Pasal 21, Pasal 
24, Pasal 25 ayat (2), Pasal 26 ayat (3), Pasal 27, Pasal 28, Pasal 29, 
Pasal 30, Pasal 31, Pasal 32 ayat (1), Pasal 33, Pasal 34 ayat (1), 
Pasal 35, Pasal 36, Pasal 37, Pasal 38, Pasal 39 ayat (1), Pasal 40 
ayat (1), Pasal 41 ayat (1) dan ayat (3), Pasal 42 ayat (1), Pasal 43 
ayat (1), Pasal 44 ayat (1), Pasal 45, Pasal 46 ayat (1) dan ayat (3), 
Pasal 47, Pasal 48 ayat (1), Pasal 49, Pasal 51 ayat (1) dan ayat (5), 
Pasal 52, Pasal 53 ayat (1), Pasal 55 ayat (2), dan Pasal 56 ayat (2) 
sampai dengan ayat (4) dikenai sanksi administratif.",This provision establishes administrative sanctions for violations of the Personal Data Protection Law. Maps to P7-I1 because it evidences the horizontal personal-data-protection framework’s core obligations and enforcement mechanism.,https://peraturan.bpk.go.id/Details/229798/uu-no-27-tahun-2022,0.99,Discovery: master dataset already records s. 40 of this law. Modality: must be subject to; exceptions: none,Horizontal,,in_force
Indonesia,Law No.27 on Personal Data Protection 2022,,,P7-I1,Art. 40(1),KNOWN,page 34,"(2) Sanksi administratif sebagaimana dimaksud pada ayat (1) berupa: 
a.",This provision establishes administrative sanctions for violations of the personal-data-protection obligations. Maps to P7-I1 because it evidences the controlling horizontal framework and its enforcement mechanism.,https://peraturan.bpk.go.id/Details/229798/uu-no-27-tahun-2022,0.99,Discovery: master dataset already records s. 40 of this law. Modality: must be subject to; exceptions: none,Horizontal,,in_force
Indonesia,Law No.27 on Personal Data Protection 2022,,,P7-I1,Art. 40(2),KNOWN,page 34,"(1) UU PDP, yaitu sebagaimana yang diatur pada Pasal 57 
UU PDP sebagai berikut: 
(1) Pelanggaran terhadap ketentuan Pasal 20 ayat (1), Pasal 21, Pasal 
24, Pasal 25 ayat (2), Pasal 26 ayat (3), Pasal 27, Pasal 28, Pasal 29, 
Pasal 30, Pasal 31, Pasal 32 ayat (1), Pasal 33, Pasal 34 ayat (1), 
Pasal 35, Pasal 36, Pasal 37, Pasal 38, Pasal 39 ayat (1), Pasal 40 
ayat (1), Pasal 41 ayat (1) dan ayat (3), Pasal 42 ayat (1), Pasal 43 
ayat (1), Pasal 44 ayat (1), Pasal 45, Pasal 46 ayat (1) dan ayat (3), 
Pasal 47, Pasal 48 ayat (1), Pasal 49, Pasal 51 ayat (1) dan ayat (5), 
Pasal 52, Pasal 53 ayat (1), Pasal 55 ayat (2), dan Pasal 56 ayat (2) 
sampai dengan ayat (4) dikenai sanksi administratif.",This section establishes administrative sanctions for violations of listed personal-data obligations. Maps to P7-I1 because this enforcement provision evidences a comprehensive horizontal personal-data-protection framework.,https://peraturan.bpk.go.id/Details/229798/uu-no-27-tahun-2022,0.99,Discovery: master dataset already records s. 40 of this law. Modality: dikenai (are subject to); exceptions: none,Horizontal,,in_force
Indonesia,Law No.27 on Personal Data Protection 2022,,,P7-I1,Art. 40(3),KNOWN,page 34,"Kaidah kewajiban tersebut tentunya diikuti dengan pengaturan sanksi 
yang dapat dikenakan kepada pihak yang tidak melaksanakan kewajiban 
tersebut, instrumen sanksi yang dalam hal ini digunakan untuk 
mendorong kepatuhan terhadap kewajiban penunjukan PPDP dalam 
Pasal 53 ayat (1) UU PDP, yaitu sebagaimana yang diatur pada Pasal 57 
UU PDP sebagai berikut: 
(1) Pelanggaran terhadap ketentuan Pasal 20 ayat (1), Pasal 21, Pasal 
24, Pasal 25 ayat (2), Pasal 26 ayat (3), Pasal 27, Pasal 28, Pasal 29, 
Pasal 30, Pasal 31, Pasal 32 ayat (1), Pasal 33, Pasal 34 ayat (1), 
Pasal 35, Pasal 36, Pasal 37, Pasal 38, Pasal 39 ayat (1), Pasal 40 
ayat (1), Pasal 41 ayat (1) dan ayat (3), Pasal 42 ayat (1), Pasal 43 
ayat (1), Pasal 44 ayat (1), Pasal 45, Pasal 46 ayat (1) dan ayat (3), 
Pasal 47, Pasal 48 ayat (1), Pasal 49, Pasal 51 ayat (1) dan ayat (5), 
Pasal 52, Pasal 53 ayat (1), Pasal 55 ayat (2), dan Pasal 56 ayat (2) 
sampai dengan ayat (4) dikenai sanksi administratif.",This section requires violators of specified personal-data-protection duties to incur administrative sanctions. Maps to P7-I1 because it establishes the enforcement function of the horizontal personal-data-protection framework.,https://peraturan.bpk.go.id/Details/229798/uu-no-27-tahun-2022,0.99,Discovery: master dataset already records s. 40 of this law. Modality: Must / are subject to; exceptions: none,Horizontal,,in_force
Indonesia,Law No.27 on Personal Data Protection 2022,,,P7-I1,Art. 40(4),KNOWN,page 34,"(1) UU PDP, yaitu sebagaimana yang diatur pada Pasal 57 
UU PDP sebagai berikut: 
(1) Pelanggaran terhadap ketentuan Pasal 20 ayat (1), Pasal 21, Pasal 
24, Pasal 25 ayat (2), Pasal 26 ayat (3), Pasal 27, Pasal 28, Pasal 29, 
Pasal 30, Pasal 31, Pasal 32 ayat (1), Pasal 33, Pasal 34 ayat (1), 
Pasal 35, Pasal 36, Pasal 37, Pasal 38, Pasal 39 ayat (1), Pasal 40 
ayat (1), Pasal 41 ayat (1) dan ayat (3), Pasal 42 ayat (1), Pasal 43 
ayat (1), Pasal 44 ayat (1), Pasal 45, Pasal 46 ayat (1) dan ayat (3), 
Pasal 47, Pasal 48 ayat (1), Pasal 49, Pasal 51 ayat (1) dan ayat (5), 
Pasal 52, Pasal 53 ayat (1), Pasal 55 ayat (2), dan Pasal 56 ayat (2) 
sampai dengan ayat (4) dikenai sanksi administratif.",This section establishes administrative sanctions for violations of listed PDP obligations. Maps to P7-I1 because it is a controlling enforcement provision evidencing the horizontal personal-data-protection framework.,https://peraturan.bpk.go.id/Details/229798/uu-no-27-tahun-2022,0.99,Discovery: master dataset already records s. 40 of this law. Modality: must incur; exceptions: none,Horizontal,,in_force
Indonesia,Law No.27 on Personal Data Protection 2022,,,P7-I1,Art. 40(5),KNOWN,page 34,"(1) UU PDP, yaitu sebagaimana yang diatur pada Pasal 57 
UU PDP sebagai berikut: 
(1) Pelanggaran terhadap ketentuan Pasal 20 ayat (1), Pasal 21, Pasal 
24, Pasal 25 ayat (2), Pasal 26 ayat (3), Pasal 27, Pasal 28, Pasal 29, 
Pasal 30, Pasal 31, Pasal 32 ayat (1), Pasal 33, Pasal 34 ayat (1), 
Pasal 35, Pasal 36, Pasal 37, Pasal 38, Pasal 39 ayat (1), Pasal 40 
ayat (1), Pasal 41 ayat (1) dan ayat (3), Pasal 42 ayat (1), Pasal 43 
ayat (1), Pasal 44 ayat (1), Pasal 45, Pasal 46 ayat (1) dan ayat (3), 
Pasal 47, Pasal 48 ayat (1), Pasal 49, Pasal 51 ayat (1) dan ayat (5), 
Pasal 52, Pasal 53 ayat (1), Pasal 55 ayat (2), dan Pasal 56 ayat (2) 
sampai dengan ayat (4) dikenai sanksi administratif.",This section establishes administrative sanctions for violations of personal-data-protection obligations. Maps to P7-I1 because its enforcement regime evidences the controlling horizontal personal-data-protection framework.,https://peraturan.bpk.go.id/Details/229798/uu-no-27-tahun-2022,0.99,Discovery: master dataset already records s. 40 of this law. Modality: Must be subjected to; exceptions: none,Horizontal,,in_force
Indonesia,Law No.17 on State Intelligence 2011 ; Regulation of the Minister of Communication and Informatics of the Republic of Indonesia No.20 on Protection of Personal Data in Electronic Systems 2016,,,P7-I1,Art. 40,KNOWN,page 18,"Pasal 40 
Untuk melaksanakan tugas sebagaimana dimaksud dalam 
Pasal 39, Badan Intelijen Negara berwenang: 
a. 
mengoordinasikan kebijakan di bidang Intelijen; 
b. 
mengoordinasikan pelaksanaan fungsi Intelijen kepada 
penyelenggara Intelijen Negara;  
c. 
menata dan mengatur sistem Intelijen Negara; 
d. 
menetapkan klasifkasi Rahasia Intelijen; dan  
e. 
membina penggunaan peralatan dan material Intelijen.","This section permits the State Intelligence Agency to exercise listed intelligence powers. Maps to P7-I1 because it is a sectoral provision, not a comprehensive horizontal personal-data-protection framework.",https://peraturan.bpk.go.id/Details/39236,0.98,Discovery: master dataset already records s. 40 of this law. Modality: berwenang (may/is authorized to); exceptions: none,Sectoral (State intelligence),,in_force
Indonesia,Law No. 27 of 2022 on Personal Data Protection (official BPK full PDF),,,P7-I1,Art. 40,KNOWN,page 16,"(1) Pengendali Data Pribadi wajib menghentikan
pemrosesan Data Pribadi dalam hal Subjek Data
Pribadi menarik kembali persetujuan pemrosesan Data
Pribadi.",This Article 40(1) requires controllers to stop processing personal data when consent is withdrawn. Maps to P7-I1 because it establishes a core obligation in the horizontal personal-data-protection framework.,https://peraturan.bpk.go.id/Download/224884/UU%20Nomor%2027%20Tahun%202022.pdf,0.99,Discovery: master dataset already records s. 40 of this law. Modality: Must (wajib); exceptions: none,Horizontal,,in_force
Indonesia,Law No. 27 of 2022 on Personal Data Protection (official BPK full PDF),,,P7-I1,Art. 40(2),KNOWN,page 16,"(1) Pengendali Data Pribadi wajib menghentikan
pemrosesan Data Pribadi dalam hal Subjek Data
Pribadi menarik kembali persetujuan pemrosesan Data
Pribadi.
(2) Penghentian pemrosesan Data Pribadi sebagaimana
dimaksud pada ayat (1) dilakukan paling lambat 3 x 24
(tiga kali dua puluh empat) jam terhitung sejak
Pengendali Data Pribadi menerima permintaan
penarikan kembdi persetqiuan pemrosesan Data
Pribadi.",This Article 40(2) requires a controller to stop processing personal data within 3 x 24 hours after consent withdrawal. Maps to P7-I1 because it is a core obligation establishing the horizontal personal-data-protection framework.,https://peraturan.bpk.go.id/Download/224884/UU%20Nomor%2027%20Tahun%202022.pdf,0.99,Discovery: master dataset already records s. 40 of this law. Modality: wajib (must); exceptions: none,Horizontal,,in_force
Indonesia,Law No. 27 of 2022 on Personal Data Protection (official BPK full PDF),,,P7-I1,Art. 67(1),KNOWN,page 30,"(1) Setiap Orang yang dengan sengaja dan melawan hukum
memperoleh atau mengumpulkan Data Pribadi yang
bukan mililoeya dengan maksud untuk menguntungkan
diri sendiri atau orang lain yang dapat mengakibatkan
kerugian Subjek Data Pribadi sebagaimana dimaksud
dalam Pasal 65 ayat (1) dipidana dengan pidana penjara
paling lama 5 (lima) tahun dan/atau pidana denda
paling banyak Rp5.000.000.000,00 (lima miliar rupiah).",This section prohibits intentionally and unlawfully obtaining or collecting another's personal data for benefit where harm may result. Maps to P7-I1 because it evidences the horizontal personal-data-protection framework's criminal-protection function.,https://peraturan.bpk.go.id/Download/224884/UU%20Nomor%2027%20Tahun%202022.pdf,0.99,Discovery: master dataset already records s. 67 of this law. Modality: Prohibited and punishable by imprisonment and/or fine; exceptions: none,Horizontal,,in_force
Indonesia,Law No. 27 of 2022 on Personal Data Protection (official BPK full PDF),,,P7-I1,Art. 67(2),KNOWN,page 30,"(2) Setiap Orang yang dengan sengaja dan melawan hukum
mengunglapkan Data Pribadi yang bukan miliknya
sebagaimana dimaksud dalam Pasal 65 ayat (2) dipidana
dengan pidana penjara paling lama 4 (empat) tahun
dan/atau pidana denda paling banyak
Rp4.000.000.000,00 (empat miliar rupiah).","This section prohibits intentional, unlawful disclosure of another person's personal data. Maps to P7-I1 because it establishes the horizontal framework's criminal-enforcement function.",https://peraturan.bpk.go.id/Download/224884/UU%20Nomor%2027%20Tahun%202022.pdf,0.99,Discovery: master dataset already records s. 67 of this law. Modality: Must not; criminally punishable; exceptions: none,Horizontal,,in_force
Indonesia,Law No. 27 of 2022 on Personal Data Protection (official BPK full PDF),,,P7-I1,Art. 67(3),KNOWN,page 30,"(3) Setiap Orang yang dengan senqaja dan melawan hukum
menggunakan Data Pribadi yang bukan miliknya
sebagaimana dimaksud dalam Pasal 65 ayat (3) dipidana
dengan pidana penjara paling lama 5 (lima) tahun
dan/atau pidana denda paling banyak
Rp5.00O.OOO.000,00 (lima miliar rupiah).","This section penalizes intentional and unlawful use of another person's personal data. Maps to P7-I1 because it establishes a core horizontal personal-data-protection sanction, evidencing the framework's legal function.",https://peraturan.bpk.go.id/Download/224884/UU%20Nomor%2027%20Tahun%202022.pdf,0.99,Discovery: master dataset already records s. 67 of this law. Modality: Must not; violation is punishable by criminal penalties; exceptions: none,Horizontal,,in_force
Indonesia,Law No.27 on Personal Data Protection 2022,,,P7-I1,Art. 66,KNOWN,page 48,"Oleh karena itu, rumusan kriteria secara kumulatif dan alternatif dalam 
Pasal 34 ayat (2) UU PDP lebih menjamin adanya pelindungan yang 
sifatnya lebih terhadap hak-hak dari Subjek Data.",This section establishes enhanced protection of data-subject rights through cumulative and alternative criteria. Maps to P7-I1 because it evidences the horizontal personal-data-protection framework's rights-protection function.,https://peraturan.bpk.go.id/Details/229798/uu-no-27-tahun-2022,0.96,Discovery: master dataset already records s. 66 of this law. Modality: lebih menjamin; exceptions: none,Horizontal,,in_force
Indonesia,Law No. 27 of 2022 on Personal Data Protection (official BPK full PDF),,,P7-I1,Art. 66,KNOWN,page 29,"PRESIDEN
REPUBLIK INDONESIA
-30-
Pasal 66
Setiap Orang dilarang membuat Data Pribadi palsu atau
memalsul<an Data Pribadi dengan maksud r.rntuk
diri sendiri atau orang lain yang dapat
mengakibatkan kerugian bagi orang lain.",This section prohibits making or falsifying Personal Data. Maps to P7-I1 because it is a core obligation evidencing the horizontal personal-data-protection framework.,https://peraturan.bpk.go.id/Download/224884/UU%20Nomor%2027%20Tahun%202022.pdf,0.99,Discovery: master dataset already records s. 66 of this law. Modality: dilarang (prohibited); exceptions: none,Horizontal,,in_force
Indonesia,Law No.27 on Personal Data Protection 2022,,,P7-I1,Art. 43(2),KNOWN,page 35,"Sehingga, kegiatan pemrosesan data seperti ini membutuhkan 
pengawasan yang sifatnya lebih dalam hal kepatuhan terhadap 
kewajiban-kewajiban Pengendali Data dan Prosesor Data dengan 
menghadirkan peran PPDP di dalam organisasi tersebut, guna 
memitigasi risiko yang lebih besar.",This provision requires enhanced oversight and a PPDP role for high-risk processing. Maps to P7-I1 because it evidences the horizontal personal-data-protection framework and its controller/processor compliance structure.,https://peraturan.bpk.go.id/Details/229798/uu-no-27-tahun-2022,0.89,Discovery: master dataset already records s. 43 of this law. Modality: requires/needs; exceptions: none,Horizontal,,in_force
Indonesia,Law No. 27 of 2022 on Personal Data Protection (official BPK full PDF),,,P7-I1,Art. 53(1),KNOWN,page 22,"(1) Pengendali Data Pribadi dan Prosesor Data Pribadi
wajib menunjuk pejabat atau petugas yang
melaksanakan fungsi Pelindungan Data Pribadi dalam
hal:
a.",This section requires controllers and processors to appoint a data-protection officer in specified circumstances. Maps to P7-I1 because this core obligation evidences the horizontal personal-data-protection framework.,https://peraturan.bpk.go.id/Download/224884/UU%20Nomor%2027%20Tahun%202022.pdf,0.99,Discovery: master dataset already records s. 53 of this law. Modality: wajib (must); exceptions: none,Horizontal,,in_force
Indonesia,Law No. 27 of 2022 on Personal Data Protection (official BPK full PDF),,,P7-I1,Art. 43,KNOWN,page 18,"Pasal 43
(l) Pengendali Data Pribadi wajib menghapus Data Pribadi
dalam hal:
a. Data Pribadi tidak lagi diperlukan untuk
pencapaian tujuan pemrosesan Data Pribadi;
b. Subjek Data Pribadi telah melakukan penarikan
kembali persetqiuan pemrosesan Data Pribadi;
c. terdapat permintaan dari Subjek Data Pribadi; atau
d. Data Pribadi diperoleh dan/ atau diproses dengan
cara melawan hukum.",This section requires controllers to delete personal data under specified conditions. Maps to P7-I1 because it evidences a horizontal framework's core personal-data-protection obligation.,https://peraturan.bpk.go.id/Download/224884/UU%20Nomor%2027%20Tahun%202022.pdf,0.99,Discovery: master dataset already records s. 43 of this law. Modality: wajib (must); exceptions: none,Horizontal,,in_force
Indonesia,Law No. 27 of 2022 on Personal Data Protection (official BPK full PDF),,,P7-I1,Art. 34(2),KNOWN,page 15,"Pasal 34
(1) Pengendali Data Pribadi wajib melakukan penilaian
dampak Pelindungan Data Pribadi dalam hal
pemrosesan Data Pribadi memiliki potensi risiko tinggi
terhadap Subjek Data Pribadi.",This Article 34(1)-(2) requires controllers to conduct a personal-data-protection impact assessment for high-risk processing. Maps to P7-I1 because it evidences the horizontal framework's core data-protection obligation.,https://peraturan.bpk.go.id/Download/224884/UU%20Nomor%2027%20Tahun%202022.pdf,0.99,Discovery: master dataset already records s. 34 of this law. Modality: wajib (must); exceptions: none,Horizontal,,in_force
Indonesia,Law No.27 on Personal Data Protection 2022,,,P7-I1,Art. 21,KNOWN,page 21,"Untuk menjamin tanggung jawab dalam melakukan pemrosesan data 
yang berdasarkan prinsip pelindungan data pribadi, Pengendali Data dan 
Prosesor Data dibebankan untuk memenuhi kewajiban-kewajiban dalam 
pelaksanaannya sebagaimana yang diatur di dalam Pasal 20 hingga 
Pasal 50 UU PDP yang merupakan kewajiban dari Pengendali Data dan 
Pasal 51 hingga Pasal 52 UU PDP yang merupakan kewajiban dari 
Prosesor Data.",This section establishes controllers' and processors' obligations to comply with data-protection duties. Maps to P7-I1 because it is a controlling horizontal framework provision establishing core personal-data-processing obligations.,https://peraturan.bpk.go.id/Details/229798/uu-no-27-tahun-2022,0.99,Discovery: master dataset already records s. 21 of this law. Modality: dibebankan untuk; exceptions: none,Horizontal,,in_force
Indonesia,Law No.27 on Personal Data Protection 2022,,,P7-I1,Art. 42,KNOWN,page 35,"Kepatuhan Pengendali Data dan Prosesor Data tertentu yang diwajibkan 
untuk melakukan penunjukan PPDP sangat diharapkan, karena tentunya 
pengaturan kewajiban penunjukan dalam Pasal 53 ayat (1) dimaksudkan 
untuk 
mewajibkan adanya 
kehadiran 
PPDP 
guna 
memberikan 
pengawasan yang lebih terhadap Pengendali Data dan Prosesor Data 
yang dianggap perlu diawasi secara lebih dalam hal kepatuhan 
terhadap kewajibannya dalam pelaksanaan pemrosesan data pribadi 
yang sesuai dengan UU PDP.",This provision requires certain data controllers and processors to appoint a PPDP. Maps to P7-I1 because this core institutional obligation evidences the horizontal personal-data-protection framework.,https://peraturan.bpk.go.id/Details/229798/uu-no-27-tahun-2022,0.96,Discovery: master dataset already records s. 42 of this law. Modality: Must (diwajibkan); exceptions: none,Horizontal,,in_force
Indonesia,Law No. 27 of 2022 on Personal Data Protection (official BPK full PDF),,,P7-I1,Art. 34(1),KNOWN,page 15,"(1) Pengendali Data Pribadi wajib melakukan penilaian
dampak Pelindungan Data Pribadi dalam hal
pemrosesan Data Pribadi memiliki potensi risiko tinggi
terhadap Subjek Data Pribadi.",This section requires controllers to conduct impact assessments for high-risk processing. Maps to P7-I1 because it evidences a horizontal personal-data-protection framework through a core obligation.,https://peraturan.bpk.go.id/Download/224884/UU%20Nomor%2027%20Tahun%202022.pdf,0.99,Discovery: master dataset already records s. 34 of this law. Modality: wajib (must); exceptions: none,Horizontal,,in_force
Indonesia,Law No. 27 of 2022 on Personal Data Protection (official BPK full PDF),,,P7-I1,Art. 74,KNOWN,page 33,"Pasal 74
Pada saat Undang-Undang ini mulai berlaku, Pengendali
Data Pribadi, Prosesor Data Pribadi, dan pihak lain yang
terkait dengan pemrosesan Data Pribadi, wajib
menyesuaikan dengan ketentuan pemrosesan Data Pribadi
berdasarkan Undang-Undang ini paling lama 2 (dua) tahun
sejak Undang-Undang ini diundangkan.",This Article 74 requires regulated data-processing actors to comply with this Law within two years. Maps to P7-I1 because it evidences the controlling horizontal personal-data-protection framework through a transitional compliance obligation.,https://peraturan.bpk.go.id/Download/224884/UU%20Nomor%2027%20Tahun%202022.pdf,0.99,Discovery: master dataset already records s. 74 of this law. Modality: wajib; exceptions: none,Horizontal,,in_force
Indonesia,Law No. 27 of 2022 on Personal Data Protection (official BPK full PDF),,,P7-I1,Art. 42(2),KNOWN,page 17,"(1) Pengendali Data Pribadi wajib mengakhiri pemrosesan
Data Pribadi dalam hal:
a.","This Article 42 requires controllers to terminate personal-data processing after retention, purpose completion, or a data-subject request. Maps to P7-I1 because it establishes a core controller obligation in a horizontal personal-data-protection framework.",https://peraturan.bpk.go.id/Download/224884/UU%20Nomor%2027%20Tahun%202022.pdf,0.98,Discovery: master dataset already records s. 42 of this law. Modality: wajib; exceptions: none,Horizontal,,in_force
Indonesia,Law No. 27 of 2022 on Personal Data Protection (official BPK full PDF),,,P7-I1,Art. 44(1),KNOWN,page 18,"(1) Pengendali Data Pribadi wajib memusnahkan Data
Pribadi dalam hal:
a. telah habis masa retensinya dan berketerangan
dimusnahkan berdasarkarr jadwal retensi arsip;
. b. terdapat permintaan dari Subjek Data Pribadi;
c. tidak berkaitan dengan penyelesaian proses
hukum suatu perkara; dan/ atau
d. Data Pribadi diperoleh dan/ atau diproses dengan
cara melawan hukum.",This Article 44(1) requires personal-data controllers to destroy personal data in specified cases. Maps to P7-I1 because this core obligation evidences the horizontal personal-data-protection framework.,https://peraturan.bpk.go.id/Download/224884/UU%20Nomor%2027%20Tahun%202022.pdf,0.99,Discovery: master dataset already records s. 44 of this law. Modality: wajib; exceptions: none,Horizontal,,in_force
Indonesia,Law No. 27 of 2022 on Personal Data Protection (official BPK full PDF),,,P7-I1,Art. 34(3),KNOWN,page 15,"(3) Ketentuan lebih lanjut mengenai penilaian dampak
Pelindungan Data Pribadi diatur dalam Peraturan
Pemerintah.",This section establishes delegated rules for personal-data-impact assessments. Maps to P7-I1 because it is a controlling provision evidencing the horizontal personal-data-protection framework.,https://peraturan.bpk.go.id/Download/224884/UU%20Nomor%2027%20Tahun%202022.pdf,0.94,Discovery: master dataset already records s. 34 of this law. Modality: Must/shall; exceptions: none,Horizontal,,in_force
Indonesia,Law No. 27 of 2022 on Personal Data Protection (official BPK full PDF),,,P7-I1,Art. 65(2),KNOWN,page 29,"(2) Setiap Orang dilarang secara melawan hukum
mengungkapkan Data Pribadi yang bukan miliknya.",This Article 65(2) prohibits every person from unlawfully disclosing personal data belonging to another. Maps to P7-I1 because it is a core horizontal personal-data-protection obligation establishing the framework's protective function.,https://peraturan.bpk.go.id/Download/224884/UU%20Nomor%2027%20Tahun%202022.pdf,0.99,Discovery: master dataset already records s. 65 of this law. Modality: Prohibited; must not; exceptions: none,Horizontal,,in_force
Indonesia,Law No. 27 of 2022 on Personal Data Protection (official BPK full PDF),,,P7-I1,Art. 56(5),KNOWN,page 24,"(5) Ketentuan lebih lanjut mengenai transfer Data Pribadi
' diatur dalam Peraturan Pemerintah.",This subsection establishes further regulation of personal-data transfers. Maps to P7-I1 because it evidences the horizontal framework's controlling transfer-regime provision.,https://peraturan.bpk.go.id/Download/224884/UU%20Nomor%2027%20Tahun%202022.pdf,0.96,Discovery: master dataset already records s. 56 of this law. Modality: requires; exceptions: none,Horizontal,,in_force
Indonesia,Law No. 27 of 2022 on Personal Data Protection (official BPK full PDF),,,P7-I1,Art. 65(1),KNOWN,page 29,"(1) Setiap Orang dilarang secara melawan hukum
memperoleh atau mengumpulkan Data Pribadi yang
bukan miliknya dengan maksud untuk
menguntungkan diri sendiri atau orang lain yang dapat
mengakibatkan kerugian Subjek Data Pribadi.",This section prohibits every person from unlawfully obtaining or collecting another's personal data for benefit where harm may result. Maps to P7-I1 because it evidences a horizontal framework's core protection obligation.,https://peraturan.bpk.go.id/Download/224884/UU%20Nomor%2027%20Tahun%202022.pdf,0.99,Discovery: master dataset already records s. 65 of this law. Modality: Prohibited; must not; exceptions: none,Horizontal,,in_force
Indonesia,Law No. 27 of 2022 on Personal Data Protection (official BPK full PDF),,,P7-I1,Art. 58(1),NEW,page 26,"(1) Pemerintah berperan dalam
penyelenggaraan Pelindungan Data Pribadi sesuai
dengan ketentuan Undang-Undang ini.",This section establishes the Government’s role in administering personal-data protection under the Law. Maps to P7-I1 because it is a controlling framework provision for a horizontal data-protection regime.,https://peraturan.bpk.go.id/Download/224884/UU%20Nomor%2027%20Tahun%202022.pdf,0.99,"Discovery: instrument is known but s. 58 is not among its recorded provisions (['11', '21', '34', '35', '39', '40', '42', '43', '44', '53', '55', '56', '59', '6', '65', '66', '67', '74', '8', '82', '9']). Modality: Establishes a role; exceptions: none",Horizontal,,in_force
Indonesia,Law No.27 on Personal Data Protection 2022,,,P7-I1,Art. 16,NEW,page 19,"Pengendali Data merupakan pihak yang menentukan tujuan dan 
melakukan kendali pemrosesan Data Pribadi, Pengendali Data dapat 
melakukan pemrosesan data pribadi secara sendiri, bersama-sama 
dengan Pengendali Data lain atau dapat menunjuk Prosesor Data yang 
merupakan pihak yang melakukan pemrosesan data pribadi atas 
nama Pengendali Data.",This section establishes the controller/processor framework and permits personal-data processing. Maps to P7-I1 because its functional definitions and scope evidence a horizontal data-protection framework.,https://peraturan.bpk.go.id/Details/229798/uu-no-27-tahun-2022,0.99,"Discovery: instrument is known but s. 16 is not among its recorded provisions (['11', '21', '34', '35', '39', '40', '42', '43', '44', '53', '55', '56', '59', '6', '65', '66', '67', '74', '8', '82', '9']). Modality: May (dapat); exceptions: none",Horizontal,,in_force
Indonesia,Omnibus Health Law No.17 2023 (UU Kesehatan),,,P7-I1,Art. 351(1),NEW,page 153,"(1) Penyelenggara Sistem Informasi Kesehatan wajib
menjamin pelindungan data dan informasi Kesehatan
setiap individu.","This section requires health-information-system providers to ensure protection of each individual's health data and information. Maps to P7-I1 because it evidences a sectoral data-protection framework, not a comprehensive horizontal law.",https://jdih.kemkes.go.id/storage/documents/pdfs/2023uu017.pdf,0.99,"Discovery: instrument is known but s. 351 is not among its recorded provisions (['2', '21', '3', '4', '5', '56', '57', '58', '6']). Modality: wajib; exceptions: none",Sectoral (Health),,in_force
Indonesia,PBI 23/6/PBI/2021 Payment Service Providers,,,P7-I1,Art. 257(2),NEW,page 156,"(1) 
Dalam pemrosesan data dan/atau informasi terkait Sistem 
Pembayaran, PJP dan/atau pihak yang bekerja sama 
dengan PJP wajib: 
a. 
menerapkan 
prinsip 
pelindungan 
data 
pribadi 
termasuk memenuhi aspek persetujuan Pengguna 
Jasa atas penggunaan data pribadinya yang meliputi: 
1.","This provision requires payment service providers and cooperating parties to apply personal-data-protection principles. Maps to P7-I1 because it is a sectoral data-protection framework provision, not a comprehensive horizontal law.",https://www.bi.go.id/id/publikasi/peraturan/Documents/PBI_230621.pdf,0.99,"Discovery: instrument is known but s. 257 is not among its recorded provisions (['19', '20']). Modality: Must (wajib); exceptions: Personal data must be destroyed and/or deleted unless it remains within a legally required retention period",Sectoral (Payment services),,in_force
Indonesia,PBI 23/7/PBI/2021 Payment System Infrastructure,,,P7-I1,Art. 222(2),NEW,page 131,"(1) 
Dalam pemrosesan data dan/atau informasi terkait Sistem 
Pembayaran, PIP dan/atau pihak yang bekerja sama 
dengan PIP wajib: 
a. 
menerapkan 
prinsip 
pelindungan 
data 
pribadi 
termasuk  memenuhi aspek persetujuan anggota PIP 
atas penggunaan data pribadinya yang meliputi: 
1. 
pengumpulan data pribadi dilakukan secara 
terbatas dan spesifik, sah secara hukum, patut, 
dan transparan; 
2. 
pemrosesan 
data 
pribadi 
dilakukan 
sesuai 
dengan tujuannya; 
3. 
pemrosesan data pribadi dilakukan dengan 
menjamin hak pemilik data pribadi; 
4. 
pemrosesan data 
pribadi dilakukan secara 
akurat, lengkap, tidak menyesatkan, mutakhir, 
dapat 
dipertanggungjawabkan, 
dan 
memperhatikan tujuan pemrosesan data pribadi; 
5. 
pemrosesan data pribadi dilakukan dengan 
melindungi 
keamanan 
data 
pribadi 
dari 
kehilangan, 
penyalahgunaan, 
akses 
dan 
pengungkapan yang tidak sah, serta pengubahan 
atau perusakan data pribadi; 
6. 
pemrosesan data pribadi dilakukan dengan 
memberitahukan tujuan pengumpulan, aktivitas 
pemrosesan, dan kegagalan pelindungan data 
pribadi; dan 
7. 
pemrosesan data pribadi dimusnahkan dan/atau 
dihapus kecuali masih dalam masa retensi sesuai 
dengan 
kebutuhan 
berdasarkan 
ketentuan 
peraturan perundang-undangan.","This section requires payment-system entities to apply personal-data-protection principles. Maps to P7-I1 because it evidences a sectoral core data-protection framework, not a comprehensive horizontal framework.",https://www.bi.go.id/id/publikasi/peraturan/Documents/PBI_230721.pdf,0.99,Discovery: instrument not in the master dataset for Indonesia. Modality: wajib; exceptions: Penerapan prinsip mempertimbangkan kepentingan publik dan/atau persyaratan lain yang ditetapkan oleh otoritas.; Pemusnahan dan/atau penghapusan tidak berlaku selama data masih dalam masa retensi sesuai kebutuhan berdasarkan peraturan perundang-undangan.,Sectoral (Payment system),,in_force
Indonesia,POJK 27/2024 Digital Financial Asset Trading incl. Crypto (AML via POJK 8/2023),,,P7-I1,Art. 119(1),NEW,page 75,"(1) 
Penyelenggara Perdagangan Aset Keuangan Digital 
wajib menjaga keutuhan dan ketersediaan data pribadi, 
data transaksi, dan data keuangan yang dikelolanya 
sejak 
data 
diperoleh 
hingga 
data 
tersebut 
dimusnahkan.","This Article 119(1) requires digital-financial-asset trading providers to preserve the integrity and availability of personal, transaction, and financial data. Maps to P7-I1 because it evidences a sectoral personal-data-protection framework obligation.",https://peraturan.bpk.go.id/Details/323277/peraturan-ojk-no-27-tahun-2024,0.98,Discovery: instrument not in the master dataset for Indonesia. Modality: wajib (must); exceptions: none,Sectoral (Digital financial asset trading),,in_force
Indonesia,Regulation of Financial Service Authority Regulation No. 11/POJK.03/2022 on Implementation of Information Technology by Commercial Banks 2022 ; Regulation of Financial Services Authority No.4/POJK.05/,,,P7-I1,Art. 45(1),NEW,page 30,"(1) 
Dalam menerapkan pelindungan data pribadi pada 
kegiatan pertukaran data, Bank wajib menetapkan 
paling sedikit: 
a. 
klasifikasi data yang merupakan data pribadi; 
b. 
hak dan kewajiban para pihak yang terlibat dalam 
pertukaran data pribadi; 
c. 
perjanjian pertukaran data pribadi; 
d. 
sarana pertukaran data pribadi; dan 
e. 
keamanan data pribadi.","This section requires banks to establish minimum safeguards for personal-data exchanges. Maps to P7-I1 because it evidences a sectoral data-protection framework, not a comprehensive horizontal one.",https://ojk.go.id/id/regulasi/Documents/Pages/Penyelenggaraan-Teknologi-Informasi-Oleh-Bank-Umum/POJK%2011%20-%2003%20-%202022.pdf,0.99,"Discovery: instrument is known but s. 45 is not among its recorded provisions (['109', '13', '21', '23', '3', '35', '36', '42', '43', '54', '63', '72']). Modality: must; exceptions: none",Sectoral (Commercial banking),,in_force
Indonesia,Regulation of Financial Services Authority No.11/POJK.03/2022 on the Implementation of Information Technology by Commercial Banks 2022 ; Bank Indonesia Regulation No. 22/23/PBI/2020 on Payment Systems,,,P7-I1,Art. 45(1),NEW,page 30,"(1) 
Dalam menerapkan pelindungan data pribadi pada 
kegiatan pertukaran data, Bank wajib menetapkan 
paling sedikit: 
 
www.peraturan.go.id

2022, No.5/OJK 
-31- 
a. 
klasifikasi data yang merupakan data pribadi; 
b. 
hak dan kewajiban para pihak yang terlibat dalam 
pertukaran data pribadi; 
c. 
perjanjian pertukaran data pribadi; 
d. 
sarana pertukaran data pribadi; dan 
e. 
keamanan data pribadi.","This Article 45(1) requires banks to establish minimum personal-data-exchange controls. Maps to P7-I1 because it evidences a sectoral data-protection framework, not a comprehensive horizontal framework.",https://peraturan.bpk.go.id/Details/227376/peraturan-ojk-no-11pojk032022-tahun-2022,0.99,"Discovery: instrument is known but s. 45 is not among its recorded provisions (['109', '13', '21', '23', '3', '35', '36', '42', '43', '54', '63', '7', '72']). Modality: Must (wajib); exceptions: none",Sectoral (Banking and commercial banks),,in_force
Thailand,"Notification of the National Cyber Security Committee Regarding Establishment, Duties, and Powers of the Thailand Computer Emergency Response Team (ThaiCERT) B.E.2564 (ประกาศคณะกรรมการการรักษาความมั่น",,,P7-I2,s. 5.3.3(2),KNOWN,page 5,"๕.๓.๓ เมื่อได้รับการร้องขอจากหน่วยงานภายใต้การดูแล  ศูนย์ประสาน 
การรักษาความมั่นคงปลอดภัยระบบคอมพิวเตอร์แห่งชาติอาจพิจารณาด าเนินการ  ดังนี้ 
 
 
 
 
(๑) ให้การช่วยเหลือ  แนะน า  และสนับสนุนในการประเมิน 
ความเสี่ยงของการเกิดภัยคุกคามทางไซเบอร์  โดยใช้กระบวนการเรียนรู้ที่ได้รับจากการด าเนินมาตรการ
เชิงรุกเพื่อป้องกันและเฝ้าระวังความเสี่ยงในการเกิดภัยคุกคามทางไซเบอร์  และการด าเนินมาตรการ 
เชิงรับเมื่อมีภัยคุกคามทางไซเบอร์เกิดขึ้น  เพื่อช่วยให้หน่วยงานดังกล่าวสามารถวางแผนการรับมือ 
ในกรณีที่ต้องเผชิญเหตุภัยคุกคามทางไซเบอร์ 
 
 
 
 
(๒) ให้การช่วยเหลือ  แนะน าและสนับสนุนในการจัดท าแผน 
ความต่อเนื่องของการด าเนินงาน  (business  continuity  plan)  เพื่อรับมือในกรณีที่เกิดเหตุภัยคุกคาม
ทางไซเบอร์  แผนการป้องกันโครงสร้างพื้นฐานส าคัญทางสารสนเทศ  (critical  information  
infrastructure  protection  plan)  และแผนฟื้นฟู  (disaster  recovery  plan)  ภายหลังเกิด 
ภัยคุกคามทางไซเบอร์","This section permits ThaiCERT to assist supervised agencies with cyber-risk, continuity, critical-infrastructure protection, and recovery planning. Maps to P7-I2 because it evidences a dedicated national cybersecurity incident-response and risk-mitigation framework.",https://drive.ncsa.or.th/s/DXs7pjtjFS5R2Zc/download,0.98,Discovery: master dataset already records s. 5.3.3 of this law. Modality: May (อาจพิจารณาดำเนินการ); exceptions: none,Horizontal,,in_force
Thailand,"Notification of the National Cyber Security Committee Regarding Characteristics and Measures for Prevention, Response, Assessment, Eradication, and Containment of Cyber Incidents at Each Level B.E. 25",,,P7-I2,s. 3,KNOWN,page 3,"โครงสร้างส าคัญ
ทางสารสนเทศ 
หมายถึง 
โครงสร้างส าคัญทางสารสนเทศที่เกี่ยวข้องกับการให้บริการ  
ของโครงสร้างพื้นฐานส าคัญของประเทศที่เกี่ยวข้องกับ  
ความมั่นคงปลอดภัยของรัฐ ความปลอดภัยสาธารณะ  
ความสงบเรียบร้อยของประชาชน ความสัมพันธ์ระหว่างประเทศ  
การป้องกันประเทศ เศรษฐกิจ การสาธารณสุข หรือโครงสร้าง 
พื้นฐานอันเป็นประโยชน์สาธารณะ",This section establishes the definition and scope of critical information infrastructure. Maps to P7-I2 because it is a controlling scope provision in the cyber-incident prevention and response framework.,https://drive.ncsa.or.th/s/YyyzPzcR2DbgxTw/download,0.99,Discovery: master dataset already records s. 3 of this law. Modality: Means (definitional); exceptions: none,Sectoral (Critical information infrastructure and national critical infrastructure sectors),,in_force
Thailand,Computer Crime Act B.E. 2550 as amended B.E. 2560 (ETDA consolidated),,,P7-I2,s. 5,KNOWN,page 2,"มาตรา ๕ ผูใดเขาถึงโดยมิชอบซึ่งระบบคอมพิวเตอรที่มีมาตรการปองกันการเขาถึง
โดยเฉพาะและมาตรการนั้นมิไดมีไวสําหรับตน  ตองระวางโทษจําคุกไมเกินหกเดือน  หรือปรับไมเกิน
หนึ่งหมื่นบาท  หรือทั้งจําทั้งปรับ",This section prohibits unauthorized access to protected computer systems. Maps to P7-I2 because it evidences the dedicated horizontal cybersecurity framework's access-control function.,https://www.etda.or.th/getattachment/9d647b89-540f-421f-b031-d18e7c4f16c1/Computer-Crimes-Act-BE-2550-and-BE-2560.aspx,0.94,Discovery: master dataset already records s. 5 of this law. Modality: Prohibited; subject to criminal penalty; exceptions: none,Horizontal,,in_force
Thailand,Computer Crime Act B.E. 2550 as amended B.E. 2560 (ETDA consolidated),,,P7-I2,s. 9,KNOWN,page 3,"มาตรา ๙ ผูใดทําใหเสียหาย  ทําลาย  แกไข  เปลี่ยนแปลง  หรือเพิ่มเติมไมวาทั้งหมดหรือ
บางสวน  ซึ่งขอมูลคอมพิวเตอรของผูอื่นโดยมิชอบ  ตองระวางโทษจําคุกไมเกินหาป  หรือปรับไมเกิน
หนึ่งแสนบาท  หรือทั้งจําทั้งปรับ","This section prohibits unlawfully damaging, destroying, modifying, altering, or adding to another’s computer data. Maps to P7-I2 because its horizontal cybercrime prohibition evidences a cybersecurity framework’s core obligation.",https://www.etda.or.th/getattachment/9d647b89-540f-421f-b031-d18e7c4f16c1/Computer-Crimes-Act-BE-2550-and-BE-2560.aspx,0.98,Discovery: master dataset already records s. 9 of this law. Modality: Prohibited; subject to criminal penalties; exceptions: none,Horizontal,,in_force
Thailand,Computer Crime Act B.E. 2550 as amended B.E. 2560 (ETDA consolidated),,,P7-I2,s. 13,KNOWN,page 4,"มาตรา ๑๓ ผูใดจําหนายหรือเผยแพรชุดคําสั่งที่จัดทําขึ้นโดยเฉพาะเพื่อนําไปใชเปนเครื่องมือ
ในการกระทําความผิดตามมาตรา  ๕  มาตรา  ๖  มาตรา  ๗  มาตรา  ๘  มาตรา  ๙  มาตรา  ๑๐  หรือ
มาตรา  ๑๑  ตองระวางโทษจําคุกไมเกินหนึ่งป  หรือปรับไมเกินสองหมื่นบาท  หรือทั้งจําทั้งปรับ",This section prohibits any person from distributing or disseminating tools made specifically for computer offences. Maps to P7-I2 because it evidences a cybersecurity framework's core cybercrime-control function.,https://www.etda.or.th/getattachment/9d647b89-540f-421f-b031-d18e7c4f16c1/Computer-Crimes-Act-BE-2550-and-BE-2560.aspx,0.99,Discovery: master dataset already records s. 13 of this law. Modality: must incur a penalty; exceptions: none,Horizontal,,in_force
Thailand,Computer Crime Act B.E. 2550 as amended B.E. 2560 (ETDA consolidated),,,P7-I2,s. 15,KNOWN,page 4,"มาตรา ๑๕ ผูใหบริการผูใดจงใจสนับสนุนหรือยินยอมใหมีการกระทําความผิดตามมาตรา  ๑๔ 
ในระบบคอมพิวเตอรที่อยูในความควบคุมของตน  ตองระวางโทษเชนเดียวกับผูกระทําความผิดตาม 
มาตรา  ๑๔",This section establishes service-provider criminal liability for intentional support of or consent to computer-system offences. Maps to P7-I2 because it evidences a dedicated horizontal cybercrime enforcement framework.,https://www.etda.or.th/getattachment/9d647b89-540f-421f-b031-d18e7c4f16c1/Computer-Crimes-Act-BE-2550-and-BE-2560.aspx,0.96,Discovery: master dataset already records s. 15 of this law. Modality: Mandatory criminal liability (ต้องระวางโทษ; must be subject to the same punishment); exceptions: none,Horizontal,,in_force
Thailand,Computer Crime Act B.E. 2550 as amended B.E. 2560 (ETDA consolidated),,,P7-I2,s. 16,KNOWN,page 4,"มาตรา ๑๖ ผูใดนําเขาสูระบบคอมพิวเตอรที่ประชาชนทั่วไปอาจเขาถึงไดซึ่งขอมูล 
คอมพิวเตอรที่ปรากฏเปนภาพของผูอื่น  และภาพนั้นเปนภาพที่เกิดจากการสรางขึ้น  ตัดตอ  เติม 
หรือดัดแปลงดวยวิธีการทางอิเล็กทรอนิกสหรือวิธีการอื่นใด  ทั้งนี้  โดยประการที่นาจะทําใหผูอื่นนั้น
เสียชื่อเสียง  ถูกดูหมิ่น  ถูกเกลียดชัง  หรือไดรับความอับอาย  ตองระวางโทษจําคุกไมเกินสามป  หรือ
ปรับไมเกินหกหมื่นบาท  หรือทั้งจําทั้งปรับ 
ถาการกระทําตามวรรคหนึ่ง  เปนการนําเขาขอมูลคอมพิวเตอรโดยสุจริต  ผูกระทําไมมีความผิด 
ความผิดตามวรรคหนึ่งเปนความผิดอันยอมความได 
ถาผูเสียหายในความผิดตามวรรคหนึ่งตายเสียกอนรองทุกข  ใหบิดา  มารดา  คูสมรส  หรือ
บุตรของผูเสียหายรองทุกขได  และใหถือวาเปนผูเสียหาย",This section prohibits publicly accessible computer-system input of manipulated images likely to harm another’s reputation. Maps to P7-I2 because it evidences the horizontal computer-crime framework’s cybercrime-prohibition function.,https://www.etda.or.th/getattachment/9d647b89-540f-421f-b031-d18e7c4f16c1/Computer-Crimes-Act-BE-2550-and-BE-2560.aspx,0.96,Discovery: master dataset already records s. 16 of this law. Modality: Must not; violation is subject to criminal penalties (ตองระวางโทษ); exceptions: No offence if the computer data was input in good faith,Horizontal,,in_force
Thailand,Computer Crime Act B.E. 2550 as amended B.E. 2560 (ETDA consolidated),,,P7-I2,s. 17,KNOWN,page 4,"มาตรา ๑๗ ผูใดกระทําความผิดตามพระราชบัญญัตินี้นอกราชอาณาจักรและ 

หนา   ๘ 
เลม   ๑๒๔   ตอนที่   ๒๗   ก 
ราชกิจจานุเบกษา 
๑๘   มิถุนายน   ๒๕๕๐ 
 
 
(๑) ผูกระทําความผิดนั้นเปนคนไทย  และรัฐบาลแหงประเทศที่ความผิดไดเกิดขึ้นหรือ
ผูเสียหายไดรองขอใหลงโทษ  หรือ 
(๒) ผูกระทําความผิดนั้นเปนคนตางดาว  และรัฐบาลไทยหรือคนไทยเปนผูเสียหายและ
ผูเสียหายไดรองขอใหลงโทษ 
จะตองรับโทษภายในราชอาณาจักร 
 
หมวด  ๒ 
พนักงานเจาหนาที่",This section requires offenders meeting stated extraterritorial conditions to be punished in the Kingdom. Maps to P7-I2 because it establishes extraterritorial criminal jurisdiction within the dedicated horizontal cybercrime framework.,https://www.etda.or.th/getattachment/9d647b89-540f-421f-b031-d18e7c4f16c1/Computer-Crimes-Act-BE-2550-and-BE-2560.aspx,0.96,Discovery: master dataset already records s. 17 of this law. Modality: Must; exceptions: none,Horizontal,,in_force
Thailand,Computer Crime Act B.E. 2550 as amended B.E. 2560 (ETDA consolidated),,,P7-I2,s. 17(1),KNOWN,page 4,"มาตรา ๑๗ ผูใดกระทําความผิดตามพระราชบัญญัตินี้นอกราชอาณาจักรและ 

หนา   ๘ 
เลม   ๑๒๔   ตอนที่   ๒๗   ก 
ราชกิจจานุเบกษา 
๑๘   มิถุนายน   ๒๕๕๐ 
 
 
(๑) ผูกระทําความผิดนั้นเปนคนไทย  และรัฐบาลแหงประเทศที่ความผิดไดเกิดขึ้นหรือ
ผูเสียหายไดรองขอใหลงโทษ  หรือ 
(๒) ผูกระทําความผิดนั้นเปนคนตางดาว  และรัฐบาลไทยหรือคนไทยเปนผูเสียหายและ
ผูเสียหายไดรองขอใหลงโทษ 
จะตองรับโทษภายในราชอาณาจักร 
 
หมวด  ๒ 
พนักงานเจาหนาที่",This section requires qualifying offenders who commit offences under the Computer Crime Act abroad to be punished in Thailand. Maps to P7-I2 because it evidences the dedicated horizontal Computer Crime Act's cyber-offence enforcement framework.,https://www.etda.or.th/getattachment/9d647b89-540f-421f-b031-d18e7c4f16c1/Computer-Crimes-Act-BE-2550-and-BE-2560.aspx,0.9,Discovery: master dataset already records s. 17 of this law. Modality: must; exceptions: none,Horizontal,,in_force
Thailand,Computer Crime Act B.E. 2550 as amended B.E. 2560 (ETDA consolidated),,,P7-I2,s. 17(2),KNOWN,page 4,"(๑) ผูกระทําความผิดนั้นเปนคนไทย  และรัฐบาลแหงประเทศที่ความผิดไดเกิดขึ้นหรือ
ผูเสียหายไดรองขอใหลงโทษ  หรือ 
(๒) ผูกระทําความผิดนั้นเปนคนตางดาว  และรัฐบาลไทยหรือคนไทยเปนผูเสียหายและ
ผูเสียหายไดรองขอใหลงโทษ 
จะตองรับโทษภายในราชอาณาจักร 
 
หมวด  ๒ 
พนักงานเจาหนาที่",This section requires qualifying foreign offenders to be punished domestically. Maps to P7-I2 because it evidences the criminal-enforcement function of a dedicated horizontal computer-cybersecurity framework.,https://www.etda.or.th/getattachment/9d647b89-540f-421f-b031-d18e7c4f16c1/Computer-Crimes-Act-BE-2550-and-BE-2560.aspx,0.98,Discovery: master dataset already records s. 17 of this law. Modality: Must; exceptions: none,Horizontal,,in_force
Thailand,PDPC State-Agency DPO Notification B.E. 2566,,,P7-I2,s. 4.1,KNOWN,page 2,"๔.๑ กรมการท่องเที่ยว 
   
๕. กระทรวงการพัฒนาสังคมและความมั่นคงของมนุษย์",ESCAP master-known anchor retained after mapper abstention; pending named legal review and deterministic legal-fit gates.,https://ratchakitcha.soc.go.th/documents/140D174S0000000006400.pdf,0.5,Discovery: master dataset already records s. 4.1 of this law. Modality: n/a; exceptions: none,Sectoral (Public sector/state agencies),,in_force
Thailand,PDPC s.28 Cross-Border Notification B.E. 2566 (Royal Gazette),,,P7-I2,s. 4,KNOWN,page 2,"(๖) การด าเนินการกับข้อมูลของบริษัทข้อมูลเครดิตและสมาชิกตามกฎหมายว่าด้วย 
การประกอบธุรกิจข้อมูลเครดิต 
การยกเว้นไม่ให้น าบทบัญญัติแห่งพระราชบัญญัตินี้ทั้งหมดหรือแต่บางส่วนมาใช้บังคับแก่ 
ผู้ควบคุมข้อมูลส่วนบุคคลในลักษณะใด  กิจการใด  หรือหน่วยงานใดท านองเดียวกับผู้ควบคุมข้อมูล 
ส่วนบุคคลตามวรรคหนึ่ง  หรือเพื่อประโยชน์สาธารณะอื่นใด  ให้ตราเป็นพระราชกฤษฎีกา 
ผู้ควบคุมข้อมูลส่วนบุคคลตามวรรคหนึ่ง  (๒)  (๓)  (๔)  (๕)  และ  (๖)  และผู้ควบคุมข้อมูล
ส่วนบุคคลของหน่วยงานที่ได้รับยกเว้นตามที่ก าหนดในพระราชกฤษฎีกาตามวรรคสอง  ต้องจัดให้มี 
การรักษาความมั่นคงปลอดภัยของข้อมูลส่วนบุคคลให้เป็นไปตามมาตรฐานด้วย","This section requires exempt personal-data controllers to maintain personal-data security to standards. Maps to P7-I2 because this is a non-dedicated security obligation embedded in a privacy law, evidencing the cybersecurity legal function.",https://ratchakitcha.soc.go.th/documents/17082307.pdf,0.98,Discovery: master dataset already records s. 4 of this law. Modality: Must; exceptions: The obligation is limited to the specified exempt controllers and does not establish a generally applicable cybersecurity framework,Sectoral (Specified public authorities and credit-information businesses),,in_force
Thailand,PDPC s.28 Cross-Border Notification B.E. 2566 (Royal Gazette),,,P7-I2,s. 4(1),KNOWN,page 2,"(๖) การด าเนินการกับข้อมูลของบริษัทข้อมูลเครดิตและสมาชิกตามกฎหมายว่าด้วย 
การประกอบธุรกิจข้อมูลเครดิต 
การยกเว้นไม่ให้น าบทบัญญัติแห่งพระราชบัญญัตินี้ทั้งหมดหรือแต่บางส่วนมาใช้บังคับแก่ 
ผู้ควบคุมข้อมูลส่วนบุคคลในลักษณะใด  กิจการใด  หรือหน่วยงานใดท านองเดียวกับผู้ควบคุมข้อมูล 
ส่วนบุคคลตามวรรคหนึ่ง  หรือเพื่อประโยชน์สาธารณะอื่นใด  ให้ตราเป็นพระราชกฤษฎีกา 
ผู้ควบคุมข้อมูลส่วนบุคคลตามวรรคหนึ่ง  (๒)  (๓)  (๔)  (๕)  และ  (๖)  และผู้ควบคุมข้อมูล
ส่วนบุคคลของหน่วยงานที่ได้รับยกเว้นตามที่ก าหนดในพระราชกฤษฎีกาตามวรรคสอง  ต้องจัดให้มี 
การรักษาความมั่นคงปลอดภัยของข้อมูลส่วนบุคคลให้เป็นไปตามมาตรฐานด้วย","This section requires specified personal-data controllers to maintain personal-data security to standards. Maps to P7-I2 because its legal function is a non-dedicated, privacy-law security obligation evidencing the cybersecurity framework context.",https://ratchakitcha.soc.go.th/documents/17082307.pdf,0.96,"Discovery: master dataset already records s. 4 of this law. Modality: Must; exceptions: The Act generally does not apply to the processing listed in section 4(1)–(6), subject to the final paragraph's security obligation for categories (2)–(6).; Further whole or partial exemptions may be prescribed by Royal Decree.",Sectoral (Personal data protection),,in_force
Thailand,PDPC s.28 Cross-Border Notification B.E. 2566 (Royal Gazette),,,P7-I2,s. 4(2),KNOWN,page 2,"(๖) การด าเนินการกับข้อมูลของบริษัทข้อมูลเครดิตและสมาชิกตามกฎหมายว่าด้วย 
การประกอบธุรกิจข้อมูลเครดิต 
การยกเว้นไม่ให้น าบทบัญญัติแห่งพระราชบัญญัตินี้ทั้งหมดหรือแต่บางส่วนมาใช้บังคับแก่ 
ผู้ควบคุมข้อมูลส่วนบุคคลในลักษณะใด  กิจการใด  หรือหน่วยงานใดท านองเดียวกับผู้ควบคุมข้อมูล 
ส่วนบุคคลตามวรรคหนึ่ง  หรือเพื่อประโยชน์สาธารณะอื่นใด  ให้ตราเป็นพระราชกฤษฎีกา 
ผู้ควบคุมข้อมูลส่วนบุคคลตามวรรคหนึ่ง  (๒)  (๓)  (๔)  (๕)  และ  (๖)  และผู้ควบคุมข้อมูล
ส่วนบุคคลของหน่วยงานที่ได้รับยกเว้นตามที่ก าหนดในพระราชกฤษฎีกาตามวรรคสอง  ต้องจัดให้มี 
การรักษาความมั่นคงปลอดภัยของข้อมูลส่วนบุคคลให้เป็นไปตามมาตรฐานด้วย","This section requires exempt personal-data controllers to maintain personal-data security according to standards. Maps to P7-I2 because it evidences a non-dedicated security framework embedded in a privacy law, not a dedicated cybersecurity act.",https://ratchakitcha.soc.go.th/documents/17082307.pdf,0.98,"Discovery: master dataset already records s. 4 of this law. Modality: Must; exceptions: The provision is part of exemptions from application of the PDPA, including state-security, public-safety, anti-money-laundering, forensic, and cybersecurity operations; The security duty is limited to the exempt controllers expressly identified in the closing sentence",Sectoral (Data protection and exempt public-sector controllers),,in_force
Thailand,PDPC s.28 Cross-Border Notification B.E. 2566 (Royal Gazette),,,P7-I2,s. 4(3),KNOWN,page 2,"(๖) การด าเนินการกับข้อมูลของบริษัทข้อมูลเครดิตและสมาชิกตามกฎหมายว่าด้วย 
การประกอบธุรกิจข้อมูลเครดิต 
การยกเว้นไม่ให้น าบทบัญญัติแห่งพระราชบัญญัตินี้ทั้งหมดหรือแต่บางส่วนมาใช้บังคับแก่ 
ผู้ควบคุมข้อมูลส่วนบุคคลในลักษณะใด  กิจการใด  หรือหน่วยงานใดท านองเดียวกับผู้ควบคุมข้อมูล 
ส่วนบุคคลตามวรรคหนึ่ง  หรือเพื่อประโยชน์สาธารณะอื่นใด  ให้ตราเป็นพระราชกฤษฎีกา 
ผู้ควบคุมข้อมูลส่วนบุคคลตามวรรคหนึ่ง  (๒)  (๓)  (๔)  (๕)  และ  (๖)  และผู้ควบคุมข้อมูล
ส่วนบุคคลของหน่วยงานที่ได้รับยกเว้นตามที่ก าหนดในพระราชกฤษฎีกาตามวรรคสอง  ต้องจัดให้มี 
การรักษาความมั่นคงปลอดภัยของข้อมูลส่วนบุคคลให้เป็นไปตามมาตรฐานด้วย","This section requires specified exempted data controllers to maintain personal-data security to standards. Maps to P7-I2 because it evidences a non-dedicated privacy-law security framework, not a dedicated horizontal cybersecurity framework.",https://ratchakitcha.soc.go.th/documents/17082307.pdf,0.98,"Discovery: master dataset already records s. 4 of this law. Modality: must; exceptions: The Act generally does not apply to the activities and entities listed in section 4(1)–(6), but controllers under section 4(2)–(6) and Royal-Decree-exempted agencies remain subject to this security-standard duty.","Sectoral (Specified exempted public authorities, media, legislative, judicial, credit-information, and Royal-Decree-exempted data controllers)",,in_force
Thailand,PDPC s.28 Cross-Border Notification B.E. 2566 (Royal Gazette),,,P7-I2,s. 4(4),KNOWN,page 2,"(๔) สภาผู้แทนราษฎร  วุฒิสภา  และรัฐสภา  รวมถึงคณะกรรมาธิการที่แต่งตั้งโดยสภาดังกล่าว  
ซึ่งเก็บรวบรวม  ใช้  หรือเปิดเผยข้อมูลส่วนบุคคลในการพิจารณาตามหน้าที่และอ านาจของสภาผู้แทนราษฎร  
วุฒิสภา  รัฐสภา  หรือคณะกรรมาธิการ  แล้วแต่กรณี 
(๕) การพิจารณาพิพากษาคดีของศาลและการด าเนินงานของเจ้าหน้าที่ในกระบวนการพิจารณาคดี  
การบังคับคดี  และการวางทรัพย์  รวมทั้งการด าเนินงานตามกระบวนการยุติธรรมทางอาญา 
(๖) การด าเนินการกับข้อมูลของบริษัทข้อมูลเครดิตและสมาชิกตามกฎหมายว่าด้วย 
การประกอบธุรกิจข้อมูลเครดิต 
การยกเว้นไม่ให้น าบทบัญญัติแห่งพระราชบัญญัตินี้ทั้งหมดหรือแต่บางส่วนมาใช้บังคับแก่ 
ผู้ควบคุมข้อมูลส่วนบุคคลในลักษณะใด  กิจการใด  หรือหน่วยงานใดท านองเดียวกับผู้ควบคุมข้อมูล 
ส่วนบุคคลตามวรรคหนึ่ง  หรือเพื่อประโยชน์สาธารณะอื่นใด  ให้ตราเป็นพระราชกฤษฎีกา 
ผู้ควบคุมข้อมูลส่วนบุคคลตามวรรคหนึ่ง  (๒)  (๓)  (๔)  (๕)  และ  (๖)  และผู้ควบคุมข้อมูล
ส่วนบุคคลของหน่วยงานที่ได้รับยกเว้นตามที่ก าหนดในพระราชกฤษฎีกาตามวรรคสอง  ต้องจัดให้มี 
การรักษาความมั่นคงปลอดภัยของข้อมูลส่วนบุคคลให้เป็นไปตามมาตรฐานด้วย",ESCAP master-known anchor retained after mapper abstention; pending named legal review and deterministic legal-fit gates.,https://ratchakitcha.soc.go.th/documents/17082307.pdf,0.5,Discovery: master dataset already records s. 4 of this law. Modality: ต้อง; exceptions: Section 4 excludes the listed processing activities and entities from the Act generally.; The security obligation does not extend to the private or household processing category in section 4(1).,"Sectoral (Personal-data controllers in specified exempted public, legislative, judicial, media, credit-reporting, and Royal-Decree categories)",,in_force
Thailand,PDPC s.28 Cross-Border Notification B.E. 2566 (Royal Gazette),,,P7-I2,s. 4(5),KNOWN,page 2,"(๖) การด าเนินการกับข้อมูลของบริษัทข้อมูลเครดิตและสมาชิกตามกฎหมายว่าด้วย 
การประกอบธุรกิจข้อมูลเครดิต 
การยกเว้นไม่ให้น าบทบัญญัติแห่งพระราชบัญญัตินี้ทั้งหมดหรือแต่บางส่วนมาใช้บังคับแก่ 
ผู้ควบคุมข้อมูลส่วนบุคคลในลักษณะใด  กิจการใด  หรือหน่วยงานใดท านองเดียวกับผู้ควบคุมข้อมูล 
ส่วนบุคคลตามวรรคหนึ่ง  หรือเพื่อประโยชน์สาธารณะอื่นใด  ให้ตราเป็นพระราชกฤษฎีกา 
ผู้ควบคุมข้อมูลส่วนบุคคลตามวรรคหนึ่ง  (๒)  (๓)  (๔)  (๕)  และ  (๖)  และผู้ควบคุมข้อมูล
ส่วนบุคคลของหน่วยงานที่ได้รับยกเว้นตามที่ก าหนดในพระราชกฤษฎีกาตามวรรคสอง  ต้องจัดให้มี 
การรักษาความมั่นคงปลอดภัยของข้อมูลส่วนบุคคลให้เป็นไปตามมาตรฐานด้วย",This section requires specified exempt personal-data controllers to maintain personal-data security to standards. Maps to P7-I2 because it establishes a binding cybersecurity/security framework obligation.,https://ratchakitcha.soc.go.th/documents/17082307.pdf,0.98,"Discovery: master dataset already records s. 4 of this law. Modality: Must; exceptions: The Act excludes personal or household processing under section 4(1).; Section 4 otherwise excludes the listed state-security, media, parliamentary, judicial/criminal-justice, and credit-information processing, subject to the security obligation imposed on controllers listed in section 4(2)-(6).",Sectoral (Personal data protection),,in_force
Thailand,PDPC s.28 Cross-Border Notification B.E. 2566 (Royal Gazette),,,P7-I2,s. 4(6),KNOWN,page 2,"(๖) การด าเนินการกับข้อมูลของบริษัทข้อมูลเครดิตและสมาชิกตามกฎหมายว่าด้วย 
การประกอบธุรกิจข้อมูลเครดิต 
การยกเว้นไม่ให้น าบทบัญญัติแห่งพระราชบัญญัตินี้ทั้งหมดหรือแต่บางส่วนมาใช้บังคับแก่ 
ผู้ควบคุมข้อมูลส่วนบุคคลในลักษณะใด  กิจการใด  หรือหน่วยงานใดท านองเดียวกับผู้ควบคุมข้อมูล 
ส่วนบุคคลตามวรรคหนึ่ง  หรือเพื่อประโยชน์สาธารณะอื่นใด  ให้ตราเป็นพระราชกฤษฎีกา 
ผู้ควบคุมข้อมูลส่วนบุคคลตามวรรคหนึ่ง  (๒)  (๓)  (๔)  (๕)  และ  (๖)  และผู้ควบคุมข้อมูล
ส่วนบุคคลของหน่วยงานที่ได้รับยกเว้นตามที่ก าหนดในพระราชกฤษฎีกาตามวรรคสอง  ต้องจัดให้มี 
การรักษาความมั่นคงปลอดภัยของข้อมูลส่วนบุคคลให้เป็นไปตามมาตรฐานด้วย","This section requires specified exempt personal-data controllers to maintain standardized personal-data security. Maps to P7-I2 because it establishes a non-dedicated privacy-law data-security framework, rather than a dedicated horizontal cybersecurity framework.",https://ratchakitcha.soc.go.th/documents/17082307.pdf,0.96,"Discovery: master dataset already records s. 4 of this law. Modality: Must; exceptions: The Act generally does not apply to the listed processing activities, including household use, state-security functions, journalism, parliamentary functions, judicial functions, and credit-data business activities.; Despite the exemptions, controllers under items (2) through (6) and Royal-Decree-exempt agencies remain subject to the stated personal-data security obligation.; Further full or partial exemptions may be prescribed by Royal Decree.",Sectoral (Specified exempt personal-data controllers and Royal-Decree-exempt agencies),,in_force
Thailand,PDPC DPO Notification B.E. 2566,,,P7-I2,s. 5,KNOWN,page 2,"ข้อ ๕ การด าเนินกิจกรรมของผู้ควบคุมข้อมูลส่วนบุคคลและผู้ประมวลผลข้อมูลส่วนบุคคล   
ซึ่งเป็นส่วนหนึ่งของกิจกรรมหลัก  (core  activities)  ที่มีการติดตาม  (track)  เฝ้าสังเกต  (monitor)  
วิเคราะห์  หรือท านายพฤติกรรม  ทัศนคติ  หรือลักษณะเฉพาะของบุคคล  (profile)  ซึ่งโดยทั่วไปจะมี 
การเก็บรวบรวม  ใช้  หรือเปิดเผยข้อมูลส่วนบุคคลอย่างเป็นระบบ  (systematic)  และเกิดขึ้นเป็นประจ า 
หรือเป็นปกติธุระ  (regular)  ให้ถือว่าการด าเนินกิจกรรมนั้นมีความจ าเป็นต้องตรวจสอบข้อมูลส่วนบุคคล 
หรือระบบอย่างสม่ าเสมอ 
การเก็บรวบรวม  ใช้  หรือเปิดเผยข้อมูลส่วนบุคคลในกรณีดังต่อไปนี้  ให้ถือเป็นกรณี 
ที่มีความจ าเป็นต้องตรวจสอบข้อมูลส่วนบุคคลหรือระบบอย่างสม่ าเสมอตามวรรคหนึ่งด้วย 
(๑) การเก็บรวบรวม  ใช้  หรือเปิดเผยข้อมูลส่วนบุคคลเกี่ยวกับการใช้งานของผู้ถือบัตรสมาชิก   
บัตรโดยสารสาธารณะ  บัตรอิเล็กทรอนิกส์  หรือบัตรอื่นใดในลักษณะเดียวกันซึ่งผู้ให้บริการบัตรหรือบุคคลอื่นใด 
สามารถตรวจสอบรายละเอียดข้อมูลการใช้งานบัตรได้ 
(๒) การเก็บรวบรวม  ใช้  หรือเปิดเผยข้อมูลส่วนบุคคลของลูกค้าหรือผู้รับบริการซึ่งเกิดขึ้น 
เป็นประจ าหรือเป็นปกติธุระ  ที่มีการตรวจสอบสถานะ  ประวัติ  หรือคุณสมบัติของลูกค้าหรือผู้รับบริการ
ก่อนเข้าท าสัญญาหรือให้บริการในลักษณะเดียวกันเพื่อประเมินความเสี่ยงด้านต่าง ๆ  ที่เกี่ยวข้อง   
เช่น  การให้คะแนนเครดิต  (credit  scoring)  การพิจารณาเบี้ยประกัน  การป้องกันการโกงหรือฉ้อฉล   
(fraud  prevention)  ทั้งนี้  ไม่รวมถึงการด าเนินการกับข้อมูลของบริษัทข้อมูลเครดิตและสมาชิก 
ตามกฎหมายว่าด้วยการประกอบธุรกิจข้อมูลเครดิต 
้หนา   ๑๓
่เลม   ๑๔๐   ตอนพิเศษ   ๒๒๖    ง
ราชกิจจานุเบกษา
๑๔   กันยายน   ๒๕๖๖","This section requires controllers and processors to regularly inspect personal data or systems. Maps to P7-I2 because it evidences a non-dedicated privacy-based monitoring framework, not a dedicated horizontal cybersecurity framework.",https://ratchakitcha.soc.go.th/documents/140D226S0000000001200.pdf,0.98,Discovery: master dataset already records s. 5 of this law. Modality: Deems necessary and therefore requires; exceptions: Credit-data companies and their members operating under the law on credit-data business are excluded from the credit-assessment case in item (2).,Sectoral (Data protection/privacy),,in_force
Thailand,PDPC DPO Notification B.E. 2566,,,P7-I2,s. 5(1),KNOWN,page 2,"ข้อ ๕ การด าเนินกิจกรรมของผู้ควบคุมข้อมูลส่วนบุคคลและผู้ประมวลผลข้อมูลส่วนบุคคล   
ซึ่งเป็นส่วนหนึ่งของกิจกรรมหลัก  (core  activities)  ที่มีการติดตาม  (track)  เฝ้าสังเกต  (monitor)  
วิเคราะห์  หรือท านายพฤติกรรม  ทัศนคติ  หรือลักษณะเฉพาะของบุคคล  (profile)  ซึ่งโดยทั่วไปจะมี 
การเก็บรวบรวม  ใช้  หรือเปิดเผยข้อมูลส่วนบุคคลอย่างเป็นระบบ  (systematic)  และเกิดขึ้นเป็นประจ า 
หรือเป็นปกติธุระ  (regular)  ให้ถือว่าการด าเนินกิจกรรมนั้นมีความจ าเป็นต้องตรวจสอบข้อมูลส่วนบุคคล 
หรือระบบอย่างสม่ าเสมอ 
การเก็บรวบรวม  ใช้  หรือเปิดเผยข้อมูลส่วนบุคคลในกรณีดังต่อไปนี้  ให้ถือเป็นกรณี 
ที่มีความจ าเป็นต้องตรวจสอบข้อมูลส่วนบุคคลหรือระบบอย่างสม่ าเสมอตามวรรคหนึ่งด้วย 
(๑) การเก็บรวบรวม  ใช้  หรือเปิดเผยข้อมูลส่วนบุคคลเกี่ยวกับการใช้งานของผู้ถือบัตรสมาชิก   
บัตรโดยสารสาธารณะ  บัตรอิเล็กทรอนิกส์  หรือบัตรอื่นใดในลักษณะเดียวกันซึ่งผู้ให้บริการบัตรหรือบุคคลอื่นใด 
สามารถตรวจสอบรายละเอียดข้อมูลการใช้งานบัตรได้ 
(๒) การเก็บรวบรวม  ใช้  หรือเปิดเผยข้อมูลส่วนบุคคลของลูกค้าหรือผู้รับบริการซึ่งเกิดขึ้น 
เป็นประจ าหรือเป็นปกติธุระ  ที่มีการตรวจสอบสถานะ  ประวัติ  หรือคุณสมบัติของลูกค้าหรือผู้รับบริการ
ก่อนเข้าท าสัญญาหรือให้บริการในลักษณะเดียวกันเพื่อประเมินความเสี่ยงด้านต่าง ๆ  ที่เกี่ยวข้อง   
เช่น  การให้คะแนนเครดิต  (credit  scoring)  การพิจารณาเบี้ยประกัน  การป้องกันการโกงหรือฉ้อฉล   
(fraud  prevention)  ทั้งนี้  ไม่รวมถึงการด าเนินการกับข้อมูลของบริษัทข้อมูลเครดิตและสมาชิก 
ตามกฎหมายว่าด้วยการประกอบธุรกิจข้อมูลเครดิต 
้หนา   ๑๓
่เลม   ๑๔๐   ตอนพิเศษ   ๒๒๖    ง
ราชกิจจานุเบกษา
๑๔   กันยายน   ๒๕๖๖","This section requires controllers and processors to regularly inspect personal data or systems. Maps to P7-I2 because it evidences a non-dedicated privacy/DPO framework, not a dedicated horizontal cybersecurity framework.",https://ratchakitcha.soc.go.th/documents/140D226S0000000001200.pdf,0.97,Discovery: master dataset already records s. 5 of this law. Modality: must be treated as necessary; exceptions: The provision excludes processing by credit information companies and their members under the law governing credit information business from the customer or service-user risk-assessment example.,Horizontal,,in_force
Thailand,PDPC DPO Notification B.E. 2566,,,P7-I2,s. 5(2),KNOWN,page 2,"ข้อ ๕ การด าเนินกิจกรรมของผู้ควบคุมข้อมูลส่วนบุคคลและผู้ประมวลผลข้อมูลส่วนบุคคล   
ซึ่งเป็นส่วนหนึ่งของกิจกรรมหลัก  (core  activities)  ที่มีการติดตาม  (track)  เฝ้าสังเกต  (monitor)  
วิเคราะห์  หรือท านายพฤติกรรม  ทัศนคติ  หรือลักษณะเฉพาะของบุคคล  (profile)  ซึ่งโดยทั่วไปจะมี 
การเก็บรวบรวม  ใช้  หรือเปิดเผยข้อมูลส่วนบุคคลอย่างเป็นระบบ  (systematic)  และเกิดขึ้นเป็นประจ า 
หรือเป็นปกติธุระ  (regular)  ให้ถือว่าการด าเนินกิจกรรมนั้นมีความจ าเป็นต้องตรวจสอบข้อมูลส่วนบุคคล 
หรือระบบอย่างสม่ าเสมอ 
การเก็บรวบรวม  ใช้  หรือเปิดเผยข้อมูลส่วนบุคคลในกรณีดังต่อไปนี้  ให้ถือเป็นกรณี 
ที่มีความจ าเป็นต้องตรวจสอบข้อมูลส่วนบุคคลหรือระบบอย่างสม่ าเสมอตามวรรคหนึ่งด้วย 
(๑) การเก็บรวบรวม  ใช้  หรือเปิดเผยข้อมูลส่วนบุคคลเกี่ยวกับการใช้งานของผู้ถือบัตรสมาชิก   
บัตรโดยสารสาธารณะ  บัตรอิเล็กทรอนิกส์  หรือบัตรอื่นใดในลักษณะเดียวกันซึ่งผู้ให้บริการบัตรหรือบุคคลอื่นใด 
สามารถตรวจสอบรายละเอียดข้อมูลการใช้งานบัตรได้ 
(๒) การเก็บรวบรวม  ใช้  หรือเปิดเผยข้อมูลส่วนบุคคลของลูกค้าหรือผู้รับบริการซึ่งเกิดขึ้น 
เป็นประจ าหรือเป็นปกติธุระ  ที่มีการตรวจสอบสถานะ  ประวัติ  หรือคุณสมบัติของลูกค้าหรือผู้รับบริการ
ก่อนเข้าท าสัญญาหรือให้บริการในลักษณะเดียวกันเพื่อประเมินความเสี่ยงด้านต่าง ๆ  ที่เกี่ยวข้อง   
เช่น  การให้คะแนนเครดิต  (credit  scoring)  การพิจารณาเบี้ยประกัน  การป้องกันการโกงหรือฉ้อฉล   
(fraud  prevention)  ทั้งนี้  ไม่รวมถึงการด าเนินการกับข้อมูลของบริษัทข้อมูลเครดิตและสมาชิก 
ตามกฎหมายว่าด้วยการประกอบธุรกิจข้อมูลเครดิต 
้หนา   ๑๓
่เลม   ๑๔๐   ตอนพิเศษ   ๒๒๖    ง
ราชกิจจานุเบกษา
๑๔   กันยายน   ๒๕๖๖","This section establishes regular inspection of personal data or systems for specified monitoring and profiling activities. Maps to P7-I2 because it evidences a non-dedicated privacy-based framework, not a dedicated horizontal cybersecurity framework.",https://ratchakitcha.soc.go.th/documents/140D226S0000000001200.pdf,0.97,Discovery: master dataset already records s. 5 of this law. Modality: ให้ถือว่ามีความจำเป็นต้อง (is deemed necessary to); exceptions: Credit bureau companies and their members are excluded for the specified customer or service-recipient data processing under the credit information business law.,Horizontal,,in_force
Thailand,PDPC DPO Notification B.E. 2566,,,P7-I2,s. 5(3),KNOWN,page 2,"ข้อ ๕ การด าเนินกิจกรรมของผู้ควบคุมข้อมูลส่วนบุคคลและผู้ประมวลผลข้อมูลส่วนบุคคล   
ซึ่งเป็นส่วนหนึ่งของกิจกรรมหลัก  (core  activities)  ที่มีการติดตาม  (track)  เฝ้าสังเกต  (monitor)  
วิเคราะห์  หรือท านายพฤติกรรม  ทัศนคติ  หรือลักษณะเฉพาะของบุคคล  (profile)  ซึ่งโดยทั่วไปจะมี 
การเก็บรวบรวม  ใช้  หรือเปิดเผยข้อมูลส่วนบุคคลอย่างเป็นระบบ  (systematic)  และเกิดขึ้นเป็นประจ า 
หรือเป็นปกติธุระ  (regular)  ให้ถือว่าการด าเนินกิจกรรมนั้นมีความจ าเป็นต้องตรวจสอบข้อมูลส่วนบุคคล 
หรือระบบอย่างสม่ าเสมอ 
การเก็บรวบรวม  ใช้  หรือเปิดเผยข้อมูลส่วนบุคคลในกรณีดังต่อไปนี้  ให้ถือเป็นกรณี 
ที่มีความจ าเป็นต้องตรวจสอบข้อมูลส่วนบุคคลหรือระบบอย่างสม่ าเสมอตามวรรคหนึ่งด้วย 
(๑) การเก็บรวบรวม  ใช้  หรือเปิดเผยข้อมูลส่วนบุคคลเกี่ยวกับการใช้งานของผู้ถือบัตรสมาชิก   
บัตรโดยสารสาธารณะ  บัตรอิเล็กทรอนิกส์  หรือบัตรอื่นใดในลักษณะเดียวกันซึ่งผู้ให้บริการบัตรหรือบุคคลอื่นใด 
สามารถตรวจสอบรายละเอียดข้อมูลการใช้งานบัตรได้ 
(๒) การเก็บรวบรวม  ใช้  หรือเปิดเผยข้อมูลส่วนบุคคลของลูกค้าหรือผู้รับบริการซึ่งเกิดขึ้น 
เป็นประจ าหรือเป็นปกติธุระ  ที่มีการตรวจสอบสถานะ  ประวัติ  หรือคุณสมบัติของลูกค้าหรือผู้รับบริการ
ก่อนเข้าท าสัญญาหรือให้บริการในลักษณะเดียวกันเพื่อประเมินความเสี่ยงด้านต่าง ๆ  ที่เกี่ยวข้อง   
เช่น  การให้คะแนนเครดิต  (credit  scoring)  การพิจารณาเบี้ยประกัน  การป้องกันการโกงหรือฉ้อฉล   
(fraud  prevention)  ทั้งนี้  ไม่รวมถึงการด าเนินการกับข้อมูลของบริษัทข้อมูลเครดิตและสมาชิก 
ตามกฎหมายว่าด้วยการประกอบธุรกิจข้อมูลเครดิต 
้หนา   ๑๓
่เลม   ๑๔๐   ตอนพิเศษ   ๒๒๖    ง
ราชกิจจานุเบกษา
๑๔   กันยายน   ๒๕๖๖",This section requires controllers and processors conducting systematic monitoring or profiling to regularly inspect personal data or systems. Maps to P7-I2 because it evidences a horizontal security-monitoring framework function.,https://ratchakitcha.soc.go.th/documents/140D226S0000000001200.pdf,0.98,Discovery: master dataset already records s. 5 of this law. Modality: ให้ถือว่า...มีความจ าเป็นต้อง (deemed necessary to / required to); exceptions: Item (2) does not include processing by credit information companies and their members under the law governing credit information business.,Horizontal,,in_force
Thailand,PDPC DPO Notification B.E. 2566,,,P7-I2,s. 5(4),KNOWN,page 2,"ข้อ ๕ การด าเนินกิจกรรมของผู้ควบคุมข้อมูลส่วนบุคคลและผู้ประมวลผลข้อมูลส่วนบุคคล   
ซึ่งเป็นส่วนหนึ่งของกิจกรรมหลัก  (core  activities)  ที่มีการติดตาม  (track)  เฝ้าสังเกต  (monitor)  
วิเคราะห์  หรือท านายพฤติกรรม  ทัศนคติ  หรือลักษณะเฉพาะของบุคคล  (profile)  ซึ่งโดยทั่วไปจะมี 
การเก็บรวบรวม  ใช้  หรือเปิดเผยข้อมูลส่วนบุคคลอย่างเป็นระบบ  (systematic)  และเกิดขึ้นเป็นประจ า 
หรือเป็นปกติธุระ  (regular)  ให้ถือว่าการด าเนินกิจกรรมนั้นมีความจ าเป็นต้องตรวจสอบข้อมูลส่วนบุคคล 
หรือระบบอย่างสม่ าเสมอ 
การเก็บรวบรวม  ใช้  หรือเปิดเผยข้อมูลส่วนบุคคลในกรณีดังต่อไปนี้  ให้ถือเป็นกรณี 
ที่มีความจ าเป็นต้องตรวจสอบข้อมูลส่วนบุคคลหรือระบบอย่างสม่ าเสมอตามวรรคหนึ่งด้วย 
(๑) การเก็บรวบรวม  ใช้  หรือเปิดเผยข้อมูลส่วนบุคคลเกี่ยวกับการใช้งานของผู้ถือบัตรสมาชิก   
บัตรโดยสารสาธารณะ  บัตรอิเล็กทรอนิกส์  หรือบัตรอื่นใดในลักษณะเดียวกันซึ่งผู้ให้บริการบัตรหรือบุคคลอื่นใด 
สามารถตรวจสอบรายละเอียดข้อมูลการใช้งานบัตรได้ 
(๒) การเก็บรวบรวม  ใช้  หรือเปิดเผยข้อมูลส่วนบุคคลของลูกค้าหรือผู้รับบริการซึ่งเกิดขึ้น 
เป็นประจ าหรือเป็นปกติธุระ  ที่มีการตรวจสอบสถานะ  ประวัติ  หรือคุณสมบัติของลูกค้าหรือผู้รับบริการ
ก่อนเข้าท าสัญญาหรือให้บริการในลักษณะเดียวกันเพื่อประเมินความเสี่ยงด้านต่าง ๆ  ที่เกี่ยวข้อง   
เช่น  การให้คะแนนเครดิต  (credit  scoring)  การพิจารณาเบี้ยประกัน  การป้องกันการโกงหรือฉ้อฉล   
(fraud  prevention)  ทั้งนี้  ไม่รวมถึงการด าเนินการกับข้อมูลของบริษัทข้อมูลเครดิตและสมาชิก 
ตามกฎหมายว่าด้วยการประกอบธุรกิจข้อมูลเครดิต 
้หนา   ๑๓
่เลม   ๑๔๐   ตอนพิเศษ   ๒๒๖    ง
ราชกิจจานุเบกษา
๑๔   กันยายน   ๒๕๖๖","This section requires controllers and processors to regularly examine personal data or systems. Maps to P7-I2 because it evidences a non-dedicated privacy-based monitoring framework, not a dedicated cybersecurity framework.",https://ratchakitcha.soc.go.th/documents/140D226S0000000001200.pdf,0.97,Discovery: master dataset already records s. 5 of this law. Modality: ให้ถือว่า...มีความจำเป็นต้อง (is deemed necessary to); exceptions: The processing of data by credit information companies and their members under the law on credit information business is excluded from the customer or service-recipient risk-assessment category in subsection (2).,Horizontal,,in_force
Thailand,PDPC DPO Notification B.E. 2566,,,P7-I2,s. 5(5),KNOWN,page 2,"ข้อ ๕ การด าเนินกิจกรรมของผู้ควบคุมข้อมูลส่วนบุคคลและผู้ประมวลผลข้อมูลส่วนบุคคล   
ซึ่งเป็นส่วนหนึ่งของกิจกรรมหลัก  (core  activities)  ที่มีการติดตาม  (track)  เฝ้าสังเกต  (monitor)  
วิเคราะห์  หรือท านายพฤติกรรม  ทัศนคติ  หรือลักษณะเฉพาะของบุคคล  (profile)  ซึ่งโดยทั่วไปจะมี 
การเก็บรวบรวม  ใช้  หรือเปิดเผยข้อมูลส่วนบุคคลอย่างเป็นระบบ  (systematic)  และเกิดขึ้นเป็นประจ า 
หรือเป็นปกติธุระ  (regular)  ให้ถือว่าการด าเนินกิจกรรมนั้นมีความจ าเป็นต้องตรวจสอบข้อมูลส่วนบุคคล 
หรือระบบอย่างสม่ าเสมอ 
การเก็บรวบรวม  ใช้  หรือเปิดเผยข้อมูลส่วนบุคคลในกรณีดังต่อไปนี้  ให้ถือเป็นกรณี 
ที่มีความจ าเป็นต้องตรวจสอบข้อมูลส่วนบุคคลหรือระบบอย่างสม่ าเสมอตามวรรคหนึ่งด้วย 
(๑) การเก็บรวบรวม  ใช้  หรือเปิดเผยข้อมูลส่วนบุคคลเกี่ยวกับการใช้งานของผู้ถือบัตรสมาชิก   
บัตรโดยสารสาธารณะ  บัตรอิเล็กทรอนิกส์  หรือบัตรอื่นใดในลักษณะเดียวกันซึ่งผู้ให้บริการบัตรหรือบุคคลอื่นใด 
สามารถตรวจสอบรายละเอียดข้อมูลการใช้งานบัตรได้ 
(๒) การเก็บรวบรวม  ใช้  หรือเปิดเผยข้อมูลส่วนบุคคลของลูกค้าหรือผู้รับบริการซึ่งเกิดขึ้น 
เป็นประจ าหรือเป็นปกติธุระ  ที่มีการตรวจสอบสถานะ  ประวัติ  หรือคุณสมบัติของลูกค้าหรือผู้รับบริการ
ก่อนเข้าท าสัญญาหรือให้บริการในลักษณะเดียวกันเพื่อประเมินความเสี่ยงด้านต่าง ๆ  ที่เกี่ยวข้อง   
เช่น  การให้คะแนนเครดิต  (credit  scoring)  การพิจารณาเบี้ยประกัน  การป้องกันการโกงหรือฉ้อฉล   
(fraud  prevention)  ทั้งนี้  ไม่รวมถึงการด าเนินการกับข้อมูลของบริษัทข้อมูลเครดิตและสมาชิก 
ตามกฎหมายว่าด้วยการประกอบธุรกิจข้อมูลเครดิต 
้หนา   ๑๓
่เลม   ๑๔๐   ตอนพิเศษ   ๒๒๖    ง
ราชกิจจานุเบกษา
๑๔   กันยายน   ๒๕๖๖","This section establishes regular examination of personal data or systems for systematic, regular monitoring activities. Maps to P7-I2 because it establishes a cyber-risk monitoring and system-security function.",https://ratchakitcha.soc.go.th/documents/140D226S0000000001200.pdf,0.84,"Discovery: master dataset already records s. 5 of this law. Modality: deemed necessary to (ให้ถือว่า...มีความจ าเป็นต้อง); exceptions: For the customer-data risk-assessment example, processing by credit-information companies and their members under the credit-information business law is excluded.",Horizontal,,in_force
Thailand,PDPC DPO Notification B.E. 2566,,,P7-I2,s. 5(6),KNOWN,page 2,"ข้อ ๕ การด าเนินกิจกรรมของผู้ควบคุมข้อมูลส่วนบุคคลและผู้ประมวลผลข้อมูลส่วนบุคคล   
ซึ่งเป็นส่วนหนึ่งของกิจกรรมหลัก  (core  activities)  ที่มีการติดตาม  (track)  เฝ้าสังเกต  (monitor)  
วิเคราะห์  หรือท านายพฤติกรรม  ทัศนคติ  หรือลักษณะเฉพาะของบุคคล  (profile)  ซึ่งโดยทั่วไปจะมี 
การเก็บรวบรวม  ใช้  หรือเปิดเผยข้อมูลส่วนบุคคลอย่างเป็นระบบ  (systematic)  และเกิดขึ้นเป็นประจ า 
หรือเป็นปกติธุระ  (regular)  ให้ถือว่าการด าเนินกิจกรรมนั้นมีความจ าเป็นต้องตรวจสอบข้อมูลส่วนบุคคล 
หรือระบบอย่างสม่ าเสมอ 
การเก็บรวบรวม  ใช้  หรือเปิดเผยข้อมูลส่วนบุคคลในกรณีดังต่อไปนี้  ให้ถือเป็นกรณี 
ที่มีความจ าเป็นต้องตรวจสอบข้อมูลส่วนบุคคลหรือระบบอย่างสม่ าเสมอตามวรรคหนึ่งด้วย 
(๑) การเก็บรวบรวม  ใช้  หรือเปิดเผยข้อมูลส่วนบุคคลเกี่ยวกับการใช้งานของผู้ถือบัตรสมาชิก   
บัตรโดยสารสาธารณะ  บัตรอิเล็กทรอนิกส์  หรือบัตรอื่นใดในลักษณะเดียวกันซึ่งผู้ให้บริการบัตรหรือบุคคลอื่นใด 
สามารถตรวจสอบรายละเอียดข้อมูลการใช้งานบัตรได้ 
(๒) การเก็บรวบรวม  ใช้  หรือเปิดเผยข้อมูลส่วนบุคคลของลูกค้าหรือผู้รับบริการซึ่งเกิดขึ้น 
เป็นประจ าหรือเป็นปกติธุระ  ที่มีการตรวจสอบสถานะ  ประวัติ  หรือคุณสมบัติของลูกค้าหรือผู้รับบริการ
ก่อนเข้าท าสัญญาหรือให้บริการในลักษณะเดียวกันเพื่อประเมินความเสี่ยงด้านต่าง ๆ  ที่เกี่ยวข้อง   
เช่น  การให้คะแนนเครดิต  (credit  scoring)  การพิจารณาเบี้ยประกัน  การป้องกันการโกงหรือฉ้อฉล   
(fraud  prevention)  ทั้งนี้  ไม่รวมถึงการด าเนินการกับข้อมูลของบริษัทข้อมูลเครดิตและสมาชิก 
ตามกฎหมายว่าด้วยการประกอบธุรกิจข้อมูลเครดิต 
้หนา   ๑๓
่เลม   ๑๔๐   ตอนพิเศษ   ๒๒๖    ง
ราชกิจจานุเบกษา
๑๔   กันยายน   ๒๕๖๖",This section establishes regular inspection requirements for controllers/processors conducting specified core activities. Maps to P7-I2 because it evidences a horizontal system-security control framework and its operative monitoring function.,https://ratchakitcha.soc.go.th/documents/140D226S0000000001200.pdf,0.96,"Discovery: master dataset already records s. 5 of this law. Modality: ให้ถือว่า (shall be treated as); exceptions: The credit-scoring, insurance-premium, and fraud-prevention example excludes processing by credit information companies and their members under the law governing credit information business.",Horizontal,,in_force
Thailand,PDPC State-Agency DPO Notification B.E. 2566,,,P7-I2,s. 5.3,KNOWN,page 2,"๕.๓ กรมส่งเสริมและพัฒนาคุณภาพชีวิตคนพิการ 
   
๖. กระทรวงเกษตรและสหกรณ์",ESCAP master-known anchor retained after mapper abstention; pending named legal review and deterministic legal-fit gates.,https://ratchakitcha.soc.go.th/documents/140D174S0000000006400.pdf,0.5,Discovery: master dataset already records s. 5.3 of this law. Modality: n/a; exceptions: none,Sectoral (State agencies),,in_force
Thailand,PDPC s.28 Cross-Border Notification B.E. 2566 (Royal Gazette),,,P7-I2,s. 5,KNOWN,page 3,"มาตรา ๕ 
พระราชบัญญัตินี้ให้ใช้บังคับแก่การเก็บรวบรวม  ใช้  หรือเปิดเผยข้อมูล 
ส่วนบุคคลโดยผู้ควบคุมข้อมูลส่วนบุคคลหรือผู้ประมวลผลข้อมูลส่วนบุคคลซึ่งอยู่ในราชอาณาจักร  ไม่ว่า
การเก็บรวบรวม  ใช้  หรือเปิดเผยนั้น  ได้กระท าในหรือนอกราชอาณาจักรก็ตาม 
ในกรณีที่ผู้ควบคุมข้อมูลส่วนบุคคลหรือผู้ประมวลผลข้อมูลส่วนบุคคลอยู่นอกราชอาณาจักร  
พระราชบัญญัตินี้ให้ใช้บังคับแก่การเก็บรวบรวม  ใช้  หรือเปิดเผยข้อมูลส่วนบุคคลของเจ้าของข้อมูล 
ส่วนบุคคลซึ่งอยู่ในราชอาณาจักรโดยการด าเนินกิจกรรมของผู้ควบคุมข้อมูลส่วนบุคคลหรือผู้ประมวลผล
ข้อมูลส่วนบุคคลดังกล่าว  เมื่อเป็นกิจกรรม  ดังต่อไปนี้ 
(๑) การเสนอสินค้าหรือบริการให้แก่เจ้าของข้อมูลส่วนบุคคลซึ่งอยู่ในราชอาณาจักร  ไม่ว่า 
จะมีการช าระเงินของเจ้าของข้อมูลส่วนบุคคลหรือไม่ก็ตาม 
(๒) การเฝ้าติดตามพฤติกรรมของเจ้าของข้อมูลส่วนบุคคลที่เกิดขึ้นในราชอาณาจักร",This section establishes the territorial applicability of personal-data processing obligations. Maps to P7-I2 because it evidences the horizontal framework's scope provision.,https://ratchakitcha.soc.go.th/documents/17082307.pdf,0.97,Discovery: master dataset already records s. 5 of this law. Modality: ให้ใช้บังคับ (applies/shall apply); exceptions: none,Horizontal,,in_force
Thailand,PDPC s.28 Cross-Border Notification B.E. 2566 (Royal Gazette),,,P7-I2,s. 5(1),KNOWN,page 3,"มาตรา ๕ 
พระราชบัญญัตินี้ให้ใช้บังคับแก่การเก็บรวบรวม  ใช้  หรือเปิดเผยข้อมูล 
ส่วนบุคคลโดยผู้ควบคุมข้อมูลส่วนบุคคลหรือผู้ประมวลผลข้อมูลส่วนบุคคลซึ่งอยู่ในราชอาณาจักร  ไม่ว่า
การเก็บรวบรวม  ใช้  หรือเปิดเผยนั้น  ได้กระท าในหรือนอกราชอาณาจักรก็ตาม 
ในกรณีที่ผู้ควบคุมข้อมูลส่วนบุคคลหรือผู้ประมวลผลข้อมูลส่วนบุคคลอยู่นอกราชอาณาจักร  
พระราชบัญญัตินี้ให้ใช้บังคับแก่การเก็บรวบรวม  ใช้  หรือเปิดเผยข้อมูลส่วนบุคคลของเจ้าของข้อมูล 
ส่วนบุคคลซึ่งอยู่ในราชอาณาจักรโดยการด าเนินกิจกรรมของผู้ควบคุมข้อมูลส่วนบุคคลหรือผู้ประมวลผล
ข้อมูลส่วนบุคคลดังกล่าว  เมื่อเป็นกิจกรรม  ดังต่อไปนี้ 
(๑) การเสนอสินค้าหรือบริการให้แก่เจ้าของข้อมูลส่วนบุคคลซึ่งอยู่ในราชอาณาจักร  ไม่ว่า 
จะมีการช าระเงินของเจ้าของข้อมูลส่วนบุคคลหรือไม่ก็ตาม 
(๒) การเฝ้าติดตามพฤติกรรมของเจ้าของข้อมูลส่วนบุคคลที่เกิดขึ้นในราชอาณาจักร","This section establishes the PDPA’s scope for personal-data processing. Maps to P7-I2 because it evidences a non-dedicated framework, not a dedicated horizontal cybersecurity framework.",https://ratchakitcha.soc.go.th/documents/17082307.pdf,0.98,Discovery: master dataset already records s. 5 of this law. Modality: ให้ใช้บังคับ; exceptions: none,Horizontal,,in_force
Thailand,PDPC s.28 Cross-Border Notification B.E. 2566 (Royal Gazette),,,P7-I2,s. 5(2),KNOWN,page 3,"มาตรา ๕ 
พระราชบัญญัตินี้ให้ใช้บังคับแก่การเก็บรวบรวม  ใช้  หรือเปิดเผยข้อมูล 
ส่วนบุคคลโดยผู้ควบคุมข้อมูลส่วนบุคคลหรือผู้ประมวลผลข้อมูลส่วนบุคคลซึ่งอยู่ในราชอาณาจักร  ไม่ว่า
การเก็บรวบรวม  ใช้  หรือเปิดเผยนั้น  ได้กระท าในหรือนอกราชอาณาจักรก็ตาม 
ในกรณีที่ผู้ควบคุมข้อมูลส่วนบุคคลหรือผู้ประมวลผลข้อมูลส่วนบุคคลอยู่นอกราชอาณาจักร  
พระราชบัญญัตินี้ให้ใช้บังคับแก่การเก็บรวบรวม  ใช้  หรือเปิดเผยข้อมูลส่วนบุคคลของเจ้าของข้อมูล 
ส่วนบุคคลซึ่งอยู่ในราชอาณาจักรโดยการด าเนินกิจกรรมของผู้ควบคุมข้อมูลส่วนบุคคลหรือผู้ประมวลผล
ข้อมูลส่วนบุคคลดังกล่าว  เมื่อเป็นกิจกรรม  ดังต่อไปนี้ 
(๑) การเสนอสินค้าหรือบริการให้แก่เจ้าของข้อมูลส่วนบุคคลซึ่งอยู่ในราชอาณาจักร  ไม่ว่า 
จะมีการช าระเงินของเจ้าของข้อมูลส่วนบุคคลหรือไม่ก็ตาม 
(๒) การเฝ้าติดตามพฤติกรรมของเจ้าของข้อมูลส่วนบุคคลที่เกิดขึ้นในราชอาณาจักร","This section establishes the territorial scope of personal-data collection, use and disclosure. Maps to P7-I2 because it evidences a horizontal non-dedicated framework, not a dedicated cybersecurity framework.",https://ratchakitcha.soc.go.th/documents/17082307.pdf,0.98,Discovery: master dataset already records s. 5 of this law. Modality: ให้ใช้บังคับแก่; exceptions: กรณีผู้ควบคุมข้อมูลส่วนบุคคลหรือผู้ประมวลผลข้อมูลส่วนบุคคลอยู่นอกราชอาณาจักร: ใช้บังคับเฉพาะกิจกรรมเสนอสินค้าหรือบริการแก่เจ้าของข้อมูลในราชอาณาจักร หรือเฝ้าติดตามพฤติกรรมที่เกิดขึ้นในราชอาณาจักร,Horizontal,,in_force
Thailand,PDPC DPO Notification B.E. 2566,,,P7-I2,s. 6,KNOWN,page 3,"ข้อ ๖ การด าเนินกิจกรรมของผู้ควบคุมข้อมูลส่วนบุคคลและผู้ประมวลผลข้อมูลส่วนบุคคล   
ซึ่งเป็นส่วนหนึ่งของกิจกรรมหลัก  (core  activities)  ที่มีข้อมูลส่วนบุคคลเป็นจ านวนมาก  (on  a  large  scale)   
ให้พิจารณาจากปัจจัย  ดังต่อไปนี้ 
(๑) จ านวนเจ้าของข้อมูลส่วนบุคคลที่เกี่ยวข้อง  หรือสัดส่วนของจ านวนเจ้าของข้อมูลส่วนบุคคล 
ที่มีการเก็บรวบรวม  ใช้  หรือเปิดเผย  เมื่อเทียบกับจ านวนเจ้าของข้อมูลส่วนบุคคลทั้งหมดที่อาจเป็นไปได้ 
(๒) ปริมาณ  ประเภท  หรือลักษณะของข้อมูลส่วนบุคคลที่มีการเก็บรวบรวม  ใช้  หรือเปิดเผย 
(๓) ระยะเวลา  (duration)  หรือความคงอยู่  (permanence)  ของการเก็บรวบรวม  ใช้   
หรือเปิดเผยข้อมูลส่วนบุคคลเพื่อประโยชน์ในการด าเนินกิจกรรมหลัก  (core  activities)  ของผู้ควบคุม 
ข้อมูลส่วนบุคคลหรือผู้ประมวลผลข้อมูลส่วนบุคคล 
(๔) ขอบเขตการใช้ข้อมูลส่วนบุคคลขององค์กร  หรือตามขนาดพื้นที่หรือจ านวนประเทศ 
ที่เกี่ยวข้องกับการเก็บรวบรวม  ใช้  หรือเปิดเผยข้อมูลส่วนบุคคล 
การเก็บรวบรวม  ใช้  หรือเปิดเผยข้อมูลส่วนบุคคลในกรณีดังต่อไปนี้  ให้ถือเป็นกรณีที่มีข้อมูล
ส่วนบุคคลเป็นจ านวนมาก  (on  a  large  scale)  ตามวรรคหนึ่งด้วย 
(๑) การเก็บรวบรวม  ใช้  หรือเปิดเผยข้อมูลส่วนบุคคล  ซึ่งเป็นส่วนหนึ่งของกิจกรรมหลัก   
(core  activities)  โดยมีจ านวนเจ้าของข้อมูลส่วนบุคคลที่มีการเก็บรวบรวม  ใช้  หรือเปิดเผยข้อมูล 
ส่วนบุคคล  ตั้งแต่  ๑๐๐,๐๐๐  รายขึ้นไป 
(๒) การเก็บรวบรวม  ใช้  หรือเปิดเผยข้อมูลส่วนบุคคลเพื่อวัตถุประสงค์ด้านการโฆษณา 
ตามพฤติกรรม  (behavioral  advertising)  ผ่านโปรแกรมค้นหา  (search  engine)  หรือสื่อสังคมออนไลน์   
(social  media)  ที่มีผู้ใช้งานอย่างกว้างขวาง 
(๓) การเก็บรวบรวม  ใช้  หรือเปิดเผยข้อมูลส่วนบุคคลของลูกค้าหรือผู้รับบริการ 
ตามการด าเนินงานปกติโดยบริษัทตามกฎหมายว่าด้วยประกันชีวิต  บริษัทตามกฎหมายว่าด้วยประกันวินาศภัย   
ผู้ประกอบธุรกิจสถาบันการเงินตามกฎหมายว่าด้วยธุรกิจสถาบันการเงิน  ทั้งนี้  ไม่รวมถึงการด าเนินการกับข้อมูล 
ของบริษัทข้อมูลเครดิตและสมาชิกตามกฎหมายว่าด้วยการประกอบธุรกิจข้อมูลเครดิต 
(๔) การเก็บรวบรวม  ใช้  หรือเปิดเผยข้อมูลส่วนบุคคลของลูกค้าหรือผู้รับบริการโดยผู้รับใบอนุญาต 
ประกอบกิจการโทรคมนาคมแบบที่สามตามกฎหมายว่าด้วยการประกอบกิจการโทรคมนาคม 
้หนา   ๑๔
่เลม   ๑๔๐   ตอนพิเศษ   ๒๒๖    ง
ราชกิจจานุเบกษา
๑๔   กันยายน   ๒๕๖๖","This section establishes criteria controllers and processors must consider to determine large-scale personal-data processing. Maps to P7-I2 because it evidences a non-dedicated, horizontal legal governance framework rather than a dedicated cybersecurity act.",https://ratchakitcha.soc.go.th/documents/140D226S0000000001200.pdf,0.78,Discovery: master dataset already records s. 6 of this law. Modality: ให้พิจารณา (shall consider); exceptions: The financial-sector example excludes operations involving credit-information companies and their members under the credit-information business law.,Horizontal,,in_force
Thailand,PDPC DPO Notification B.E. 2566,,,P7-I2,s. 6(1),KNOWN,page 3,"ข้อ ๖ การด าเนินกิจกรรมของผู้ควบคุมข้อมูลส่วนบุคคลและผู้ประมวลผลข้อมูลส่วนบุคคล   
ซึ่งเป็นส่วนหนึ่งของกิจกรรมหลัก  (core  activities)  ที่มีข้อมูลส่วนบุคคลเป็นจ านวนมาก  (on  a  large  scale)   
ให้พิจารณาจากปัจจัย  ดังต่อไปนี้ 
(๑) จ านวนเจ้าของข้อมูลส่วนบุคคลที่เกี่ยวข้อง  หรือสัดส่วนของจ านวนเจ้าของข้อมูลส่วนบุคคล 
ที่มีการเก็บรวบรวม  ใช้  หรือเปิดเผย  เมื่อเทียบกับจ านวนเจ้าของข้อมูลส่วนบุคคลทั้งหมดที่อาจเป็นไปได้ 
(๒) ปริมาณ  ประเภท  หรือลักษณะของข้อมูลส่วนบุคคลที่มีการเก็บรวบรวม  ใช้  หรือเปิดเผย 
(๓) ระยะเวลา  (duration)  หรือความคงอยู่  (permanence)  ของการเก็บรวบรวม  ใช้   
หรือเปิดเผยข้อมูลส่วนบุคคลเพื่อประโยชน์ในการด าเนินกิจกรรมหลัก  (core  activities)  ของผู้ควบคุม 
ข้อมูลส่วนบุคคลหรือผู้ประมวลผลข้อมูลส่วนบุคคล 
(๔) ขอบเขตการใช้ข้อมูลส่วนบุคคลขององค์กร  หรือตามขนาดพื้นที่หรือจ านวนประเทศ 
ที่เกี่ยวข้องกับการเก็บรวบรวม  ใช้  หรือเปิดเผยข้อมูลส่วนบุคคล 
การเก็บรวบรวม  ใช้  หรือเปิดเผยข้อมูลส่วนบุคคลในกรณีดังต่อไปนี้  ให้ถือเป็นกรณีที่มีข้อมูล
ส่วนบุคคลเป็นจ านวนมาก  (on  a  large  scale)  ตามวรรคหนึ่งด้วย 
(๑) การเก็บรวบรวม  ใช้  หรือเปิดเผยข้อมูลส่วนบุคคล  ซึ่งเป็นส่วนหนึ่งของกิจกรรมหลัก   
(core  activities)  โดยมีจ านวนเจ้าของข้อมูลส่วนบุคคลที่มีการเก็บรวบรวม  ใช้  หรือเปิดเผยข้อมูล 
ส่วนบุคคล  ตั้งแต่  ๑๐๐,๐๐๐  รายขึ้นไป 
(๒) การเก็บรวบรวม  ใช้  หรือเปิดเผยข้อมูลส่วนบุคคลเพื่อวัตถุประสงค์ด้านการโฆษณา 
ตามพฤติกรรม  (behavioral  advertising)  ผ่านโปรแกรมค้นหา  (search  engine)  หรือสื่อสังคมออนไลน์   
(social  media)  ที่มีผู้ใช้งานอย่างกว้างขวาง 
(๓) การเก็บรวบรวม  ใช้  หรือเปิดเผยข้อมูลส่วนบุคคลของลูกค้าหรือผู้รับบริการ 
ตามการด าเนินงานปกติโดยบริษัทตามกฎหมายว่าด้วยประกันชีวิต  บริษัทตามกฎหมายว่าด้วยประกันวินาศภัย   
ผู้ประกอบธุรกิจสถาบันการเงินตามกฎหมายว่าด้วยธุรกิจสถาบันการเงิน  ทั้งนี้  ไม่รวมถึงการด าเนินการกับข้อมูล 
ของบริษัทข้อมูลเครดิตและสมาชิกตามกฎหมายว่าด้วยการประกอบธุรกิจข้อมูลเครดิต 
(๔) การเก็บรวบรวม  ใช้  หรือเปิดเผยข้อมูลส่วนบุคคลของลูกค้าหรือผู้รับบริการโดยผู้รับใบอนุญาต 
ประกอบกิจการโทรคมนาคมแบบที่สามตามกฎหมายว่าด้วยการประกอบกิจการโทรคมนาคม 
้หนา   ๑๔
่เลม   ๑๔๐   ตอนพิเศษ   ๒๒๖    ง
ราชกิจจานุเบกษา
๑๔   กันยายน   ๒๕๖๖",This section requires controllers and processors conducting core activities involving large-scale personal data to consider specified factors. Maps to P7-I2 because it evidences a non-dedicated privacy framework rather than a dedicated cybersecurity framework.,https://ratchakitcha.soc.go.th/documents/140D226S0000000001200.pdf,0.99,Discovery: master dataset already records s. 6 of this law. Modality: Must/shall; exceptions: none,Horizontal,,in_force
Thailand,PDPC DPO Notification B.E. 2566,,,P7-I2,s. 6(2),KNOWN,page 3,"(๑) จ านวนเจ้าของข้อมูลส่วนบุคคลที่เกี่ยวข้อง  หรือสัดส่วนของจ านวนเจ้าของข้อมูลส่วนบุคคล 
ที่มีการเก็บรวบรวม  ใช้  หรือเปิดเผย  เมื่อเทียบกับจ านวนเจ้าของข้อมูลส่วนบุคคลทั้งหมดที่อาจเป็นไปได้ 
(๒) ปริมาณ  ประเภท  หรือลักษณะของข้อมูลส่วนบุคคลที่มีการเก็บรวบรวม  ใช้  หรือเปิดเผย 
(๓) ระยะเวลา  (duration)  หรือความคงอยู่  (permanence)  ของการเก็บรวบรวม  ใช้   
หรือเปิดเผยข้อมูลส่วนบุคคลเพื่อประโยชน์ในการด าเนินกิจกรรมหลัก  (core  activities)  ของผู้ควบคุม 
ข้อมูลส่วนบุคคลหรือผู้ประมวลผลข้อมูลส่วนบุคคล 
(๔) ขอบเขตการใช้ข้อมูลส่วนบุคคลขององค์กร  หรือตามขนาดพื้นที่หรือจ านวนประเทศ 
ที่เกี่ยวข้องกับการเก็บรวบรวม  ใช้  หรือเปิดเผยข้อมูลส่วนบุคคล 
การเก็บรวบรวม  ใช้  หรือเปิดเผยข้อมูลส่วนบุคคลในกรณีดังต่อไปนี้  ให้ถือเป็นกรณีที่มีข้อมูล
ส่วนบุคคลเป็นจ านวนมาก  (on  a  large  scale)  ตามวรรคหนึ่งด้วย 
(๑) การเก็บรวบรวม  ใช้  หรือเปิดเผยข้อมูลส่วนบุคคล  ซึ่งเป็นส่วนหนึ่งของกิจกรรมหลัก   
(core  activities)  โดยมีจ านวนเจ้าของข้อมูลส่วนบุคคลที่มีการเก็บรวบรวม  ใช้  หรือเปิดเผยข้อมูล 
ส่วนบุคคล  ตั้งแต่  ๑๐๐,๐๐๐  รายขึ้นไป 
(๒) การเก็บรวบรวม  ใช้  หรือเปิดเผยข้อมูลส่วนบุคคลเพื่อวัตถุประสงค์ด้านการโฆษณา 
ตามพฤติกรรม  (behavioral  advertising)  ผ่านโปรแกรมค้นหา  (search  engine)  หรือสื่อสังคมออนไลน์   
(social  media)  ที่มีผู้ใช้งานอย่างกว้างขวาง 
(๓) การเก็บรวบรวม  ใช้  หรือเปิดเผยข้อมูลส่วนบุคคลของลูกค้าหรือผู้รับบริการ 
ตามการด าเนินงานปกติโดยบริษัทตามกฎหมายว่าด้วยประกันชีวิต  บริษัทตามกฎหมายว่าด้วยประกันวินาศภัย   
ผู้ประกอบธุรกิจสถาบันการเงินตามกฎหมายว่าด้วยธุรกิจสถาบันการเงิน  ทั้งนี้  ไม่รวมถึงการด าเนินการกับข้อมูล 
ของบริษัทข้อมูลเครดิตและสมาชิกตามกฎหมายว่าด้วยการประกอบธุรกิจข้อมูลเครดิต 
(๔) การเก็บรวบรวม  ใช้  หรือเปิดเผยข้อมูลส่วนบุคคลของลูกค้าหรือผู้รับบริการโดยผู้รับใบอนุญาต 
ประกอบกิจการโทรคมนาคมแบบที่สามตามกฎหมายว่าด้วยการประกอบกิจการโทรคมนาคม 
้หนา   ๑๔
่เลม   ๑๔๐   ตอนพิเศษ   ๒๒๖    ง
ราชกิจจานุเบกษา
๑๔   กันยายน   ๒๕๖๖",ESCAP master-known anchor retained after mapper abstention; pending named legal review and deterministic legal-fit gates.,https://ratchakitcha.soc.go.th/documents/140D226S0000000001200.pdf,0.5,Discovery: master dataset already records s. 6 of this law. Modality: ให้พิจารณา; exceptions: ไม่รวมถึงการดำเนินการกับข้อมูลของบริษัทข้อมูลเครดิตและสมาชิกตามกฎหมายว่าด้วยการประกอบธุรกิจข้อมูลเครดิต ในกรณีตามข้อ (๓) ของวรรคสอง,Sectoral (Personal-data protection),,in_force
Thailand,PDPC DPO Notification B.E. 2566,,,P7-I2,s. 6(3),KNOWN,page 3,"(๒) ปริมาณ  ประเภท  หรือลักษณะของข้อมูลส่วนบุคคลที่มีการเก็บรวบรวม  ใช้  หรือเปิดเผย 
(๓) ระยะเวลา  (duration)  หรือความคงอยู่  (permanence)  ของการเก็บรวบรวม  ใช้   
หรือเปิดเผยข้อมูลส่วนบุคคลเพื่อประโยชน์ในการด าเนินกิจกรรมหลัก  (core  activities)  ของผู้ควบคุม 
ข้อมูลส่วนบุคคลหรือผู้ประมวลผลข้อมูลส่วนบุคคล 
(๔) ขอบเขตการใช้ข้อมูลส่วนบุคคลขององค์กร  หรือตามขนาดพื้นที่หรือจ านวนประเทศ 
ที่เกี่ยวข้องกับการเก็บรวบรวม  ใช้  หรือเปิดเผยข้อมูลส่วนบุคคล 
การเก็บรวบรวม  ใช้  หรือเปิดเผยข้อมูลส่วนบุคคลในกรณีดังต่อไปนี้  ให้ถือเป็นกรณีที่มีข้อมูล
ส่วนบุคคลเป็นจ านวนมาก  (on  a  large  scale)  ตามวรรคหนึ่งด้วย 
(๑) การเก็บรวบรวม  ใช้  หรือเปิดเผยข้อมูลส่วนบุคคล  ซึ่งเป็นส่วนหนึ่งของกิจกรรมหลัก   
(core  activities)  โดยมีจ านวนเจ้าของข้อมูลส่วนบุคคลที่มีการเก็บรวบรวม  ใช้  หรือเปิดเผยข้อมูล 
ส่วนบุคคล  ตั้งแต่  ๑๐๐,๐๐๐  รายขึ้นไป 
(๒) การเก็บรวบรวม  ใช้  หรือเปิดเผยข้อมูลส่วนบุคคลเพื่อวัตถุประสงค์ด้านการโฆษณา 
ตามพฤติกรรม  (behavioral  advertising)  ผ่านโปรแกรมค้นหา  (search  engine)  หรือสื่อสังคมออนไลน์   
(social  media)  ที่มีผู้ใช้งานอย่างกว้างขวาง 
(๓) การเก็บรวบรวม  ใช้  หรือเปิดเผยข้อมูลส่วนบุคคลของลูกค้าหรือผู้รับบริการ 
ตามการด าเนินงานปกติโดยบริษัทตามกฎหมายว่าด้วยประกันชีวิต  บริษัทตามกฎหมายว่าด้วยประกันวินาศภัย   
ผู้ประกอบธุรกิจสถาบันการเงินตามกฎหมายว่าด้วยธุรกิจสถาบันการเงิน  ทั้งนี้  ไม่รวมถึงการด าเนินการกับข้อมูล 
ของบริษัทข้อมูลเครดิตและสมาชิกตามกฎหมายว่าด้วยการประกอบธุรกิจข้อมูลเครดิต 
(๔) การเก็บรวบรวม  ใช้  หรือเปิดเผยข้อมูลส่วนบุคคลของลูกค้าหรือผู้รับบริการโดยผู้รับใบอนุญาต 
ประกอบกิจการโทรคมนาคมแบบที่สามตามกฎหมายว่าด้วยการประกอบกิจการโทรคมนาคม 
้หนา   ๑๔
่เลม   ๑๔๐   ตอนพิเศษ   ๒๒๖    ง
ราชกิจจานุเบกษา
๑๔   กันยายน   ๒๕๖๖",ESCAP master-known anchor retained after mapper abstention; pending named legal review and deterministic legal-fit gates.,https://ratchakitcha.soc.go.th/documents/140D226S0000000001200.pdf,0.5,"Discovery: master dataset already records s. 6 of this law. Modality: Must consider; exceptions: For specified insurance and financial-institution customer processing, operations involving credit-information companies and their members are excluded.; Other cases qualify only as determined by the Personal Data Protection Committee.",Horizontal,,in_force
Thailand,PDPC DPO Notification B.E. 2566,,,P7-I2,s. 6(4),KNOWN,page 3,"ข้อ ๖ การด าเนินกิจกรรมของผู้ควบคุมข้อมูลส่วนบุคคลและผู้ประมวลผลข้อมูลส่วนบุคคล   
ซึ่งเป็นส่วนหนึ่งของกิจกรรมหลัก  (core  activities)  ที่มีข้อมูลส่วนบุคคลเป็นจ านวนมาก  (on  a  large  scale)   
ให้พิจารณาจากปัจจัย  ดังต่อไปนี้ 
(๑) จ านวนเจ้าของข้อมูลส่วนบุคคลที่เกี่ยวข้อง  หรือสัดส่วนของจ านวนเจ้าของข้อมูลส่วนบุคคล 
ที่มีการเก็บรวบรวม  ใช้  หรือเปิดเผย  เมื่อเทียบกับจ านวนเจ้าของข้อมูลส่วนบุคคลทั้งหมดที่อาจเป็นไปได้ 
(๒) ปริมาณ  ประเภท  หรือลักษณะของข้อมูลส่วนบุคคลที่มีการเก็บรวบรวม  ใช้  หรือเปิดเผย 
(๓) ระยะเวลา  (duration)  หรือความคงอยู่  (permanence)  ของการเก็บรวบรวม  ใช้   
หรือเปิดเผยข้อมูลส่วนบุคคลเพื่อประโยชน์ในการด าเนินกิจกรรมหลัก  (core  activities)  ของผู้ควบคุม 
ข้อมูลส่วนบุคคลหรือผู้ประมวลผลข้อมูลส่วนบุคคล 
(๔) ขอบเขตการใช้ข้อมูลส่วนบุคคลขององค์กร  หรือตามขนาดพื้นที่หรือจ านวนประเทศ 
ที่เกี่ยวข้องกับการเก็บรวบรวม  ใช้  หรือเปิดเผยข้อมูลส่วนบุคคล 
การเก็บรวบรวม  ใช้  หรือเปิดเผยข้อมูลส่วนบุคคลในกรณีดังต่อไปนี้  ให้ถือเป็นกรณีที่มีข้อมูล
ส่วนบุคคลเป็นจ านวนมาก  (on  a  large  scale)  ตามวรรคหนึ่งด้วย 
(๑) การเก็บรวบรวม  ใช้  หรือเปิดเผยข้อมูลส่วนบุคคล  ซึ่งเป็นส่วนหนึ่งของกิจกรรมหลัก   
(core  activities)  โดยมีจ านวนเจ้าของข้อมูลส่วนบุคคลที่มีการเก็บรวบรวม  ใช้  หรือเปิดเผยข้อมูล 
ส่วนบุคคล  ตั้งแต่  ๑๐๐,๐๐๐  รายขึ้นไป 
(๒) การเก็บรวบรวม  ใช้  หรือเปิดเผยข้อมูลส่วนบุคคลเพื่อวัตถุประสงค์ด้านการโฆษณา 
ตามพฤติกรรม  (behavioral  advertising)  ผ่านโปรแกรมค้นหา  (search  engine)  หรือสื่อสังคมออนไลน์   
(social  media)  ที่มีผู้ใช้งานอย่างกว้างขวาง 
(๓) การเก็บรวบรวม  ใช้  หรือเปิดเผยข้อมูลส่วนบุคคลของลูกค้าหรือผู้รับบริการ 
ตามการด าเนินงานปกติโดยบริษัทตามกฎหมายว่าด้วยประกันชีวิต  บริษัทตามกฎหมายว่าด้วยประกันวินาศภัย   
ผู้ประกอบธุรกิจสถาบันการเงินตามกฎหมายว่าด้วยธุรกิจสถาบันการเงิน  ทั้งนี้  ไม่รวมถึงการด าเนินการกับข้อมูล 
ของบริษัทข้อมูลเครดิตและสมาชิกตามกฎหมายว่าด้วยการประกอบธุรกิจข้อมูลเครดิต 
(๔) การเก็บรวบรวม  ใช้  หรือเปิดเผยข้อมูลส่วนบุคคลของลูกค้าหรือผู้รับบริการโดยผู้รับใบอนุญาต 
ประกอบกิจการโทรคมนาคมแบบที่สามตามกฎหมายว่าด้วยการประกอบกิจการโทรคมนาคม 
้หนา   ๑๔
่เลม   ๑๔๐   ตอนพิเศษ   ๒๒๖    ง
ราชกิจจานุเบกษา
๑๔   กันยายน   ๒๕๖๖",This section requires controllers and processors to consider factors for large-scale core processing. Maps to P7-I2 because its legal function is a horizontal framework criterion evidencing data-governance risk assessment.,https://ratchakitcha.soc.go.th/documents/140D226S0000000001200.pdf,0.96,Discovery: master dataset already records s. 6 of this law. Modality: Must/shall (ให้พิจารณา); exceptions: none,Horizontal,,in_force
Thailand,PDPC DPO Notification B.E. 2566,,,P7-I2,s. 6(5),KNOWN,page 3,(๕) กรณีอื่นตามที่คณะกรรมการคุ้มครองข้อมูลส่วนบุคคลก าหนด,ESCAP master-known anchor retained after mapper abstention; pending named legal review and deterministic legal-fit gates.,https://ratchakitcha.soc.go.th/documents/140D226S0000000001200.pdf,0.5,Discovery: master dataset already records s. 6 of this law. Modality: Must; exceptions: The specified insurance and financial-institution category excludes processing by credit-information companies and their members.,Horizontal,,in_force
Thailand,PDPC State-Agency DPO Notification B.E. 2566,,,P7-I2,s. 6.2,KNOWN,page 2,"๖.๒ สํานักงานการปฏิรูปที่ดินเพื่อเกษตรกรรม 
   
๗. กระทรวงคมนาคม",This section establishes the listed state agencies as covered entities. Maps to P7-I2 because its legal function is to evidence the framework’s institutional scope.,https://ratchakitcha.soc.go.th/documents/140D174S0000000006400.pdf,0.9,Discovery: master dataset already records s. 6.2 of this law. Modality: Not stated; exceptions: none,Sectoral (State agencies),,in_force
Thailand,PDPC s.28 Cross-Border Notification B.E. 2566 (Royal Gazette),,,P7-I2,s. 6,KNOWN,page 3,"มาตรา ๖ 
ในพระราชบัญญัตินี้  
“ข้อมูลส่วนบุคคล”  หมายความว่า  ข้อมูลเกี่ยวกับบุคคลซึ่งท าให้สามารถระบุตัวบุคคลนั้นได้
ไม่ว่าทางตรงหรือทางอ้อม  แต่ไม่รวมถึงข้อมูลของผู้ถึงแก่กรรมโดยเฉพาะ 
“ผู้ควบคุมข้อมูลส่วนบุคคล”  หมายความว่า  บุคคลหรือนิติบุคคลซึ่งมีอ านาจหน้าที่ตัดสินใจ
เกี่ยวกับการเก็บรวบรวม  ใช้  หรือเปิดเผยข้อมูลส่วนบุคคล 
้หนา   ๕๔
่เลม   ๑๓๖   ตอนที่   ๖๙    ก
ราชกิจจานุเบกษา
๒๗   พฤษภาคม   ๒๕๖๒","This section establishes the defined controller responsible for collection, use, or disclosure of personal data. Maps to P7-I2 because it evidences the controlling horizontal framework’s legal scope.",https://ratchakitcha.soc.go.th/documents/17082307.pdf,0.72,"Discovery: master dataset already records s. 6 of this law. Modality: Defines (""หมายความว่า""); exceptions: A person or juristic person acting on the controller's instructions or behalf is not a controller.",Horizontal,,in_force
Thailand,PDPC State-Agency DPO Notification B.E. 2566,,,P7-I2,s. 11.3,KNOWN,page 3,"๑๑.๓ สํานักงานประกันสังคม 
   
๑๒. กระทรวงศึกษาธิการ",This section establishes the designated state-agency scope. Maps to P7-I2 because it evidences a sectoral administrative framework rather than a dedicated horizontal cybersecurity law.,https://ratchakitcha.soc.go.th/documents/140D174S0000000006400.pdf,0.86,Discovery: master dataset already records s. 11.3 of this law. Modality: Unspecified; exceptions: none,Sectoral (State agencies),,in_force
Thailand,PDPC s.28 Cross-Border Notification B.E. 2566 (Royal Gazette),,,P7-I2,s. 11,KNOWN,page 6,"มาตรา ๑๑ ประธานกรรมการและกรรมการผู้ทรงคุณวุฒิต้องมีคุณสมบัติและไม่มีลักษณะ
ต้องห้าม  ดังต่อไปนี้ 
(๑) มีสัญชาติไทย  
(๒) ไม่เป็นบุคคลล้มละลายหรือเคยเป็นบุคคลล้มละลายทุจริต 
(๓) ไม่เป็นคนไร้ความสามารถหรือคนเสมือนไร้ความสามารถ 
(๔) ไม่เคยต้องค าพิพากษาถึงที่สุดให้จ าคุกไม่ว่าจะได้รับโทษจ าคุกจริงหรือไม่  เว้นแต่เป็นโทษ
ส าหรับความผิดที่ได้กระท าโดยประมาทหรือความผิดลหุโทษ  
(๕) ไม่เคยถูกไล่ออก  ปลดออก  หรือให้ออกจากราชการ  หน่วยงานของรัฐ  หรือรัฐวิสาหกิจ  
หรือจากหน่วยงานของเอกชน  เพราะทุจริตต่อหน้าที่หรือประพฤติชั่วอย่างร้ายแรง 
(๖) ไม่เคยถูกถอดถอนออกจากต าแหน่งตามกฎหมาย 
(๗) ไม่เป็นผู้ด ารงต าแหน่งทางการเมือง  สมาชิกสภาท้องถิ่น  หรือผู้บริหารท้องถิ่น  กรรมการ
หรือผู้ด ารงต าแหน่งซึ่งรับผิดชอบการบริหารพรรคการเมือง  ที่ปรึกษาพรรคการเมือง  หรือเจ้าหน้าที่
พรรคการเมือง",ESCAP master-known anchor retained after mapper abstention; pending named legal review and deterministic legal-fit gates.,https://ratchakitcha.soc.go.th/documents/17082307.pdf,0.5,Discovery: master dataset already records s. 11 of this law. Modality: Must (ต้อง); disqualifications are negated requirements (ไม่มีลักษณะต้องห้าม); exceptions: The imprisonment-conviction disqualification excludes offences committed through negligence or petty offences.,Sectoral — PDPC institutional governance (Personal-data-protection authority governance),,in_force
Thailand,PDPC s.28 Cross-Border Notification B.E. 2566 (Royal Gazette),,,P7-I2,s. 11(2),KNOWN,page 6,"(๑) มีสัญชาติไทย  
(๒) ไม่เป็นบุคคลล้มละลายหรือเคยเป็นบุคคลล้มละลายทุจริต 
(๓) ไม่เป็นคนไร้ความสามารถหรือคนเสมือนไร้ความสามารถ 
(๔) ไม่เคยต้องค าพิพากษาถึงที่สุดให้จ าคุกไม่ว่าจะได้รับโทษจ าคุกจริงหรือไม่  เว้นแต่เป็นโทษ
ส าหรับความผิดที่ได้กระท าโดยประมาทหรือความผิดลหุโทษ  
(๕) ไม่เคยถูกไล่ออก  ปลดออก  หรือให้ออกจากราชการ  หน่วยงานของรัฐ  หรือรัฐวิสาหกิจ  
หรือจากหน่วยงานของเอกชน  เพราะทุจริตต่อหน้าที่หรือประพฤติชั่วอย่างร้ายแรง 
(๖) ไม่เคยถูกถอดถอนออกจากต าแหน่งตามกฎหมาย 
(๗) ไม่เป็นผู้ด ารงต าแหน่งทางการเมือง  สมาชิกสภาท้องถิ่น  หรือผู้บริหารท้องถิ่น  กรรมการ
หรือผู้ด ารงต าแหน่งซึ่งรับผิดชอบการบริหารพรรคการเมือง  ที่ปรึกษาพรรคการเมือง  หรือเจ้าหน้าที่
พรรคการเมือง",ESCAP master-known anchor retained after mapper abstention; pending named legal review and deterministic legal-fit gates.,https://ratchakitcha.soc.go.th/documents/17082307.pdf,0.5,Discovery: master dataset already records s. 11 of this law. Modality: must; negated disqualifications; exceptions: The imprisonment disqualification excludes offences committed negligently or petty offences,Sectoral (Personal data protection regulator (PDPC)),,in_force
Thailand,PDPC s.28 Cross-Border Notification B.E. 2566 (Royal Gazette),,,P7-I2,s. 11(3),KNOWN,page 6,"(๒) ไม่เป็นบุคคลล้มละลายหรือเคยเป็นบุคคลล้มละลายทุจริต 
(๓) ไม่เป็นคนไร้ความสามารถหรือคนเสมือนไร้ความสามารถ 
(๔) ไม่เคยต้องค าพิพากษาถึงที่สุดให้จ าคุกไม่ว่าจะได้รับโทษจ าคุกจริงหรือไม่  เว้นแต่เป็นโทษ
ส าหรับความผิดที่ได้กระท าโดยประมาทหรือความผิดลหุโทษ  
(๕) ไม่เคยถูกไล่ออก  ปลดออก  หรือให้ออกจากราชการ  หน่วยงานของรัฐ  หรือรัฐวิสาหกิจ  
หรือจากหน่วยงานของเอกชน  เพราะทุจริตต่อหน้าที่หรือประพฤติชั่วอย่างร้ายแรง 
(๖) ไม่เคยถูกถอดถอนออกจากต าแหน่งตามกฎหมาย 
(๗) ไม่เป็นผู้ด ารงต าแหน่งทางการเมือง  สมาชิกสภาท้องถิ่น  หรือผู้บริหารท้องถิ่น  กรรมการ
หรือผู้ด ารงต าแหน่งซึ่งรับผิดชอบการบริหารพรรคการเมือง  ที่ปรึกษาพรรคการเมือง  หรือเจ้าหน้าที่
พรรคการเมือง",ESCAP master-known anchor retained after mapper abstention; pending named legal review and deterministic legal-fit gates.,https://ratchakitcha.soc.go.th/documents/17082307.pdf,0.5,Discovery: master dataset already records s. 11 of this law. Modality: Must; must not; exceptions: The imprisonment disqualification does not apply to offences committed through negligence or petty offences.,Sectoral — data protection governance (Data protection governance),,in_force
Thailand,PDPC s.28 Cross-Border Notification B.E. 2566 (Royal Gazette),,,P7-I2,s. 11(4),KNOWN,page 6,"(๓) ไม่เป็นคนไร้ความสามารถหรือคนเสมือนไร้ความสามารถ 
(๔) ไม่เคยต้องค าพิพากษาถึงที่สุดให้จ าคุกไม่ว่าจะได้รับโทษจ าคุกจริงหรือไม่  เว้นแต่เป็นโทษ
ส าหรับความผิดที่ได้กระท าโดยประมาทหรือความผิดลหุโทษ  
(๕) ไม่เคยถูกไล่ออก  ปลดออก  หรือให้ออกจากราชการ  หน่วยงานของรัฐ  หรือรัฐวิสาหกิจ  
หรือจากหน่วยงานของเอกชน  เพราะทุจริตต่อหน้าที่หรือประพฤติชั่วอย่างร้ายแรง 
(๖) ไม่เคยถูกถอดถอนออกจากต าแหน่งตามกฎหมาย 
(๗) ไม่เป็นผู้ด ารงต าแหน่งทางการเมือง  สมาชิกสภาท้องถิ่น  หรือผู้บริหารท้องถิ่น  กรรมการ
หรือผู้ด ารงต าแหน่งซึ่งรับผิดชอบการบริหารพรรคการเมือง  ที่ปรึกษาพรรคการเมือง  หรือเจ้าหน้าที่
พรรคการเมือง",ESCAP master-known anchor retained after mapper abstention; pending named legal review and deterministic legal-fit gates.,https://ratchakitcha.soc.go.th/documents/17082307.pdf,0.5,Discovery: master dataset already records s. 11 of this law. Modality: ต้อง; exceptions: The disqualification for a final judgment of imprisonment excludes offences committed through negligence or petty offences.,Sectoral (PDPC governance),,in_force
Thailand,PDPC s.28 Cross-Border Notification B.E. 2566 (Royal Gazette),,,P7-I2,s. 11(5),KNOWN,page 6,"(๔) ไม่เคยต้องค าพิพากษาถึงที่สุดให้จ าคุกไม่ว่าจะได้รับโทษจ าคุกจริงหรือไม่  เว้นแต่เป็นโทษ
ส าหรับความผิดที่ได้กระท าโดยประมาทหรือความผิดลหุโทษ  
(๕) ไม่เคยถูกไล่ออก  ปลดออก  หรือให้ออกจากราชการ  หน่วยงานของรัฐ  หรือรัฐวิสาหกิจ  
หรือจากหน่วยงานของเอกชน  เพราะทุจริตต่อหน้าที่หรือประพฤติชั่วอย่างร้ายแรง 
(๖) ไม่เคยถูกถอดถอนออกจากต าแหน่งตามกฎหมาย 
(๗) ไม่เป็นผู้ด ารงต าแหน่งทางการเมือง  สมาชิกสภาท้องถิ่น  หรือผู้บริหารท้องถิ่น  กรรมการ
หรือผู้ด ารงต าแหน่งซึ่งรับผิดชอบการบริหารพรรคการเมือง  ที่ปรึกษาพรรคการเมือง  หรือเจ้าหน้าที่
พรรคการเมือง",ESCAP master-known anchor retained after mapper abstention; pending named legal review and deterministic legal-fit gates.,https://ratchakitcha.soc.go.th/documents/17082307.pdf,0.5,Discovery: master dataset already records s. 11 of this law. Modality: must (ต้อง); exceptions: The final-imprisonment-judgment disqualification does not apply to offences committed by negligence or petty offences.,Sectoral (personal data protection governance),,in_force
Thailand,PDPC s.28 Cross-Border Notification B.E. 2566 (Royal Gazette),,,P7-I2,s. 11(6),KNOWN,page 6,"(๕) ไม่เคยถูกไล่ออก  ปลดออก  หรือให้ออกจากราชการ  หน่วยงานของรัฐ  หรือรัฐวิสาหกิจ  
หรือจากหน่วยงานของเอกชน  เพราะทุจริตต่อหน้าที่หรือประพฤติชั่วอย่างร้ายแรง 
(๖) ไม่เคยถูกถอดถอนออกจากต าแหน่งตามกฎหมาย 
(๗) ไม่เป็นผู้ด ารงต าแหน่งทางการเมือง  สมาชิกสภาท้องถิ่น  หรือผู้บริหารท้องถิ่น  กรรมการ
หรือผู้ด ารงต าแหน่งซึ่งรับผิดชอบการบริหารพรรคการเมือง  ที่ปรึกษาพรรคการเมือง  หรือเจ้าหน้าที่
พรรคการเมือง",ESCAP master-known anchor retained after mapper abstention; pending named legal review and deterministic legal-fit gates.,https://ratchakitcha.soc.go.th/documents/17082307.pdf,0.5,"Discovery: master dataset already records s. 11 of this law. Modality: Must (ต้องมี ... และไม่มี); exceptions: For item (4), imprisonment convictions do not disqualify where the offence was committed negligently or is a petty offence.",Sectoral (Personal data protection / PDPC institutional governance),,in_force
Thailand,PDPC s.28 Cross-Border Notification B.E. 2566 (Royal Gazette),,,P7-I2,s. 11(7),KNOWN,page 6,"(๖) ไม่เคยถูกถอดถอนออกจากต าแหน่งตามกฎหมาย 
(๗) ไม่เป็นผู้ด ารงต าแหน่งทางการเมือง  สมาชิกสภาท้องถิ่น  หรือผู้บริหารท้องถิ่น  กรรมการ
หรือผู้ด ารงต าแหน่งซึ่งรับผิดชอบการบริหารพรรคการเมือง  ที่ปรึกษาพรรคการเมือง  หรือเจ้าหน้าที่
พรรคการเมือง",ESCAP master-known anchor retained after mapper abstention; pending named legal review and deterministic legal-fit gates.,https://ratchakitcha.soc.go.th/documents/17082307.pdf,0.5,Discovery: master dataset already records s. 11 of this law. Modality: must not be; exceptions: none,Horizontal,,in_force
Thailand,PDPC State-Agency DPO Notification B.E. 2566,,,P7-I2,s. 13.6,KNOWN,page 3,"๑๓.๖ กรมอนามัย 
   
๑๔. หน่วยงานอื่นของรัฐ",This section establishes the covered state-agency framework. Maps to P7-I2 because it evidences the controlling framework provision defining its public-sector scope and legal function.,https://ratchakitcha.soc.go.th/documents/140D174S0000000006400.pdf,0.86,Discovery: master dataset already records s. 13.6 of this law. Modality: n/a; exceptions: none,Sectoral (State agencies),,in_force
Thailand,PDPC s.28 Cross-Border Notification B.E. 2566 (Royal Gazette),,,P7-I2,s. 13,KNOWN,page 7,"มาตรา ๑๓ นอกจากการพ้นจากต าแหน่งตามวาระตามมาตรา  ๑๒  ประธานกรรมการและ
กรรมการผู้ทรงคุณวุฒิพ้นจากต าแหน่ง  เมื่อ  
(๑) ตาย 
(๒) ลาออก 
(๓) คณะรัฐมนตรีให้ออก  เพราะบกพร่องต่อหน้าที่  มีความประพฤติเสื่อมเสีย  หรือ 
หย่อนความสามารถ 
(๔) ขาดคุณสมบัติหรือมีลักษณะต้องห้ามตามมาตรา  ๑๑ 
ในกรณีที่ประธานกรรมการหรือกรรมการผู้ทรงคุณวุฒิพ้นจากต าแหน่งก่อนวาระ  ให้ผู้ที่ได้รับ
แต่งตั้งแทนต าแหน่งที่ว่างนั้นด ารงต าแหน่งได้เท่ากับวาระที่เหลืออยู่ของประธานกรรมการหรือกรรมการ
ผู้ทรงคุณวุฒิซึ่งตนแทน  เว้นแต่วาระที่เหลืออยู่ไม่ถึงเก้าสิบวันจะไม่แต่งตั้งประธานกรรมการหรือกรรมการ
ผู้ทรงคุณวุฒิแทนก็ได้   
ในกรณีที่ประธานกรรมการหรือกรรมการผู้ทรงคุณวุฒิพ้นจากต าแหน่งก่อนวาระ  ให้คณะกรรมการ
ประกอบด้วยกรรมการทั้งหมดเท่าที่มีอยู่จนกว่าจะมีการแต่งตั้งประธานกรรมการหรือกรรมการผู้ทรงคุณวุฒิ
ตามวรรคสอง  และในกรณีที่ประธานกรรมการพ้นจากต าแหน่งก่อนวาระ  ให้รองประธานกรรมการท าหน้าที่
ประธานกรรมการเป็นการชั่วคราว",ESCAP master-known anchor retained after mapper abstention; pending named legal review and deterministic legal-fit gates.,https://ratchakitcha.soc.go.th/documents/17082307.pdf,0.5,"Discovery: master dataset already records s. 13 of this law. Modality: พ้นจากต าแหน่ง เมื่อ; exceptions: A replacement holds office only for the remaining term; no replacement need be appointed where fewer than 90 days remain.; The existing members continue as the committee pending appointment of a replacement.; If the chair leaves office early, the deputy chair acts as temporary chair.",Sectoral (data protection authority governance),,in_force
Thailand,PDPC s.28 Cross-Border Notification B.E. 2566 (Royal Gazette),,,P7-I2,s. 13(3),KNOWN,page 7,"(๒) ลาออก 
(๓) คณะรัฐมนตรีให้ออก  เพราะบกพร่องต่อหน้าที่  มีความประพฤติเสื่อมเสีย  หรือ 
หย่อนความสามารถ 
(๔) ขาดคุณสมบัติหรือมีลักษณะต้องห้ามตามมาตรา  ๑๑ 
ในกรณีที่ประธานกรรมการหรือกรรมการผู้ทรงคุณวุฒิพ้นจากต าแหน่งก่อนวาระ  ให้ผู้ที่ได้รับ
แต่งตั้งแทนต าแหน่งที่ว่างนั้นด ารงต าแหน่งได้เท่ากับวาระที่เหลืออยู่ของประธานกรรมการหรือกรรมการ
ผู้ทรงคุณวุฒิซึ่งตนแทน  เว้นแต่วาระที่เหลืออยู่ไม่ถึงเก้าสิบวันจะไม่แต่งตั้งประธานกรรมการหรือกรรมการ
ผู้ทรงคุณวุฒิแทนก็ได้   
ในกรณีที่ประธานกรรมการหรือกรรมการผู้ทรงคุณวุฒิพ้นจากต าแหน่งก่อนวาระ  ให้คณะกรรมการ
ประกอบด้วยกรรมการทั้งหมดเท่าที่มีอยู่จนกว่าจะมีการแต่งตั้งประธานกรรมการหรือกรรมการผู้ทรงคุณวุฒิ
ตามวรรคสอง  และในกรณีที่ประธานกรรมการพ้นจากต าแหน่งก่อนวาระ  ให้รองประธานกรรมการท าหน้าที่
ประธานกรรมการเป็นการชั่วคราว",ESCAP master-known anchor retained after mapper abstention; pending named legal review and deterministic legal-fit gates.,https://ratchakitcha.soc.go.th/documents/17082307.pdf,0.5,Discovery: master dataset already records s. 13 of this law. Modality: office cessation upon listed grounds; Cabinet removal; exceptions: none,Sectoral (data protection governance),,in_force
Thailand,PDPC s.28 Cross-Border Notification B.E. 2566 (Royal Gazette),,,P7-I2,s. 13(4),KNOWN,page 7,"(๓) คณะรัฐมนตรีให้ออก  เพราะบกพร่องต่อหน้าที่  มีความประพฤติเสื่อมเสีย  หรือ 
หย่อนความสามารถ 
(๔) ขาดคุณสมบัติหรือมีลักษณะต้องห้ามตามมาตรา  ๑๑ 
ในกรณีที่ประธานกรรมการหรือกรรมการผู้ทรงคุณวุฒิพ้นจากต าแหน่งก่อนวาระ  ให้ผู้ที่ได้รับ
แต่งตั้งแทนต าแหน่งที่ว่างนั้นด ารงต าแหน่งได้เท่ากับวาระที่เหลืออยู่ของประธานกรรมการหรือกรรมการ
ผู้ทรงคุณวุฒิซึ่งตนแทน  เว้นแต่วาระที่เหลืออยู่ไม่ถึงเก้าสิบวันจะไม่แต่งตั้งประธานกรรมการหรือกรรมการ
ผู้ทรงคุณวุฒิแทนก็ได้   
ในกรณีที่ประธานกรรมการหรือกรรมการผู้ทรงคุณวุฒิพ้นจากต าแหน่งก่อนวาระ  ให้คณะกรรมการ
ประกอบด้วยกรรมการทั้งหมดเท่าที่มีอยู่จนกว่าจะมีการแต่งตั้งประธานกรรมการหรือกรรมการผู้ทรงคุณวุฒิ
ตามวรรคสอง  และในกรณีที่ประธานกรรมการพ้นจากต าแหน่งก่อนวาระ  ให้รองประธานกรรมการท าหน้าที่
ประธานกรรมการเป็นการชั่วคราว",ESCAP master-known anchor retained after mapper abstention; pending named legal review and deterministic legal-fit gates.,https://ratchakitcha.soc.go.th/documents/17082307.pdf,0.5,Discovery: master dataset already records s. 13 of this law. Modality: Statutory consequence: vacate office when specified grounds arise; exceptions: A replacement need not be appointed if the remaining term is less than 90 days; The committee continues with its existing members pending appointment of a replacement; The Deputy Chair temporarily acts as Chair if the Chair leaves office before the end of the term,Sectoral (personal data protection authority governance),,in_force
Thailand,PDPC DPO Notification B.E. 2566,,,P7-I2,s. 7,KNOWN,page 4,"ข้อ ๗ ในการพิจารณาหลักเกณฑ์ตามข้อ  ๕  และข้อ  ๖  ให้ค านึงถึงมาตรฐานและแนวปฏิบัติ
ของธุรกิจหรือกิจการนั้น ๆ  ตลอดจนความเสี่ยงและผลกระทบต่อเจ้าของข้อมูลส่วนบุคคลด้วย","This section requires decision-makers to consider business standards, practices, risks and impacts. Maps to P7-I2 because it evidences a risk-based cybersecurity governance function.",https://ratchakitcha.soc.go.th/documents/140D226S0000000001200.pdf,0.82,Discovery: master dataset already records s. 7 of this law. Modality: Must; exceptions: none,Horizontal,,in_force
Thailand,PDPC State-Agency DPO Notification B.E. 2566,,,P7-I2,s. 7.2,KNOWN,page 2,"๗.๒ กรมท่าอากาศยาน 
   
๘. กระทรวงดิจิทัลเพื่อเศรษฐกิจและสังคม",This section establishes the notified state-agency framework applicable to the Department of Airports. Maps to P7-I2 because its legal function evidences the controlling framework provision for regulated public-sector entities.,https://ratchakitcha.soc.go.th/documents/140D174S0000000006400.pdf,0.86,Discovery: master dataset already records s. 7.2 of this law. Modality: listed/designated; exceptions: none,Sectoral (State agencies),,in_force
Thailand,PDPC s.28 Cross-Border Notification B.E. 2566 (Royal Gazette),,,P7-I2,s. 7,KNOWN,page 4,"มาตรา ๗ 
ให้รัฐมนตรีว่าการกระทรวงดิจิทัลเพื่อเศรษฐกิจและสังคมรักษาการตาม
พระราชบัญญัตินี้  และให้มีอ านาจแต่งตั้งพนักงานเจ้าหน้าที่  เพื่อปฏิบัติการตามพระราชบัญญัตินี้ 
หมวด  ๑ 
คณะกรรมการคุ้มครองข้อมูลส่วนบุคคล",This section establishes the Minister's administration and appointment authority under the Act. Maps to P7-I2 because it evidences the controlling framework's institutional implementation (framework governance).,https://ratchakitcha.soc.go.th/documents/17082307.pdf,0.82,Discovery: master dataset already records s. 7 of this law. Modality: Must administer; may appoint; exceptions: none,Horizontal,,in_force
Thailand,Notification of the Ministry of Information and Communications Technology Regarding Computer Traffic Data Retention Criterias of Service Providers B.E.2564,,,P7-I2,s. 5,KNOWN,page 2,"ข้อ ๕ ผู้ให้บริการประเภทดังต่อไปนี้มีหน้าที่ต้องเก็บรักษาข้อมูลจราจรทางคอมพิวเตอร์ 
(๑) ผู้ให้บริการแก่บุคคลทั่วไปในการเข้าสู่อินเทอร์เน็ต  หรือให้สามารถติดต่อถึงกัน 
โดยประการอื่น  ทั้งนี้  โดยผ่านทางระบบคอมพิวเตอร์  ไม่ว่าจะเป็นการให้บริการในนามของตนเอง 
หรือในนามของบุคคลอื่น  หรือเพื่อประโยชน์ของบุคคลอื่น  สามารถจ าแนกได้  ดังนี้ 
 
ก. ผู้ประกอบกิจการโทรคมนาคมและการกระจายภาพและเสียง  
(Telecommunication  and  Broadcast  Carrier)  ประกอบด้วยผู้ให้บริการตามที่ก าหนดใน
ภาคผนวก  ก.  แนบท้ายประกาศนี้ 
 
ข. ผู้ให้บริการการเข้าถึงระบบเครือข่ายคอมพิวเตอร์  (Access  Service  Provider)  
ประกอบด้วยผู้ให้บริการตามที่ก าหนดในภาคผนวก  ก.  แนบท้ายประกาศนี้ 
 
ค. ผู้ให้บริการเช่าระบบคอมพิวเตอร์  หรือให้เช่าบริการโปรแกรมประยุกต์ต่าง ๆ  (Host  
Service  Provider)  ประกอบด้วยผู้ให้บริการตามที่ก าหนดในภาคผนวก  ก.  แนบท้ายประกาศนี้ 
 
ง. ผู้ให้บริการร้านอินเทอร์เน็ต  ประกอบด้วยผู้ให้บริการตามที่ก าหนดในภาคผนวก  ก.   
แนบท้ายประกาศนี้ 
 
จ. ผู้ให้บริการโปรแกรมคอมพิวเตอร์  ซอฟต์แวร์  เทคโนโลยีปัญญาประดิษฐ์   
แอพพลิเคชันที่ท าให้บุคคลสามารถติดต่อสื่อสารข้อมูลระหว่างกันได้  (Online  Application  Store)  
ประกอบด้วยผู้ให้บริการตามที่ก าหนดในภาคผนวก  ก.  แนบท้ายประกาศนี้ 
้หนา   ๑๐
่เลม   ๑๓๘   ตอนพิเศษ   ๑๘๘    ง
ราชกิจจานุเบกษา
๑๓   สิงหาคม   ๒๕๖๔","This section requires listed service providers to retain computer traffic data. Maps to P7-I2 because its legal function is a cybersecurity-related retention obligation evidencing a non-dedicated framework, not a dedicated horizontal cybersecurity act.",https://www.mdes.go.th/law/detail/4727-%E0%B8%9B%E0%B8%A3%E0%B8%B0%E0%B8%81%E0%B8%B2%E0%B8%A8%E0%B8%81%E0%B8%A3%E0%B8%B0%E0%B8%97%E0%B8%A3%E0%B8%A7%E0%B8%87%E0%B8%94%E0%B8%B4%E0%B8%88%E0%B8%B4%E0%B8%97%E0%B8%B1%E0%B8%A5%E0%B9%80%E0%B8%9E%E0%B8%B7%E0%B9%88%E0%B8%AD%E0%B9%80%E0%B8%A8%E0%B8%A3%E0%B8%A9%E0%B8%90%E0%B8%81%E0%B8%B4%E0%B8%88%E0%B9%81%E0%B8%A5%E0%B8%B0%E0%B8%AA%E0%B8%B1%E0%B8%87%E0%B8%84%E0%B8%A1-%E0%B9%80%E0%B8%A3%E0%B8%B7%E0%B9%88%E0%B8%AD%E0%B8%87-%E0%B8%AB%E0%B8%A5%E0%B8%B1%E0%B8%81%E0%B9%80%E0%B8%81%E0%B8%93%E0%B8%91%E0%B9%8C%E0%B8%81%E0%B8%B2%E0%B8%A3%E0%B9%80%E0%B8%81%E0%B9%87%E0%B8%9A%E0%B8%A3%E0%B8%B1%E0%B8%81%E0%B8%A9%E0%B8%B2%E0%B8%82%E0%B9%89%E0%B8%AD%E0%B8%A1%E0%B8%B9%E0%B8%A5%E0%B8%88%E0%B8%A3%E0%B8%B2%E0%B8%88%E0%B8%A3%E0%B8%97%E0%B8%B2%E0%B8%87%E0%B8%84%E0%B8%AD%E0%B8%A1%E0%B8%9E%E0%B8%B4%E0%B8%A7%E0%B9%80%E0%B8%95%E0%B8%AD%E0%B8%A3%E0%B9%8C%E0%B8%82%E0%B8%AD%E0%B8%87%E0%B8%9C%E0%B8%B9%E0%B9%89%E0%B9%83%E0%B8%AB%E0%B9%89%E0%B8%9A%E0%B8%A3%E0%B8%B4%E0%B8%81%E0%B8%B2%E0%B8%A3-%E0%B8%9E-%E0%B8%A8--%E0%B9%92%E0%B9%95%E0%B9%96%E0%B9%94,0.98,Discovery: master dataset already records s. 5 of this law. Modality: มีหน้าที่ต้อง (must / have a duty to); exceptions: none,"Sectoral (Service providers, including telecommunications, internet access, hosting, online platforms, cloud and digital services)",,in_force
Thailand,Notification of the Ministry of Information and Communications Technology Regarding Computer Traffic Data Retention Criterias of Service Providers B.E.2564,,,P7-I2,s. 5(1),KNOWN,page 2,"ข้อ ๕ ผู้ให้บริการประเภทดังต่อไปนี้มีหน้าที่ต้องเก็บรักษาข้อมูลจราจรทางคอมพิวเตอร์ 
(๑) ผู้ให้บริการแก่บุคคลทั่วไปในการเข้าสู่อินเทอร์เน็ต  หรือให้สามารถติดต่อถึงกัน 
โดยประการอื่น  ทั้งนี้  โดยผ่านทางระบบคอมพิวเตอร์  ไม่ว่าจะเป็นการให้บริการในนามของตนเอง 
หรือในนามของบุคคลอื่น  หรือเพื่อประโยชน์ของบุคคลอื่น  สามารถจ าแนกได้  ดังนี้ 
 
ก. ผู้ประกอบกิจการโทรคมนาคมและการกระจายภาพและเสียง  
(Telecommunication  and  Broadcast  Carrier)  ประกอบด้วยผู้ให้บริการตามที่ก าหนดใน
ภาคผนวก  ก.  แนบท้ายประกาศนี้ 
 
ข. ผู้ให้บริการการเข้าถึงระบบเครือข่ายคอมพิวเตอร์  (Access  Service  Provider)  
ประกอบด้วยผู้ให้บริการตามที่ก าหนดในภาคผนวก  ก.  แนบท้ายประกาศนี้ 
 
ค. ผู้ให้บริการเช่าระบบคอมพิวเตอร์  หรือให้เช่าบริการโปรแกรมประยุกต์ต่าง ๆ  (Host  
Service  Provider)  ประกอบด้วยผู้ให้บริการตามที่ก าหนดในภาคผนวก  ก.  แนบท้ายประกาศนี้ 
 
ง. ผู้ให้บริการร้านอินเทอร์เน็ต  ประกอบด้วยผู้ให้บริการตามที่ก าหนดในภาคผนวก  ก.   
แนบท้ายประกาศนี้ 
 
จ. ผู้ให้บริการโปรแกรมคอมพิวเตอร์  ซอฟต์แวร์  เทคโนโลยีปัญญาประดิษฐ์   
แอพพลิเคชันที่ท าให้บุคคลสามารถติดต่อสื่อสารข้อมูลระหว่างกันได้  (Online  Application  Store)  
ประกอบด้วยผู้ให้บริการตามที่ก าหนดในภาคผนวก  ก.  แนบท้ายประกาศนี้ 
้หนา   ๑๐
่เลม   ๑๓๘   ตอนพิเศษ   ๑๘๘    ง
ราชกิจจานุเบกษา
๑๓   สิงหาคม   ๒๕๖๔",This section 5(1) requires listed service providers to retain computer traffic data. Maps to P7-I2 because it evidences a non-dedicated cybersecurity framework with the legal function of provider traffic-data retention.,https://www.mdes.go.th/law/detail/4727-%E0%B8%9B%E0%B8%A3%E0%B8%B0%E0%B8%81%E0%B8%B2%E0%B8%A8%E0%B8%81%E0%B8%A3%E0%B8%B0%E0%B8%97%E0%B8%A3%E0%B8%A7%E0%B8%87%E0%B8%94%E0%B8%B4%E0%B8%88%E0%B8%B4%E0%B8%97%E0%B8%B1%E0%B8%A5%E0%B9%80%E0%B8%9E%E0%B8%B7%E0%B9%88%E0%B8%AD%E0%B9%80%E0%B8%A8%E0%B8%A3%E0%B8%A9%E0%B8%90%E0%B8%81%E0%B8%B4%E0%B8%88%E0%B9%81%E0%B8%A5%E0%B8%B0%E0%B8%AA%E0%B8%B1%E0%B8%87%E0%B8%84%E0%B8%A1-%E0%B9%80%E0%B8%A3%E0%B8%B7%E0%B9%88%E0%B8%AD%E0%B8%87-%E0%B8%AB%E0%B8%A5%E0%B8%B1%E0%B8%81%E0%B9%80%E0%B8%81%E0%B8%93%E0%B8%91%E0%B9%8C%E0%B8%81%E0%B8%B2%E0%B8%A3%E0%B9%80%E0%B8%81%E0%B9%87%E0%B8%9A%E0%B8%A3%E0%B8%B1%E0%B8%81%E0%B8%A9%E0%B8%B2%E0%B8%82%E0%B9%89%E0%B8%AD%E0%B8%A1%E0%B8%B9%E0%B8%A5%E0%B8%88%E0%B8%A3%E0%B8%B2%E0%B8%88%E0%B8%A3%E0%B8%97%E0%B8%B2%E0%B8%87%E0%B8%84%E0%B8%AD%E0%B8%A1%E0%B8%9E%E0%B8%B4%E0%B8%A7%E0%B9%80%E0%B8%95%E0%B8%AD%E0%B8%A3%E0%B9%8C%E0%B8%82%E0%B8%AD%E0%B8%87%E0%B8%9C%E0%B8%B9%E0%B9%89%E0%B9%83%E0%B8%AB%E0%B9%89%E0%B8%9A%E0%B8%A3%E0%B8%B4%E0%B8%81%E0%B8%B2%E0%B8%A3-%E0%B8%9E-%E0%B8%A8--%E0%B9%92%E0%B9%95%E0%B9%96%E0%B9%94,0.99,Discovery: master dataset already records s. 5 of this law. Modality: Must; exceptions: none,"Sectoral — service providers (Telecommunications, internet access, hosting, internet café, online application, social media, content/application, cloud and digital service providers)",,in_force
Thailand,Notification of the Ministry of Information and Communications Technology Regarding Computer Traffic Data Retention Criterias of Service Providers B.E.2564,,,P7-I2,s. 5(2),KNOWN,page 2,"ข้อ ๕ ผู้ให้บริการประเภทดังต่อไปนี้มีหน้าที่ต้องเก็บรักษาข้อมูลจราจรทางคอมพิวเตอร์ 
(๑) ผู้ให้บริการแก่บุคคลทั่วไปในการเข้าสู่อินเทอร์เน็ต  หรือให้สามารถติดต่อถึงกัน 
โดยประการอื่น  ทั้งนี้  โดยผ่านทางระบบคอมพิวเตอร์  ไม่ว่าจะเป็นการให้บริการในนามของตนเอง 
หรือในนามของบุคคลอื่น  หรือเพื่อประโยชน์ของบุคคลอื่น  สามารถจ าแนกได้  ดังนี้ 
 
ก. ผู้ประกอบกิจการโทรคมนาคมและการกระจายภาพและเสียง  
(Telecommunication  and  Broadcast  Carrier)  ประกอบด้วยผู้ให้บริการตามที่ก าหนดใน
ภาคผนวก  ก.  แนบท้ายประกาศนี้ 
 
ข. ผู้ให้บริการการเข้าถึงระบบเครือข่ายคอมพิวเตอร์  (Access  Service  Provider)  
ประกอบด้วยผู้ให้บริการตามที่ก าหนดในภาคผนวก  ก.  แนบท้ายประกาศนี้ 
 
ค. ผู้ให้บริการเช่าระบบคอมพิวเตอร์  หรือให้เช่าบริการโปรแกรมประยุกต์ต่าง ๆ  (Host  
Service  Provider)  ประกอบด้วยผู้ให้บริการตามที่ก าหนดในภาคผนวก  ก.  แนบท้ายประกาศนี้ 
 
ง. ผู้ให้บริการร้านอินเทอร์เน็ต  ประกอบด้วยผู้ให้บริการตามที่ก าหนดในภาคผนวก  ก.   
แนบท้ายประกาศนี้ 
 
จ. ผู้ให้บริการโปรแกรมคอมพิวเตอร์  ซอฟต์แวร์  เทคโนโลยีปัญญาประดิษฐ์   
แอพพลิเคชันที่ท าให้บุคคลสามารถติดต่อสื่อสารข้อมูลระหว่างกันได้  (Online  Application  Store)  
ประกอบด้วยผู้ให้บริการตามที่ก าหนดในภาคผนวก  ก.  แนบท้ายประกาศนี้ 
้หนา   ๑๐
่เลม   ๑๓๘   ตอนพิเศษ   ๑๘๘    ง
ราชกิจจานุเบกษา
๑๓   สิงหาคม   ๒๕๖๔",This section requires listed service providers to retain computer traffic data. Maps to P7-I2 because it evidences a dedicated cybersecurity framework's incident-monitoring and traceability function.,https://www.mdes.go.th/law/detail/4727-%E0%B8%9B%E0%B8%A3%E0%B8%B0%E0%B8%81%E0%B8%B2%E0%B8%A8%E0%B8%81%E0%B8%A3%E0%B8%B0%E0%B8%97%E0%B8%A3%E0%B8%A7%E0%B8%87%E0%B8%94%E0%B8%B4%E0%B8%88%E0%B8%B4%E0%B8%97%E0%B8%B1%E0%B8%A5%E0%B9%80%E0%B8%9E%E0%B8%B7%E0%B9%88%E0%B8%AD%E0%B9%80%E0%B8%A8%E0%B8%A3%E0%B8%A9%E0%B8%90%E0%B8%81%E0%B8%B4%E0%B8%88%E0%B9%81%E0%B8%A5%E0%B8%B0%E0%B8%AA%E0%B8%B1%E0%B8%87%E0%B8%84%E0%B8%A1-%E0%B9%80%E0%B8%A3%E0%B8%B7%E0%B9%88%E0%B8%AD%E0%B8%87-%E0%B8%AB%E0%B8%A5%E0%B8%B1%E0%B8%81%E0%B9%80%E0%B8%81%E0%B8%93%E0%B8%91%E0%B9%8C%E0%B8%81%E0%B8%B2%E0%B8%A3%E0%B9%80%E0%B8%81%E0%B9%87%E0%B8%9A%E0%B8%A3%E0%B8%B1%E0%B8%81%E0%B8%A9%E0%B8%B2%E0%B8%82%E0%B9%89%E0%B8%AD%E0%B8%A1%E0%B8%B9%E0%B8%A5%E0%B8%88%E0%B8%A3%E0%B8%B2%E0%B8%88%E0%B8%A3%E0%B8%97%E0%B8%B2%E0%B8%87%E0%B8%84%E0%B8%AD%E0%B8%A1%E0%B8%9E%E0%B8%B4%E0%B8%A7%E0%B9%80%E0%B8%95%E0%B8%AD%E0%B8%A3%E0%B9%8C%E0%B8%82%E0%B8%AD%E0%B8%87%E0%B8%9C%E0%B8%B9%E0%B9%89%E0%B9%83%E0%B8%AB%E0%B9%89%E0%B8%9A%E0%B8%A3%E0%B8%B4%E0%B8%81%E0%B8%B2%E0%B8%A3-%E0%B8%9E-%E0%B8%A8--%E0%B9%92%E0%B9%95%E0%B9%96%E0%B9%94,0.98,Discovery: master dataset already records s. 5 of this law. Modality: Must; exceptions: none,"Sectoral (Service providers, including content/application, cloud, and digital service providers)",,in_force
Thailand,"Notification of the National Cyber Security Committee Regarding Establishment, Duties, and Powers of the Thailand Computer Emergency Response Team (ThaiCERT) B.E.2564 (ประกาศคณะกรรมการการรักษาความมั่น",,,P7-I2,s. 5.1,KNOWN,page 2,"๕.๑ การด าเนินมาตรการเชิงรุกเพื่อป้องกันและเฝ้าระวังความเสี่ยงในการเกิด 
ภัยคุกคามทางไซเบอร์  ให้เป็นไปตามหลักเกณฑ์  ดังนี้",This section requires proactive measures to prevent and monitor cyber-threat risks. Maps to P7-I2 because it establishes the horizontal cybersecurity framework's preventive and monitoring function.,https://drive.ncsa.or.th/s/DXs7pjtjFS5R2Zc/download,0.98,Discovery: master dataset already records s. 5.1 of this law. Modality: Requires; exceptions: none,Horizontal,,in_force
Thailand,"Notification of the National Cyber Security Committee Regarding Establishment, Duties, and Powers of the Thailand Computer Emergency Response Team (ThaiCERT) B.E.2564 (ประกาศคณะกรรมการการรักษาความมั่น",,,P7-I2,s. 5.1.1,KNOWN,page 2,"๕.๑.๑ ปฏิบัติงานร่วมกับหรือสนับสนุนการปฏิบัติงานของหน่วยงานภายใต้
การดูแล  เพื่อเฝ้าระวัง  ติดตาม  และเตรียมความพร้อมในการรับมือเมื่อได้รับการแจ้งเตือนเกี่ยวกับ 
ภัยคุกคามทางไซเบอร์",This section requires ThaiCERT to work with or support supervised agencies to monitor cyber threats and prepare for response. Maps to P7-I2 because it establishes a dedicated national cyber incident-response function.,https://drive.ncsa.or.th/s/DXs7pjtjFS5R2Zc/download,0.98,Discovery: master dataset already records s. 5.1.1 of this law. Modality: Requires; exceptions: none,Horizontal,,in_force
Thailand,"Notification of the National Cyber Security Committee Regarding Establishment, Duties, and Powers of the Thailand Computer Emergency Response Team (ThaiCERT) B.E.2564 (ประกาศคณะกรรมการการรักษาความมั่น",,,P7-I2,s. 5.1.2,KNOWN,page 2,"๕.๑.๒ เป็นศูนย์กลางเครือข่ายข้อมูลและส่งเสริมความร่วมมือด้านการรักษา
ความมั่นคงปลอดภัยไซเบอร์ของประเทศ  โดยอาจประสานงานหรือร่วมมือกับเครือข่ายหรือภาคี 
ทั้งในและต่างประเทศ  เพื่อรับ  ส่งต่อ  หรือแลกเปลี่ยนข้อมูลที่เกี่ยวข้องกับภัยคุกคามทางไซเบอร์   
และเตรียมความพร้อมในการรับมือเมื่อได้รับการแจ้งเตือนเกี่ยวกับภัยคุกคามทางไซเบอร์",This section establishes ThaiCERT’s national cyber-threat information-sharing and incident-readiness functions. Maps to P7-I2 because it evidences the dedicated horizontal cybersecurity incident-response framework.,https://drive.ncsa.or.th/s/DXs7pjtjFS5R2Zc/download,0.99,Discovery: master dataset already records s. 5.1.2 of this law. Modality: is established to; may; exceptions: none,Horizontal,,in_force
Thailand,"Notification of the National Cyber Security Committee Regarding Establishment, Duties, and Powers of the Thailand Computer Emergency Response Team (ThaiCERT) B.E.2564 (ประกาศคณะกรรมการการรักษาความมั่น",,,P7-I2,s. 5.1.3,KNOWN,page 2,"๕.๑.๓ จัดท าข้อมูลทางสถิติด้านการตอบสนองและรับมือกับภัยคุกคาม 
ทางไซเบอร์  ตลอดจนข้อมูลการแจ้งเตือนที่ส าคัญ  และข้อมูลอื่น ๆ  ที่เกี่ยวข้องเพื่อเผยแพร่ต่อสาธารณะ","This section 5.1.3 requires ThaiCERT to compile and publish cyber-threat response statistics, alerts, and related information. Maps to P7-I2 because it evidences a dedicated horizontal cybersecurity incident-response framework.",https://drive.ncsa.or.th/s/DXs7pjtjFS5R2Zc/download,0.98,Discovery: master dataset already records s. 5.1.3 of this law. Modality: Must; exceptions: none,Horizontal,,in_force
Thailand,"Notification of the National Cyber Security Committee Regarding Establishment, Duties, and Powers of the Thailand Computer Emergency Response Team (ThaiCERT) B.E.2564 (ประกาศคณะกรรมการการรักษาความมั่น",,,P7-I2,s. 5.1.4,KNOWN,page 2,"๕.๑.๔ วิเคราะห์และตรวจสอบข่าวกรองเกี่ยวกับภัยคุกคามทางไซเบอร์ 
ที่อาจเกิดขึ้น  ด าเนินการเพื่อป้องกันปัญหาที่อาจเกิดขึ้น  รวมถึงการเผยแพร่ข้อมูลที่มีความจ าเป็น
เพื่อให้หน่วยงานภายใต้การดูแลสามารถด าเนินมาตรการป้องกันหรือจัดการกับสถานการณ์ 
ด้านภัยคุกคามทางไซเบอร์ที่อาจเกิดขึ้น  เช่น  การให้ค าแนะน าแก่หน่วยงานดังกล่าวในการตรวจจับ 
การบุกรุก  และการวิเคราะห์ข้อมูล  เป็นต้น","This section establishes ThaiCERT's cyber-threat intelligence, prevention, and response-support duties. Maps to P7-I2 because it evidences a dedicated cybersecurity incident-response and cyber-risk framework.",https://drive.ncsa.or.th/s/DXs7pjtjFS5R2Zc/download,0.93,Discovery: master dataset already records s. 5.1.4 of this law. Modality: Assigned duty (no explicit modal verb); exceptions: none,Sectoral — agencies under ThaiCERT's supervision (Agencies under ThaiCERT's supervision),,in_force
Thailand,"Notification of the National Cyber Security Committee Regarding Establishment, Duties, and Powers of the Thailand Computer Emergency Response Team (ThaiCERT) B.E.2564 (ประกาศคณะกรรมการการรักษาความมั่น",,,P7-I2,s. 5.1.5,KNOWN,page 2,"๕.๑.๕ ให้การแจ้งเตือนเกี่ยวกับภัยคุกคามทางไซเบอร์ที่อาจเกิดขึ้น  หรือ 
ให้ค าเตือนเกี่ยวกับช่องโหว่ที่อาจถูกใช้เป็นช่องทางในการก่อภัยคุกคามทางไซเบอร์  เพื่อให้หน่วยงาน
ภายใต้การดูแลด าเนินการเพื่อให้มีการป้องกันโครงสร้างพื้นฐานส าคัญทางสารสนเทศ  หรือระบบงาน 
ที่มีความส าคัญอื่น ๆ  ได้อย่างทันท่วงที",This section requires ThaiCERT to issue cyber-threat alerts and vulnerability warnings. Maps to P7-I2 because it establishes the national incident-warning and critical-information-infrastructure protection function.,https://drive.ncsa.or.th/s/DXs7pjtjFS5R2Zc/download,0.97,Discovery: master dataset already records s. 5.1.5 of this law. Modality: Requires (ให้); exceptions: none,Horizontal,,in_force
Thailand,"Notification of the National Cyber Security Committee Regarding Establishment, Duties, and Powers of the Thailand Computer Emergency Response Team (ThaiCERT) B.E.2564 (ประกาศคณะกรรมการการรักษาความมั่น",,,P7-I2,s. 5.1.6,KNOWN,page 2,"๕.๑.๖ ติดตามความก้าวหน้าด้านเทคโนโลยีต่าง ๆ  เพื่อจัดท าข้อเสนอแนะ
เกี่ยวกับการป้องกันภัยคุกคามทางไซเบอร์หรือแนวปฏิบัติพื้นฐาน  (baseline)  ในการป้องกันหรือ 
เตรียมความพร้อมในการรับมือเมื่อได้รับการแจ้งเตือนเกี่ยวกับภัยคุกคามทางไซเบอร์",This section requires ThaiCERT to monitor technology and prepare cybersecurity recommendations or baseline practices. Maps to P7-I2 because it establishes a horizontal cyber-risk prevention and incident-readiness framework.,https://drive.ncsa.or.th/s/DXs7pjtjFS5R2Zc/download,0.98,Discovery: master dataset already records s. 5.1.6 of this law. Modality: Must / duty; exceptions: none,Horizontal,,in_force
Thailand,"Notification of the National Cyber Security Committee Regarding Establishment, Duties, and Powers of the Thailand Computer Emergency Response Team (ThaiCERT) B.E.2564 (ประกาศคณะกรรมการการรักษาความมั่น",,,P7-I2,s. 5.1.7,KNOWN,page 2,"๕.๑.๗ เมื่อได้รับการร้องขอจากหน่วยงานภายใต้การดูแล  หรือเมื่อได้รับ 
การประสานงานในกรณีที่คาดว่าจะเกิดภัยคุกคามทางไซเบอร์ขึ้นกับหน่วยงานดังกล่าว  ศูนย์ประสาน
การรักษาความมั่นคงปลอดภัยระบบคอมพิวเตอร์แห่งชาติอาจพิจารณาด าเนินการ  ดังนี้   
 
 
 
 
(๑) รวบรวมข้อมูล  ติดตาม  วิเคราะห์  และประมวลผลข้อมูล 
เพื่อท าวิจัยเชิงรุกเกี่ยวกับรูปแบบของการเกิดภัยคุกคามทางไซเบอร์  เพื่อประเมินผลกระทบและแนวโน้ม
ของการเกิดภัยคุกคามทางไซเบอร์ในรูปแบบต่าง ๆ   
้หนา   ๙
่เลม   ๑๓๘   ตอนพิเศษ   ๑๙๔    ง
ราชกิจจานุเบกษา
๒๓   สิงหาคม   ๒๕๖๔","This section permits ThaiCERT to perform cyber-threat monitoring, prevention, risk assessment, and detection. Maps to P7-I2 because it evidences a dedicated horizontal cybersecurity framework through incident-response and cyber-risk functions.",https://drive.ncsa.or.th/s/DXs7pjtjFS5R2Zc/download,0.98,Discovery: master dataset already records s. 5.1.7 of this law. Modality: May consider; exceptions: none,Horizontal,,in_force
Thailand,"Notification of the National Cyber Security Committee Regarding Establishment, Duties, and Powers of the Thailand Computer Emergency Response Team (ThaiCERT) B.E.2564 (ประกาศคณะกรรมการการรักษาความมั่น",,,P7-I2,s. 5.1.7(1),KNOWN,page 2,"(๔) ตรวจจับเหตุการณ์ที่อาจน ามาสู่การบุกรุก  วิเคราะห์สิ่งบอก
เหตุการณ์  หรือด าเนินการอื่นใดที่เกี่ยวข้องเพื่อตรวจสอบโปรแกรม  หรือค้นหาสิ่งที่ไม่พึงประสงค์  
(malicious  code)  ซึ่งอาจเป็นอันตรายต่อโครงสร้างพื้นฐานส าคัญทางสารสนเทศ  หรือระบบงาน 
ที่มีความส าคัญอื่น ๆ   
 
 
ทั้งนี้  เพื่อประโยชน์ในการประสานงานและการแจ้งเตือนเกี่ยวกับภัยคุกคามทางไซเบอร์  
ให้ศูนย์ประสานการรักษาความมั่นคงปลอดภัยระบบคอมพิวเตอร์แห่งชาติด าเนินการเพื่อให้มี 
การรับลงทะเบียนข้อมูลและจัดท าบัญชีช่องทางการติดต่อ  (point  of  contact)  ของหน่วยงานภายใต้ 
การดูแล  เพื่อใช้เป็นช่องทางหลักในการติดต่อสื่อสารระหว่างศูนย์ประสานการรักษาความมั่นคง
ปลอดภัยระบบคอมพิวเตอร์แห่งชาติกับหน่วยงานดังกล่าว","This section permits ThaiCERT to monitor, prevent, assess, and detect cyber threats and requires contact registration. Maps to P7-I2 because it evidences the dedicated horizontal cybersecurity framework's incident-response and cyber-risk functions.",https://drive.ncsa.or.th/s/DXs7pjtjFS5R2Zc/download,0.98,Discovery: master dataset already records s. 5.1.7 of this law. Modality: May consider undertaking listed measures; shall establish contact registration; exceptions: none,Horizontal,,in_force
Thailand,"Notification of the National Cyber Security Committee Regarding Establishment, Duties, and Powers of the Thailand Computer Emergency Response Team (ThaiCERT) B.E.2564 (ประกาศคณะกรรมการการรักษาความมั่น",,,P7-I2,s. 5.1.7(2),KNOWN,page 2,"๕.๑.๗ เมื่อได้รับการร้องขอจากหน่วยงานภายใต้การดูแล  หรือเมื่อได้รับ 
การประสานงานในกรณีที่คาดว่าจะเกิดภัยคุกคามทางไซเบอร์ขึ้นกับหน่วยงานดังกล่าว  ศูนย์ประสาน
การรักษาความมั่นคงปลอดภัยระบบคอมพิวเตอร์แห่งชาติอาจพิจารณาด าเนินการ  ดังนี้   
 
 
 
 
(๑) รวบรวมข้อมูล  ติดตาม  วิเคราะห์  และประมวลผลข้อมูล 
เพื่อท าวิจัยเชิงรุกเกี่ยวกับรูปแบบของการเกิดภัยคุกคามทางไซเบอร์  เพื่อประเมินผลกระทบและแนวโน้ม
ของการเกิดภัยคุกคามทางไซเบอร์ในรูปแบบต่าง ๆ   
้หนา   ๙
่เลม   ๑๓๘   ตอนพิเศษ   ๑๙๔    ง
ราชกิจจานุเบกษา
๒๓   สิงหาคม   ๒๕๖๔","This section permits ThaiCERT to collect, monitor, analyse, and process cyber-threat information. Maps to P7-I2 because it establishes a dedicated national cyber-threat monitoring and incident-response function.",https://drive.ncsa.or.th/s/DXs7pjtjFS5R2Zc/download,0.98,Discovery: master dataset already records s. 5.1.7 of this law. Modality: อาจพิจารณาด าเนินการ (may consider taking action); exceptions: none,Horizontal,,in_force
Thailand,"Notification of the National Cyber Security Committee Regarding Establishment, Duties, and Powers of the Thailand Computer Emergency Response Team (ThaiCERT) B.E.2564 (ประกาศคณะกรรมการการรักษาความมั่น",,,P7-I2,s. 5.1.7(3),KNOWN,page 2,"๕.๑.๗ เมื่อได้รับการร้องขอจากหน่วยงานภายใต้การดูแล  หรือเมื่อได้รับ 
การประสานงานในกรณีที่คาดว่าจะเกิดภัยคุกคามทางไซเบอร์ขึ้นกับหน่วยงานดังกล่าว  ศูนย์ประสาน
การรักษาความมั่นคงปลอดภัยระบบคอมพิวเตอร์แห่งชาติอาจพิจารณาด าเนินการ  ดังนี้   
 
 
 
 
(๑) รวบรวมข้อมูล  ติดตาม  วิเคราะห์  และประมวลผลข้อมูล 
เพื่อท าวิจัยเชิงรุกเกี่ยวกับรูปแบบของการเกิดภัยคุกคามทางไซเบอร์  เพื่อประเมินผลกระทบและแนวโน้ม
ของการเกิดภัยคุกคามทางไซเบอร์ในรูปแบบต่าง ๆ   
้หนา   ๙
่เลม   ๑๓๘   ตอนพิเศษ   ๑๙๔    ง
ราชกิจจานุเบกษา
๒๓   สิงหาคม   ๒๕๖๔","This section permits ThaiCERT to undertake cyber-threat research, prevention support, vulnerability assessment, and incident detection. Maps to P7-I2 because it establishes a dedicated cybersecurity risk-management and incident-response function.",https://drive.ncsa.or.th/s/DXs7pjtjFS5R2Zc/download,0.96,Discovery: master dataset already records s. 5.1.7 of this law. Modality: May consider taking action; exceptions: none,Sectoral (Agencies under ThaiCERT supervision),,in_force
Thailand,"Notification of the National Cyber Security Committee Regarding Establishment, Duties, and Powers of the Thailand Computer Emergency Response Team (ThaiCERT) B.E.2564 (ประกาศคณะกรรมการการรักษาความมั่น",,,P7-I2,s. 5.1.7(4),KNOWN,page 2,"๕.๑.๗ เมื่อได้รับการร้องขอจากหน่วยงานภายใต้การดูแล  หรือเมื่อได้รับ 
การประสานงานในกรณีที่คาดว่าจะเกิดภัยคุกคามทางไซเบอร์ขึ้นกับหน่วยงานดังกล่าว  ศูนย์ประสาน
การรักษาความมั่นคงปลอดภัยระบบคอมพิวเตอร์แห่งชาติอาจพิจารณาด าเนินการ  ดังนี้   
 
 
 
 
(๑) รวบรวมข้อมูล  ติดตาม  วิเคราะห์  และประมวลผลข้อมูล 
เพื่อท าวิจัยเชิงรุกเกี่ยวกับรูปแบบของการเกิดภัยคุกคามทางไซเบอร์  เพื่อประเมินผลกระทบและแนวโน้ม
ของการเกิดภัยคุกคามทางไซเบอร์ในรูปแบบต่าง ๆ   
้หนา   ๙
่เลม   ๑๓๘   ตอนพิเศษ   ๑๙๔    ง
ราชกิจจานุเบกษา
๒๓   สิงหาคม   ๒๕๖๔

 
 
 
 
(๒) ให้การช่วยเหลือ  แนะน า  และสนับสนุนในการด าเนิน
มาตรการป้องกันตามแนวทางปฏิบัติที่ดี  (best  practice)  เพื่อเตรียมความพร้อมในการรับมือ 
เมื่อได้รับการแจ้งเตือนเกี่ยวกับภัยคุกคามทางไซเบอร์ 
 
 
 
 
(๓) ประเมินความเสี่ยงและช่องโหว่ที่อาจถูกใช้ในการก่อภัยคุกคาม
ทางไซเบอร์เพื่อน าไปสู่การจัดการช่องโหว่  การด าเนินมาตรการป้องกัน  หรือกระท าการอื่นใด 
เพื่อการรักษาความมั่นคงปลอดภัยไซเบอร์ 
 
 
 
 
(๔) ตรวจจับเหตุการณ์ที่อาจน ามาสู่การบุกรุก  วิเคราะห์สิ่งบอก
เหตุการณ์  หรือด าเนินการอื่นใดที่เกี่ยวข้องเพื่อตรวจสอบโปรแกรม  หรือค้นหาสิ่งที่ไม่พึงประสงค์  
(malicious  code)  ซึ่งอาจเป็นอันตรายต่อโครงสร้างพื้นฐานส าคัญทางสารสนเทศ  หรือระบบงาน 
ที่มีความส าคัญอื่น ๆ   
 
 
ทั้งนี้  เพื่อประโยชน์ในการประสานงานและการแจ้งเตือนเกี่ยวกับภัยคุกคามทางไซเบอร์  
ให้ศูนย์ประสานการรักษาความมั่นคงปลอดภัยระบบคอมพิวเตอร์แห่งชาติด าเนินการเพื่อให้มี 
การรับลงทะเบียนข้อมูลและจัดท าบัญชีช่องทางการติดต่อ  (point  of  contact)  ของหน่วยงานภายใต้ 
การดูแล  เพื่อใช้เป็นช่องทางหลักในการติดต่อสื่อสารระหว่างศูนย์ประสานการรักษาความมั่นคง
ปลอดภัยระบบคอมพิวเตอร์แห่งชาติกับหน่วยงานดังกล่าว","This s. 5.1.7 permits ThaiCERT to detect and analyze cyber incidents and malicious code, and requires contact-point registration for alerts. Maps to P7-I2 because it establishes dedicated cybersecurity incident-detection, coordination, and response functions.",https://drive.ncsa.or.th/s/DXs7pjtjFS5R2Zc/download,0.96,Discovery: master dataset already records s. 5.1.7 of this law. Modality: may consider taking the listed actions; must establish registration and contact-point channels; exceptions: none,Horizontal,,in_force
Thailand,"Notification of the National Cyber Security Committee Regarding Establishment, Duties, and Powers of the Thailand Computer Emergency Response Team (ThaiCERT) B.E.2564 (ประกาศคณะกรรมการการรักษาความมั่น",,,P7-I2,s. 5.2,KNOWN,page 3,"๕.๒ การด าเนินมาตรการเชิงรับเมื่อมีภัยคุกคามทางไซเบอร์เกิดขึ้น  ให้เป็นไป 
ตามหลักเกณฑ์  ดังนี้",This section requires ThaiCERT to implement responsive measures when cyber threats occur. Maps to P7-I2 because it establishes the incident-response function of a dedicated cybersecurity framework.,https://drive.ncsa.or.th/s/DXs7pjtjFS5R2Zc/download,0.98,Discovery: master dataset already records s. 5.2 of this law. Modality: must; exceptions: none,Horizontal,,in_force
Thailand,"Notification of the National Cyber Security Committee Regarding Establishment, Duties, and Powers of the Thailand Computer Emergency Response Team (ThaiCERT) B.E.2564 (ประกาศคณะกรรมการการรักษาความมั่น",,,P7-I2,s. 5.2.1,KNOWN,page 3,"๕.๒.๑ เป็นศูนย์กลางในการรับและแจ้งเหตุเกี่ยวกับภัยคุกคามทางไซเบอร์ 
ที่เกิดขึ้นทั้งในประเทศและต่างประเทศ  และประสานงานกับหน่วยงานภายใต้การดูแล  เพื่อตอบสนอง
และรับมือกับภัยคุกคามทางไซเบอร์อย่างเหมาะสมและทันท่วงที  ตลอดจนให้การสนับสนุนข้อมูลต่าง ๆ   
ที่จ าเป็นแก่หน่วยงานดังกล่าว  เพื่อด าเนินการแก้ไขเหตุภัยคุกคามทางไซเบอร์  โดยจัดให้มีช่องทาง 
ในการรับและแจ้งเหตุผ่านระบบอิเล็กทรอนิกส์ที่ก าหนดขึ้นโดยเฉพาะหรือช่องทางอื่นใดตามที่ 
ศูนย์ประสานการรักษาความมั่นคงปลอดภัยระบบคอมพิวเตอร์แห่งชาติก าหนด",This section establishes ThaiCERT as the central body for receiving and reporting cyber-threat incidents. Maps to P7-I2 because it evidences the incident-response function of a dedicated cybersecurity framework.,https://drive.ncsa.or.th/s/DXs7pjtjFS5R2Zc/download,0.96,Discovery: master dataset already records s. 5.2.1 of this law. Modality: Establishes / assigns the function of; exceptions: none,Horizontal,,in_force
Thailand,"Notification of the National Cyber Security Committee Regarding Establishment, Duties, and Powers of the Thailand Computer Emergency Response Team (ThaiCERT) B.E.2564 (ประกาศคณะกรรมการการรักษาความมั่น",,,P7-I2,s. 5.2.2,KNOWN,page 3,"๕.๒.๒ พิจารณาความเหมาะสมในการก าหนดระดับภัยคุกคามทางไซเบอร์ 
ที่เกิดขึ้นตามที่ได้รับแจ้งจากหน่วยงานภายใต้การดูแล  โดยอาจพิจารณาก าหนดความเร่งด่วนตามที่ได้รับแจ้ง
หรือก าหนดความเร่งด่วนขึ้นใหม่จากลักษณะหรือผลกระทบจากภัยคุกคามทางไซเบอร์  และให้
ค าแนะน าในการก าหนดแผนการรับมือและแก้ไขภัยคุกคามทางไซเบอร์ที่เหมาะสมเพื่อจ ากัดขอบเขต
ความเสียหาย",This section requires ThaiCERT to assess notified cyber threats and advise response and remediation plans. Maps to P7-I2 because it establishes the incident-response function of a dedicated horizontal cybersecurity framework.,https://drive.ncsa.or.th/s/DXs7pjtjFS5R2Zc/download,0.98,Discovery: master dataset already records s. 5.2.2 of this law. Modality: Must consider threat levels and provide advice; may determine or redetermine urgency; exceptions: none,Horizontal,,in_force
Thailand,"Notification of the National Cyber Security Committee Regarding Establishment, Duties, and Powers of the Thailand Computer Emergency Response Team (ThaiCERT) B.E.2564 (ประกาศคณะกรรมการการรักษาความมั่น",,,P7-I2,s. 5.2.3,KNOWN,page 3,"๕.๒.๓ ติดตามการตอบสนองและรับมือกับภัยคุกคามทางไซเบอร์  ผลกระทบ
เกี่ยวกับภัยคุกคามทางไซเบอร์  และผลการตอบสนองและรับมือเมื่อมีภัยคุกคามทางไซเบอร์เกิดขึ้น 
้หนา   ๑๐
่เลม   ๑๓๘   ตอนพิเศษ   ๑๙๔    ง
ราชกิจจานุเบกษา
๒๓   สิงหาคม   ๒๕๖๔","This section requires ThaiCERT to monitor cyber-threat responses, impacts, and response results. Maps to P7-I2 because it establishes the incident-response function of a horizontal cybersecurity framework.",https://drive.ncsa.or.th/s/DXs7pjtjFS5R2Zc/download,0.98,Discovery: master dataset already records s. 5.2.3 of this law. Modality: Requires; exceptions: none,Horizontal,,in_force
Thailand,"Notification of the National Cyber Security Committee Regarding Establishment, Duties, and Powers of the Thailand Computer Emergency Response Team (ThaiCERT) B.E.2564 (ประกาศคณะกรรมการการรักษาความมั่น",,,P7-I2,s. 5.2.4,KNOWN,page 4,"๕.๒.๔ เมื่อได้รับการร้องขอจากหน่วยงานภายใต้การดูแล  หรือเมื่อได้รับ 
การประสานงานในกรณีที่คาดว่าจะเกิดภัยคุกคามทางไซเบอร์ขึ้นกับหน่วยงานดังกล่าว  ศูนย์ประสาน
การรักษาความมั่นคงปลอดภัยระบบคอมพิวเตอร์แห่งชาติอาจพิจารณาด าเนินการ  ดังนี้   
 
 
 
 
(๑) ให้การช่วยเหลือ  แนะน า  และสนับสนุนในการตอบสนอง 
และรับมือกับภัยคุกคามทางไซเบอร์ที่เกิดขึ้น  เช่น  การช่วยวิเคราะห์ต้นเหตุของภัยคุกคาม  โปรไฟล์ของ
ผู้โจมตี  วิธีการระงับเหตุการณ์ตอบโต้ผู้บุกรุกและการก าจัดช่องโหว่  โดยอาจเข้าไปในสถานที่ที่เกิด
เหตุการณ์  หรือด าเนินการผ่านวิธีการทางอิเล็กทรอนิกส์ที่ใช้ในการติดต่อสื่อสารจากสถานที่ปฏิบัติงาน
ของศูนย์ประสานการรักษาความมั่นคงปลอดภัยระบบคอมพิวเตอร์แห่งชาติ 
 
 
 
 
(๒) ให้การช่วยเหลือ  แนะน า  และสนับสนุนในการฟื้นฟูเพื่อให้
สามารถกลับมาด าเนินภารกิจหรือให้บริการได้ต่อไปภายหลังการระงับเหตุภัยคุกคามทางไซเบอร์เสร็จสิ้น 
 
 
 
 
(๓) ให้การช่วยเหลือ  แนะน า  และสนับสนุนในการด าเนิน
กระบวนการทางนิติวิทยาศาสตร์  การตรวจพิสูจน์พยานหลักฐานทางดิจิทัล  การเชื่อมโยงข้อมูล 
ภัยคุกคามทางไซเบอร์จากแหล่งข้อมูลต่าง ๆ  ตลอดจนการสืบสวนหรือสอบสวนเกี่ยวกับการกระท า
ความผิดที่เกี่ยวข้องกับการก่อภัยคุกคามทางไซเบอร์","This section permits ThaiCERT to assist with cyber-threat response, recovery, forensics, and investigation. Maps to P7-I2 because it establishes a core incident-response function of the cybersecurity framework.",https://drive.ncsa.or.th/s/DXs7pjtjFS5R2Zc/download,0.98,Discovery: master dataset already records s. 5.2.4 of this law. Modality: May / discretionary authority; exceptions: none,Horizontal,,in_force
Thailand,"Notification of the National Cyber Security Committee Regarding Establishment, Duties, and Powers of the Thailand Computer Emergency Response Team (ThaiCERT) B.E.2564 (ประกาศคณะกรรมการการรักษาความมั่น",,,P7-I2,s. 5.2.4(1),KNOWN,page 4,"๕.๒.๔ เมื่อได้รับการร้องขอจากหน่วยงานภายใต้การดูแล  หรือเมื่อได้รับ 
การประสานงานในกรณีที่คาดว่าจะเกิดภัยคุกคามทางไซเบอร์ขึ้นกับหน่วยงานดังกล่าว  ศูนย์ประสาน
การรักษาความมั่นคงปลอดภัยระบบคอมพิวเตอร์แห่งชาติอาจพิจารณาด าเนินการ  ดังนี้   
 
 
 
 
(๑) ให้การช่วยเหลือ  แนะน า  และสนับสนุนในการตอบสนอง 
และรับมือกับภัยคุกคามทางไซเบอร์ที่เกิดขึ้น  เช่น  การช่วยวิเคราะห์ต้นเหตุของภัยคุกคาม  โปรไฟล์ของ
ผู้โจมตี  วิธีการระงับเหตุการณ์ตอบโต้ผู้บุกรุกและการก าจัดช่องโหว่  โดยอาจเข้าไปในสถานที่ที่เกิด
เหตุการณ์  หรือด าเนินการผ่านวิธีการทางอิเล็กทรอนิกส์ที่ใช้ในการติดต่อสื่อสารจากสถานที่ปฏิบัติงาน
ของศูนย์ประสานการรักษาความมั่นคงปลอดภัยระบบคอมพิวเตอร์แห่งชาติ 
 
 
 
 
(๒) ให้การช่วยเหลือ  แนะน า  และสนับสนุนในการฟื้นฟูเพื่อให้
สามารถกลับมาด าเนินภารกิจหรือให้บริการได้ต่อไปภายหลังการระงับเหตุภัยคุกคามทางไซเบอร์เสร็จสิ้น 
 
 
 
 
(๓) ให้การช่วยเหลือ  แนะน า  และสนับสนุนในการด าเนิน
กระบวนการทางนิติวิทยาศาสตร์  การตรวจพิสูจน์พยานหลักฐานทางดิจิทัล  การเชื่อมโยงข้อมูล 
ภัยคุกคามทางไซเบอร์จากแหล่งข้อมูลต่าง ๆ  ตลอดจนการสืบสวนหรือสอบสวนเกี่ยวกับการกระท า
ความผิดที่เกี่ยวข้องกับการก่อภัยคุกคามทางไซเบอร์","This section permits ThaiCERT to assist, advise, and support cyber-threat response. Maps to P7-I2 because it establishes an incident-response function within a dedicated cybersecurity framework.",https://drive.ncsa.or.th/s/DXs7pjtjFS5R2Zc/download,0.96,Discovery: master dataset already records s. 5.2.4 of this law. Modality: May (อาจพิจารณาด าเนินการ); exceptions: none,Sectoral (Agencies under ThaiCERT supervision),,in_force
Thailand,"Notification of the National Cyber Security Committee Regarding Establishment, Duties, and Powers of the Thailand Computer Emergency Response Team (ThaiCERT) B.E.2564 (ประกาศคณะกรรมการการรักษาความมั่น",,,P7-I2,s. 5.2.4(2),KNOWN,page 4,"๕.๒.๔ เมื่อได้รับการร้องขอจากหน่วยงานภายใต้การดูแล  หรือเมื่อได้รับ 
การประสานงานในกรณีที่คาดว่าจะเกิดภัยคุกคามทางไซเบอร์ขึ้นกับหน่วยงานดังกล่าว  ศูนย์ประสาน
การรักษาความมั่นคงปลอดภัยระบบคอมพิวเตอร์แห่งชาติอาจพิจารณาด าเนินการ  ดังนี้   
 
 
 
 
(๑) ให้การช่วยเหลือ  แนะน า  และสนับสนุนในการตอบสนอง 
และรับมือกับภัยคุกคามทางไซเบอร์ที่เกิดขึ้น  เช่น  การช่วยวิเคราะห์ต้นเหตุของภัยคุกคาม  โปรไฟล์ของ
ผู้โจมตี  วิธีการระงับเหตุการณ์ตอบโต้ผู้บุกรุกและการก าจัดช่องโหว่  โดยอาจเข้าไปในสถานที่ที่เกิด
เหตุการณ์  หรือด าเนินการผ่านวิธีการทางอิเล็กทรอนิกส์ที่ใช้ในการติดต่อสื่อสารจากสถานที่ปฏิบัติงาน
ของศูนย์ประสานการรักษาความมั่นคงปลอดภัยระบบคอมพิวเตอร์แห่งชาติ 
 
 
 
 
(๒) ให้การช่วยเหลือ  แนะน า  และสนับสนุนในการฟื้นฟูเพื่อให้
สามารถกลับมาด าเนินภารกิจหรือให้บริการได้ต่อไปภายหลังการระงับเหตุภัยคุกคามทางไซเบอร์เสร็จสิ้น 
 
 
 
 
(๓) ให้การช่วยเหลือ  แนะน า  และสนับสนุนในการด าเนิน
กระบวนการทางนิติวิทยาศาสตร์  การตรวจพิสูจน์พยานหลักฐานทางดิจิทัล  การเชื่อมโยงข้อมูล 
ภัยคุกคามทางไซเบอร์จากแหล่งข้อมูลต่าง ๆ  ตลอดจนการสืบสวนหรือสอบสวนเกี่ยวกับการกระท า
ความผิดที่เกี่ยวข้องกับการก่อภัยคุกคามทางไซเบอร์","This section permits ThaiCERT to undertake cybersecurity response, recovery, and forensic-support functions. Maps to P7-I2 because it establishes a dedicated cybersecurity incident-response framework function.",https://drive.ncsa.or.th/s/DXs7pjtjFS5R2Zc/download,0.95,Discovery: master dataset already records s. 5.2.4 of this law. Modality: May (อาจพิจารณา); exceptions: none,Sectoral (Agencies under ThaiCERT supervision),,in_force
Thailand,"Notification of the National Cyber Security Committee Regarding Establishment, Duties, and Powers of the Thailand Computer Emergency Response Team (ThaiCERT) B.E.2564 (ประกาศคณะกรรมการการรักษาความมั่น",,,P7-I2,s. 5.2.4(3),KNOWN,page 4,"๕.๒.๔ เมื่อได้รับการร้องขอจากหน่วยงานภายใต้การดูแล  หรือเมื่อได้รับ 
การประสานงานในกรณีที่คาดว่าจะเกิดภัยคุกคามทางไซเบอร์ขึ้นกับหน่วยงานดังกล่าว  ศูนย์ประสาน
การรักษาความมั่นคงปลอดภัยระบบคอมพิวเตอร์แห่งชาติอาจพิจารณาด าเนินการ  ดังนี้   
 
 
 
 
(๑) ให้การช่วยเหลือ  แนะน า  และสนับสนุนในการตอบสนอง 
และรับมือกับภัยคุกคามทางไซเบอร์ที่เกิดขึ้น  เช่น  การช่วยวิเคราะห์ต้นเหตุของภัยคุกคาม  โปรไฟล์ของ
ผู้โจมตี  วิธีการระงับเหตุการณ์ตอบโต้ผู้บุกรุกและการก าจัดช่องโหว่  โดยอาจเข้าไปในสถานที่ที่เกิด
เหตุการณ์  หรือด าเนินการผ่านวิธีการทางอิเล็กทรอนิกส์ที่ใช้ในการติดต่อสื่อสารจากสถานที่ปฏิบัติงาน
ของศูนย์ประสานการรักษาความมั่นคงปลอดภัยระบบคอมพิวเตอร์แห่งชาติ 
 
 
 
 
(๒) ให้การช่วยเหลือ  แนะน า  และสนับสนุนในการฟื้นฟูเพื่อให้
สามารถกลับมาด าเนินภารกิจหรือให้บริการได้ต่อไปภายหลังการระงับเหตุภัยคุกคามทางไซเบอร์เสร็จสิ้น 
 
 
 
 
(๓) ให้การช่วยเหลือ  แนะน า  และสนับสนุนในการด าเนิน
กระบวนการทางนิติวิทยาศาสตร์  การตรวจพิสูจน์พยานหลักฐานทางดิจิทัล  การเชื่อมโยงข้อมูล 
ภัยคุกคามทางไซเบอร์จากแหล่งข้อมูลต่าง ๆ  ตลอดจนการสืบสวนหรือสอบสวนเกี่ยวกับการกระท า
ความผิดที่เกี่ยวข้องกับการก่อภัยคุกคามทางไซเบอร์","This section permits ThaiCERT to undertake cyber-threat response, recovery, forensic, and investigation support. Maps to P7-I2 because it establishes the incident-response function of a dedicated horizontal cybersecurity framework.",https://drive.ncsa.or.th/s/DXs7pjtjFS5R2Zc/download,0.98,Discovery: master dataset already records s. 5.2.4 of this law. Modality: May consider undertaking; exceptions: none,Horizontal,,in_force
Thailand,"Notification of the National Cyber Security Committee Regarding Establishment, Duties, and Powers of the Thailand Computer Emergency Response Team (ThaiCERT) B.E.2564 (ประกาศคณะกรรมการการรักษาความมั่น",,,P7-I2,s. 5.2.5,KNOWN,page 4,"๕.๒.๕ จัดท ารายงานข้อมูลผลการรับมือกับภัยคุกคามทางไซเบอร์ที่เกิดขึ้น  
ทั้งในกรณีที่ได้รับทราบจากการแจ้งเหตุของผู้เกี่ยวข้อง  รวมถึงกรณีที่พบเห็นเหตุการณ์เกี่ยวกับ 
ภัยคุกคามทางไซเบอร์  เพื่อรายงานต่อส านักงานคณะกรรมการการรักษาความมั่นคงปลอดภัยไซเบอร์
แห่งชาติ 
 
 
ทั้งนี้  เพื่อประโยชน์ในการรับมือกับเหตุภัยคุกคามทางไซเบอร์  ศูนย์ประสาน 
การรักษาความมั่นคงปลอดภัยระบบคอมพิวเตอร์แห่งชาติอาจด าเนินการรวบรวมข้อมูลการโจมตี 
ทางไซเบอร์ที่เกิดขึ้น  เพื่อใช้เป็นข้อมูลในการศึกษา  วิเคราะห์และประมวลผลข้อมูลเกี่ยวกับภัยคุกคาม
ทางไซเบอร์  เพื่อน าไปสู่การด าเนินมาตรการเชิงรุกในการป้องกันและเฝ้าระวังความเสี่ยงในการเกิด 
ภัยคุกคามทางไซเบอร์ในอนาคต",This section requires ThaiCERT incident-response reporting and permits cyberattack-data collection. Maps to P7-I2 because it establishes the incident-response and cyber-risk monitoring function of a dedicated cybersecurity framework.,https://drive.ncsa.or.th/s/DXs7pjtjFS5R2Zc/download,0.99,Discovery: master dataset already records s. 5.2.5 of this law. Modality: Requires reporting; may collect data; exceptions: none,Horizontal,,in_force
Thailand,"Notification of the National Cyber Security Committee Regarding Establishment, Duties, and Powers of the Thailand Computer Emergency Response Team (ThaiCERT) B.E.2564 (ประกาศคณะกรรมการการรักษาความมั่น",,,P7-I2,s. 5.3,KNOWN,page 4,"๕.๓ การด าเนินมาตรการด้านการบริหารจัดการคุณภาพเพื่อการรักษาความมั่นคง
ปลอดภัยไซเบอร์  ให้เป็นไปตามหลักเกณฑ์  ดังนี้",This section requires quality-management measures for cybersecurity to comply with prescribed criteria. Maps to P7-I2 because it establishes a horizontal cybersecurity governance framework.,https://drive.ncsa.or.th/s/DXs7pjtjFS5R2Zc/download,0.96,Discovery: master dataset already records s. 5.3 of this law. Modality: ให้เป็นไปตาม; exceptions: none,Horizontal,,in_force
Thailand,"Notification of the National Cyber Security Committee Regarding Establishment, Duties, and Powers of the Thailand Computer Emergency Response Team (ThaiCERT) B.E.2564 (ประกาศคณะกรรมการการรักษาความมั่น",,,P7-I2,s. 5.3.1,KNOWN,page 4,"๕.๓.๑ ผลักดันและสนับสนุนให้เกิดการสร้างความตระหนักรู้เกี่ยวกับ 
ภัยคุกคามทางไซเบอร์  เพื่อน าไปสู่การด าเนินมาตรการในการป้องกันและการรักษาความมั่นคงปลอดภัย
ไซเบอร์",This section establishes ThaiCERT's function to promote cyber-threat awareness leading to prevention and cybersecurity measures. Maps to P7-I2 because it evidences the dedicated horizontal cybersecurity framework's prevention function.,https://drive.ncsa.or.th/s/DXs7pjtjFS5R2Zc/download,0.96,Discovery: master dataset already records s. 5.3.1 of this law. Modality: Function/duty; exceptions: none,Horizontal,,in_force
Thailand,"Notification of the National Cyber Security Committee Regarding Establishment, Duties, and Powers of the Thailand Computer Emergency Response Team (ThaiCERT) B.E.2564 (ประกาศคณะกรรมการการรักษาความมั่น",,,P7-I2,s. 5.3.2,KNOWN,page 4,"๕.๓.๒ ยกระดับความรู้ความสามารถของหน่วยงานภายใต้การดูแล   
เพื่อเตรียมความพร้อมในการปฏิบัติงานด้านการรักษาความมั่นคงปลอดภัยไซเบอร์  และสามารถ
ยกระดับการป้องกันโครงสร้างพื้นฐานส าคัญทางสารสนเทศ  และระบบงานที่มีความส าคัญอื่น ๆ 
้หนา   ๑๑
่เลม   ๑๓๘   ตอนพิเศษ   ๑๙๔    ง
ราชกิจจานุเบกษา
๒๓   สิงหาคม   ๒๕๖๔",This section establishes ThaiCERT’s function to build cybersecurity readiness and protect critical information infrastructure. Maps to P7-I2 because it evidences a dedicated horizontal cybersecurity framework’s operational and critical-infrastructure protection function.,https://drive.ncsa.or.th/s/DXs7pjtjFS5R2Zc/download,0.96,Discovery: master dataset already records s. 5.3.2 of this law. Modality: Establishes a statutory function/duty; exceptions: none,Horizontal,,in_force
Thailand,"Notification of the National Cyber Security Committee Regarding Establishment, Duties, and Powers of the Thailand Computer Emergency Response Team (ThaiCERT) B.E.2564 (ประกาศคณะกรรมการการรักษาความมั่น",,,P7-I2,s. 5.3.3,KNOWN,page 5,"๕.๓.๓ เมื่อได้รับการร้องขอจากหน่วยงานภายใต้การดูแล  ศูนย์ประสาน 
การรักษาความมั่นคงปลอดภัยระบบคอมพิวเตอร์แห่งชาติอาจพิจารณาด าเนินการ  ดังนี้ 
 
 
 
 
(๑) ให้การช่วยเหลือ  แนะน า  และสนับสนุนในการประเมิน 
ความเสี่ยงของการเกิดภัยคุกคามทางไซเบอร์  โดยใช้กระบวนการเรียนรู้ที่ได้รับจากการด าเนินมาตรการ
เชิงรุกเพื่อป้องกันและเฝ้าระวังความเสี่ยงในการเกิดภัยคุกคามทางไซเบอร์  และการด าเนินมาตรการ 
เชิงรับเมื่อมีภัยคุกคามทางไซเบอร์เกิดขึ้น  เพื่อช่วยให้หน่วยงานดังกล่าวสามารถวางแผนการรับมือ 
ในกรณีที่ต้องเผชิญเหตุภัยคุกคามทางไซเบอร์ 
 
 
 
 
(๒) ให้การช่วยเหลือ  แนะน าและสนับสนุนในการจัดท าแผน 
ความต่อเนื่องของการด าเนินงาน  (business  continuity  plan)  เพื่อรับมือในกรณีที่เกิดเหตุภัยคุกคาม
ทางไซเบอร์  แผนการป้องกันโครงสร้างพื้นฐานส าคัญทางสารสนเทศ  (critical  information  
infrastructure  protection  plan)  และแผนฟื้นฟู  (disaster  recovery  plan)  ภายหลังเกิด 
ภัยคุกคามทางไซเบอร์","This section permits ThaiCERT to assist supervised agencies with cyber-risk assessment, continuity, critical-infrastructure protection, and recovery planning. Maps to P7-I2 because it establishes a dedicated national incident-response and cyber-risk framework.",https://drive.ncsa.or.th/s/DXs7pjtjFS5R2Zc/download,0.98,Discovery: master dataset already records s. 5.3.3 of this law. Modality: May; exceptions: none,Horizontal,,in_force
Thailand,"Notification of the National Cyber Security Committee Regarding Establishment, Duties, and Powers of the Thailand Computer Emergency Response Team (ThaiCERT) B.E.2564 (ประกาศคณะกรรมการการรักษาความมั่น",,,P7-I2,s. 5.3.3(1),KNOWN,page 5,"๕.๓.๓ เมื่อได้รับการร้องขอจากหน่วยงานภายใต้การดูแล  ศูนย์ประสาน 
การรักษาความมั่นคงปลอดภัยระบบคอมพิวเตอร์แห่งชาติอาจพิจารณาด าเนินการ  ดังนี้ 
 
 
 
 
(๑) ให้การช่วยเหลือ  แนะน า  และสนับสนุนในการประเมิน 
ความเสี่ยงของการเกิดภัยคุกคามทางไซเบอร์  โดยใช้กระบวนการเรียนรู้ที่ได้รับจากการด าเนินมาตรการ
เชิงรุกเพื่อป้องกันและเฝ้าระวังความเสี่ยงในการเกิดภัยคุกคามทางไซเบอร์  และการด าเนินมาตรการ 
เชิงรับเมื่อมีภัยคุกคามทางไซเบอร์เกิดขึ้น  เพื่อช่วยให้หน่วยงานดังกล่าวสามารถวางแผนการรับมือ 
ในกรณีที่ต้องเผชิญเหตุภัยคุกคามทางไซเบอร์ 
 
 
 
 
(๒) ให้การช่วยเหลือ  แนะน าและสนับสนุนในการจัดท าแผน 
ความต่อเนื่องของการด าเนินงาน  (business  continuity  plan)  เพื่อรับมือในกรณีที่เกิดเหตุภัยคุกคาม
ทางไซเบอร์  แผนการป้องกันโครงสร้างพื้นฐานส าคัญทางสารสนเทศ  (critical  information  
infrastructure  protection  plan)  และแผนฟื้นฟู  (disaster  recovery  plan)  ภายหลังเกิด 
ภัยคุกคามทางไซเบอร์","This section permits ThaiCERT to assist, advise, and support cyber-threat risk assessment and response planning. Maps to P7-I2 because it evidences a dedicated national cyber incident-response and risk-management framework.",https://drive.ncsa.or.th/s/DXs7pjtjFS5R2Zc/download,0.98,Discovery: master dataset already records s. 5.3.3 of this law. Modality: อาจพิจารณาดำเนินการ (may consider undertaking); exceptions: none,Horizontal,,in_force
Thailand,"Notification of the National Cyber Security Committee Regarding Establishment, Duties, and Powers of the Thailand Computer Emergency Response Team (ThaiCERT) B.E.2564 (ประกาศคณะกรรมการการรักษาความมั่น",,,P7-I2,s. 5.3.4,KNOWN,page 5,"๕.๓.๔ เพื่อให้การบริหารจัดการคุณภาพเพื่อการรักษาความมั่นคงปลอดภัย
ไซเบอร์  ด าเนินการได้อย่างมีประสิทธิภาพและมีประสิทธิผล  ให้ศูนย์ประสานการรักษาความมั่นคง
ปลอดภัยระบบคอมพิวเตอร์แห่งชาติด าเนินการ  ดังนี้ 
 
 
 
 
(๑) ระบุตัวชี้วัดและติดตามผลการด าเนินงาน  เพื่อประเมินคุณภาพ
ของการด าเนินการ  เช่น  ระยะเวลาที่ใช้ตอบสนองต่อการร้องขอ  ระยะเวลาที่ใช้ต่อการด าเนินงาน 
ในสถานการณ์ต่าง ๆ  และจ านวนรายงานหรือคู่มือที่เกี่ยวข้องกับพันธกิจ  เป็นต้น 
 
 
 
 
(๒) ก าหนดแนวทางการด าเนินงานด้านนโยบายและการปฏิบัติ 
เป็นระดับ  (phase)  โดยอาจใช้โมเดลการวัดระดับขีดความสามารถขององค์กร  (Capability  Maturity  
Model  หรือ  “CMM”)  เป็นเครื่องมือในการก าหนด 
 
 
 
 
(๓) จัดให้มีระบบบริหารจัดการคุณภาพ  (service  management  
quality  system)  เพื่อติดตามผลการด าเนินงานและปรับปรุงการด าเนินงานอย่างต่อเนื่อง  เพื่อให้
เป็นไปตามผลการด าเนินงานที่ตั้งเป้าหมาย   
 
 
 
 
(๔) ก าหนดกระบวนการและขั้นตอน  รวมถึงเครื่องมือที่จ าเป็น 
เพื่อใช้สนับสนุนการให้บริการแก่หน่วยงานภายใต้การดูแล  เช่น  ระบบบันทึกภัยคุกคามและการติดตาม
การด าเนินงาน  (ticketing  system)  และระบบบริหารจัดการงานต่าง ๆ  (workflow  management  
system)  เป็นต้น",This section requires ThaiCERT to implement cybersecurity quality-management processes. Maps to P7-I2 because it establishes a national CERT and incident-response legal function within a dedicated horizontal cybersecurity framework.,https://drive.ncsa.or.th/s/DXs7pjtjFS5R2Zc/download,0.97,Discovery: master dataset already records s. 5.3.4 of this law. Modality: Must; exceptions: none,Horizontal,,in_force
Thailand,"Notification of the National Cyber Security Committee Regarding Establishment, Duties, and Powers of the Thailand Computer Emergency Response Team (ThaiCERT) B.E.2564 (ประกาศคณะกรรมการการรักษาความมั่น",,,P7-I2,s. 5.3.4(1),KNOWN,page 5,"๕.๓.๔ เพื่อให้การบริหารจัดการคุณภาพเพื่อการรักษาความมั่นคงปลอดภัย
ไซเบอร์  ด าเนินการได้อย่างมีประสิทธิภาพและมีประสิทธิผล  ให้ศูนย์ประสานการรักษาความมั่นคง
ปลอดภัยระบบคอมพิวเตอร์แห่งชาติด าเนินการ  ดังนี้ 
 
 
 
 
(๑) ระบุตัวชี้วัดและติดตามผลการด าเนินงาน  เพื่อประเมินคุณภาพ
ของการด าเนินการ  เช่น  ระยะเวลาที่ใช้ตอบสนองต่อการร้องขอ  ระยะเวลาที่ใช้ต่อการด าเนินงาน 
ในสถานการณ์ต่าง ๆ  และจ านวนรายงานหรือคู่มือที่เกี่ยวข้องกับพันธกิจ  เป็นต้น 
 
 
 
 
(๒) ก าหนดแนวทางการด าเนินงานด้านนโยบายและการปฏิบัติ 
เป็นระดับ  (phase)  โดยอาจใช้โมเดลการวัดระดับขีดความสามารถขององค์กร  (Capability  Maturity  
Model  หรือ  “CMM”)  เป็นเครื่องมือในการก าหนด 
 
 
 
 
(๓) จัดให้มีระบบบริหารจัดการคุณภาพ  (service  management  
quality  system)  เพื่อติดตามผลการด าเนินงานและปรับปรุงการด าเนินงานอย่างต่อเนื่อง  เพื่อให้
เป็นไปตามผลการด าเนินงานที่ตั้งเป้าหมาย   
 
 
 
 
(๔) ก าหนดกระบวนการและขั้นตอน  รวมถึงเครื่องมือที่จ าเป็น 
เพื่อใช้สนับสนุนการให้บริการแก่หน่วยงานภายใต้การดูแล  เช่น  ระบบบันทึกภัยคุกคามและการติดตาม
การด าเนินงาน  (ticketing  system)  และระบบบริหารจัดการงานต่าง ๆ  (workflow  management  
system)  เป็นต้น",This s. 5.3.4(1) requires ThaiCERT to conduct quality-management actions for cybersecurity operations. Maps to P7-I2 because it establishes a dedicated national cybersecurity incident-response institutional function.,https://drive.ncsa.or.th/s/DXs7pjtjFS5R2Zc/download,0.93,Discovery: master dataset already records s. 5.3.4 of this law. Modality: Must/shall (ให้...ด าเนินการ); exceptions: none,Horizontal,,in_force
Thailand,"Notification of the National Cyber Security Committee Regarding Establishment, Duties, and Powers of the Thailand Computer Emergency Response Team (ThaiCERT) B.E.2564 (ประกาศคณะกรรมการการรักษาความมั่น",,,P7-I2,s. 5.3.4(3),KNOWN,page 5,"(๒) ก าหนดแนวทางการด าเนินงานด้านนโยบายและการปฏิบัติ 
เป็นระดับ  (phase)  โดยอาจใช้โมเดลการวัดระดับขีดความสามารถขององค์กร  (Capability  Maturity  
Model  หรือ  “CMM”)  เป็นเครื่องมือในการก าหนด 
 
 
 
 
(๓) จัดให้มีระบบบริหารจัดการคุณภาพ  (service  management  
quality  system)  เพื่อติดตามผลการด าเนินงานและปรับปรุงการด าเนินงานอย่างต่อเนื่อง  เพื่อให้
เป็นไปตามผลการด าเนินงานที่ตั้งเป้าหมาย   
 
 
 
 
(๔) ก าหนดกระบวนการและขั้นตอน  รวมถึงเครื่องมือที่จ าเป็น 
เพื่อใช้สนับสนุนการให้บริการแก่หน่วยงานภายใต้การดูแล  เช่น  ระบบบันทึกภัยคุกคามและการติดตาม
การด าเนินงาน  (ticketing  system)  และระบบบริหารจัดการงานต่าง ๆ  (workflow  management  
system)  เป็นต้น",This s. 5.3.4(3) requires ThaiCERT to establish a quality-management system for monitoring and continuously improving cybersecurity operations. Maps to P7-I2 because it establishes a dedicated cybersecurity governance and incident-response institutional function.,https://drive.ncsa.or.th/s/DXs7pjtjFS5R2Zc/download,0.96,Discovery: master dataset already records s. 5.3.4 of this law. Modality: must/required (ให้...ด าเนินการ); exceptions: none,Horizontal,,in_force
Thailand,"Notification of the National Cyber Security Committee Regarding Establishment, Duties, and Powers of the Thailand Computer Emergency Response Team (ThaiCERT) B.E.2564 (ประกาศคณะกรรมการการรักษาความมั่น",,,P7-I2,s. 5.3.4(4),KNOWN,page 5,"๕.๓.๔ เพื่อให้การบริหารจัดการคุณภาพเพื่อการรักษาความมั่นคงปลอดภัย
ไซเบอร์  ด าเนินการได้อย่างมีประสิทธิภาพและมีประสิทธิผล  ให้ศูนย์ประสานการรักษาความมั่นคง
ปลอดภัยระบบคอมพิวเตอร์แห่งชาติด าเนินการ  ดังนี้ 
 
 
 
 
(๑) ระบุตัวชี้วัดและติดตามผลการด าเนินงาน  เพื่อประเมินคุณภาพ
ของการด าเนินการ  เช่น  ระยะเวลาที่ใช้ตอบสนองต่อการร้องขอ  ระยะเวลาที่ใช้ต่อการด าเนินงาน 
ในสถานการณ์ต่าง ๆ  และจ านวนรายงานหรือคู่มือที่เกี่ยวข้องกับพันธกิจ  เป็นต้น 
 
 
 
 
(๒) ก าหนดแนวทางการด าเนินงานด้านนโยบายและการปฏิบัติ 
เป็นระดับ  (phase)  โดยอาจใช้โมเดลการวัดระดับขีดความสามารถขององค์กร  (Capability  Maturity  
Model  หรือ  “CMM”)  เป็นเครื่องมือในการก าหนด 
 
 
 
 
(๓) จัดให้มีระบบบริหารจัดการคุณภาพ  (service  management  
quality  system)  เพื่อติดตามผลการด าเนินงานและปรับปรุงการด าเนินงานอย่างต่อเนื่อง  เพื่อให้
เป็นไปตามผลการด าเนินงานที่ตั้งเป้าหมาย   
 
 
 
 
(๔) ก าหนดกระบวนการและขั้นตอน  รวมถึงเครื่องมือที่จ าเป็น 
เพื่อใช้สนับสนุนการให้บริการแก่หน่วยงานภายใต้การดูแล  เช่น  ระบบบันทึกภัยคุกคามและการติดตาม
การด าเนินงาน  (ticketing  system)  และระบบบริหารจัดการงานต่าง ๆ  (workflow  management  
system)  เป็นต้น","This section requires ThaiCERT to establish processes, procedures, and threat-recording tools for cybersecurity services. Maps to P7-I2 because it establishes a dedicated national cybersecurity incident-response framework.",https://drive.ncsa.or.th/s/DXs7pjtjFS5R2Zc/download,0.98,Discovery: master dataset already records s. 5.3.4 of this law. Modality: Must/required (ให้...ด าเนินการ); exceptions: none,Horizontal,,in_force
Thailand,"Notification of the National Cyber Security Committee Regarding Establishment, Duties, and Powers of the Thailand Computer Emergency Response Team (ThaiCERT) B.E.2564 (ประกาศคณะกรรมการการรักษาความมั่น",,,P7-I2,s. 5.3.5,KNOWN,page 5,"ข้อ ๖ เพื่อประโยชน์ในการเฝ้าระวังความเสี่ยงในการเกิดภัยคุกคามทางไซเบอร์  ติดตาม  
วิเคราะห์และประมวลผลข้อมูลเกี่ยวกับภัยคุกคามทางไซเบอร์  และการแจ้งเตือนเกี่ยวกับภัยคุกคาม 
ทางไซเบอร์  ให้ศูนย์ประสานการรักษาความมั่นคงปลอดภัยระบบคอมพิวเตอร์แห่งชาติให้การช่วยเหลือ  
สนับสนุน  หรือปฏิบัติงานร่วมกับพนักงานเจ้าหน้าที่  หรือสนับสนุนการด าเนินการของส านักงาน
คณะกรรมการการรักษาความมั่นคงปลอดภัยไซเบอร์แห่งชาติในกิจการที่เกี่ยวกับการรักษาความมั่นคง
ปลอดภัยไซเบอร์และการรับมือกับภัยคุกคามทางไซเบอร์  หรือปฏิบัติหน้าที่อื่นใดเพิ่มเติมได้ตามที่
คณะกรรมการก าหนด 
 
ประกาศ  ณ  วันที่  11  สิงหาคม  พ.ศ.  ๒๕64 
พลเอก ประวิตร  วงษ์สุวรรณ 
รองนายกรัฐมนตรี  ปฏิบัติหน้าที่ 
ประธานกรรมการการรักษาความมั่นคงปลอดภัยไซเบอร์แห่งชาติ 
้หนา   ๑๓
่เลม   ๑๓๘   ตอนพิเศษ   ๑๙๔    ง
ราชกิจจานุเบกษา
๒๓   สิงหาคม   ๒๕๖๔","This section requires ThaiCERT to assist, support, or work with officials and the NCSC Office on cybersecurity and cyber-threat response. Maps to P7-I2 because it establishes a national incident-response function in a dedicated cybersecurity framework.",https://drive.ncsa.or.th/s/DXs7pjtjFS5R2Zc/download,0.96,Discovery: master dataset already records s. 5.3.5 of this law. Modality: Must/shall; exceptions: none,Horizontal,,in_force
Thailand,"Notification of the National Cyber Security Committee Regarding Characteristics and Measures for Prevention, Response, Assessment, Eradication, and Containment of Cyber Incidents at Each Level B.E. 25",,,P7-I2,s. 8(13),NEW,page 12,"(๑๓) ก าหนดแนวทางและระยะเวลาการเก็บรักษาหลักฐานเกี่ยวกับการก่อภัยคุกคาม       
ทางไซเบอร์ 
กรณีบริการ ระบบ หรือ
อุปกรณ์มีแนวโน้มที่จะเกิด
ผลกระทบเป็นภัยคุกคาม
ทางไซเบอร์ในระดับ
ร้ายแรง 
กรณีบริการ ระบบ หรือ
อุปกรณ์มีแนวโน้มที่จะเกิด
ผลกระทบเป็นภัยคุกคาม
ทางไซเบอร์ในระดับวิกฤติ",This section establishes evidence-retention guidelines and periods for likely severe or critical cyber threats. Maps to P7-I2 because it evidences the dedicated horizontal cybersecurity framework's incident-response function.,https://drive.ncsa.or.th/s/YyyzPzcR2DbgxTw/download,0.93,Discovery: instrument is known but s. 8 is not among its recorded provisions (['3']). Modality: Prescribes; exceptions: none,Horizontal,,in_force
Thailand,"Notification of the National Cyber Security Committee Regarding Characteristics and Measures for Prevention, Response, Assessment, Eradication, and Containment of Cyber Incidents at Each Level B.E. 25",,,P7-I2,s. 8(10),NEW,page 12,"(๑๐) ด าเนินการให้มีการทดสอบความสามารถในการตอบสนองต่อภัยคุกคามทางไซเบอร์ 
(incident respond capability testing)",This section requires covered entities to ensure testing of cyber-threat response capability. Maps to P7-I2 because its incident-response obligation evidences a dedicated cybersecurity framework.,https://drive.ncsa.or.th/s/YyyzPzcR2DbgxTw/download,0.91,Discovery: instrument is known but s. 8 is not among its recorded provisions (['3']). Modality: Must/required; exceptions: none,Horizontal,,in_force
India,Information Technology Act No.21 2000,,,P7-I2,s. 65,KNOWN,page 20,"Whoever knowingly or intentionally conceals, destroys or alters or intentionally or 
knowingly causes another to conceal, destroy or alter any computer source code used for a 
computer, computer programme, computer system or computer network, when the 
computer source code is required to be kept or maintained by law for the time being in 
force, shall be punishable with imprisonment up to three years, or with fine which may 
extend up to two lakh rupees, or with both.",This section prohibits tampering with legally required computer source code. Maps to P7-I2 because its cybercrime and source-code protection function evidences the cybersecurity framework.,https://www.meity.gov.in/writereaddata/files/itbill2000.pdf,0.98,Discovery: master dataset already records s. 65 of this law. Modality: shall be punishable; exceptions: none,Horizontal,,in_force
India,"Government of India, Ministry of Communication and Information Technology, National Cyber Security Policy 2013",,,P7-I2,s. 6,NEW,page 2,"There are various ongoing activities and programs of the Government to address the cyber
security challenges which have significantly contributed to the creation of a platform that is now
capable of supporting and sustaining the efforts in securing the cyber space. Due to the dynamic
nature of cyberspace, there is now a need for these actions to be unified under a National Cyber
Security Policy, with an integrated vision and a set of sustained & coordinated strategies for
implementation.","This section establishes a National Cyber Security Policy as an integrated, coordinated cybersecurity framework. Maps to P7-I2 because it evidences a dedicated horizontal cybersecurity framework's purpose and scope.",https://www.meity.gov.in/sites/upload_files/dit/files/National%20Cyber%20Security%20Policy%20%281%29.pdf,0.98,"Discovery: instrument is known but s. 6 is not among its recorded provisions (['2.5', '3', '4.1.2', '84A']). Modality: need; exceptions: none",Horizontal,,in_force
India,"Government of India, Ministry of Communication and Information Technology, National Cyber Security Policy 2013",,,P7-I2,s. 5,NEW,page 2,"Rapid identification, information exchange, investigation and coordinated response and
remediation can mitigate the damage caused by malicious cyberspace activity.",This section establishes a national cybersecurity incident-response and remediation framework. Maps to P7-I2 because it evidences a dedicated horizontal cybersecurity framework addressing coordinated response to cyber incidents.,https://www.meity.gov.in/sites/upload_files/dit/files/National%20Cyber%20Security%20Policy%20%281%29.pdf,0.98,"Discovery: instrument is known but s. 5 is not among its recorded provisions (['2.5', '3', '4.1.2', '84A']). Modality: can; exceptions: none",Horizontal,,in_force
India,International Financial Services Centres Authority (Fund Management) Regulations 2022,,,P7-I2,s. 121(3),NEW,page 51,(3) A registered FME shall conduct an annual review of its business continuity plan.,"This section requires registered FMEs to conduct an annual review of business continuity plans. Maps to P7-I2 because it evidences a sectoral cyber-resilience framework, not a horizontal cybersecurity law.",https://ifsca.gov.in/Document/Legal/ifsca-fund-management-regulations-2022-as-amended-upto-april-11-202324042023105305.pdf,0.88,Discovery: instrument is known but s. 121 is not among its recorded provisions (['119']). Modality: shall; exceptions: none,Sectoral (Fund management / financial services),,in_force
India,SEBI CSCRF 2024,,,P7-I2,s. 8,NEW,page 5,"The framework provides a structured 
methodology to implement various 
solutions for cybersecurity and cyber 
resiliency.",This section establishes a structured methodology for cybersecurity and cyber resiliency. Maps to P7-I2 because it evidences a sectoral cybersecurity framework performing the framework-establishing legal function.,https://www.sebi.gov.in/sebi_data/attachdocs/aug-2024/1724326790365.pdf,0.99,Discovery: instrument not in the master dataset for India. Modality: provides; exceptions: none,Sectoral (securities market),,in_force
India,SEBI CSCRF 2024,,,P7-I2,s. 3,NEW,page 2,"The CSCRF 
aims 
to 
provide 
standards 
and 
guidelines for strengthening cyber 
resilience 
and 
maintaining 
robust 
cybersecurity of SEBI REs.","This section establishes a cybersecurity and cyber-resilience framework for SEBI-regulated entities. Maps to P7-I2 because it is a dedicated sectoral cybersecurity framework, not horizontal.",https://www.sebi.gov.in/sebi_data/attachdocs/aug-2024/1724326790365.pdf,0.99,Discovery: instrument not in the master dataset for India. Modality: aims to; exceptions: none,Sectoral (Indian securities market),,in_force
India,SEBI Cloud Framework 2023,,,P7-I2,s. 3,NEW,page 2,"Objective: The major purpose of this 
framework is to highlight the key 
risks, 
and 
mandatory 
control 
measures which REs need to put in 
place 
before 
adopting 
cloud 
computing.","This section establishes mandatory cloud-security control measures for specified SEBI-regulated entities. Maps to P7-I2 because its legal function evidences a dedicated sectoral, not horizontal, cybersecurity framework.",https://www.sebi.gov.in/sebi_data/attachdocs/mar-2023/1678112480131.pdf,0.98,Discovery: instrument not in the master dataset for India. Modality: need to; exceptions: none,Sectoral (Securities and financial-market entities regulated by SEBI),,in_force
India,SEBI Cloud Framework 2023,,,P7-I2,s. 7,NEW,page 8,"11 
 
The cloud framework provides mandatory requirements to be fulfilled by the RE for 
adopting cloud computing to augment the business prospects through scalability, 
reduced operational cost, digital transformation and reduced IT infrastructure 
complexity.","This Annexure-1 establishes mandatory cloud-security requirements for SEBI-regulated entities. Maps to P7-I2 because its legal function is a dedicated but sectoral cybersecurity framework, not a horizontal framework.",https://www.sebi.gov.in/sebi_data/attachdocs/mar-2023/1678112480131.pdf,0.99,Discovery: instrument not in the master dataset for India. Modality: Mandatory; exceptions: The RE may choose any deployment model based on its business needs and technology risk assessment.,Sectoral (securities),,in_force
Indonesia,Regulation of Financial Services Authority No.11/POJK.03/2022 on the Implementation of Information Technology by Commercial Banks 2022 ; Bank Indonesia Regulation No. 22/23/PBI/2020 on Payment Systems,,,P7-I2,Art. 21(2),KNOWN,page 14,"(1) 
Bank wajib menjaga ketahanan siber.",This section requires banks to maintain cyber resilience. Maps to P7-I2 because it establishes a dedicated sectoral cybersecurity framework.,https://peraturan.bpk.go.id/Details/227376/peraturan-ojk-no-11pojk032022-tahun-2022,0.99,Discovery: master dataset already records s. 21 of this law. Modality: wajib (must); exceptions: none,Sectoral (Commercial banking),,in_force
Indonesia,BSSN Regulation 1/2024 Cyber Incident Management,,,P7-I2,Art. 21(3),NEW,page 12,"(3) 
Kode distribusi informasi sebagaimana dimaksud pada 
ayat (2) tercantum dalam Lampiran yang merupakan 
bagian tidak terpisahkan dari Peraturan Badan ini.",This provision establishes the information-distribution code for cyber-incident response. Maps to P7-I2 because it evidences a dedicated horizontal cybersecurity incident-management framework.,https://peraturan.bpk.go.id/Details/291240/peraturan-bssn-no-1-tahun-2024,0.96,Discovery: instrument not in the master dataset for Indonesia. Modality: Establishes/specifies; exceptions: none,Horizontal,,in_force
Indonesia,BSSN Regulation 1/2024 Cyber Incident Management,,,P7-I2,Art. 1,NEW,page 1,"3. 
Keamanan Siber adalah upaya adaptif dan inovatif untuk 
melindungi seluruh lapisan ruang siber, termasuk aset 
informasi yang ada di dalamnya, dari ancaman dan 
serangan siber, baik bersifat teknis maupun sosial.",This section establishes the cybersecurity concept and scope. Maps to P7-I2 because its legal function is to evidence a dedicated cyber-incident and critical-infrastructure security framework.,https://peraturan.bpk.go.id/Details/291240/peraturan-bssn-no-1-tahun-2024,0.9,Discovery: instrument not in the master dataset for Indonesia. Modality: establishes by definition; exceptions: none,Sectoral (Critical information infrastructure (IIV)),,in_force
Indonesia,BSSN Regulation 2/2024 Cyber Crisis Management,,,P7-I2,Art. 12(3),NEW,page 5,"(2) 
Penilaian potensi Krisis Siber sebagaimana dimaksud 
pada ayat (1) dilakukan oleh Tim Tanggap Insiden Siber 
nasional terhadap: 
a. 
Insiden Siber; dan/atau 
b. 
Peristiwa Siber.",This section requires the national Cyber Incident Response Team to assess potential Cyber Crises involving Cyber Incidents or Cyber Events. Maps to P7-I2 because it establishes a national cyber-crisis incident-response and assessment function.,https://peraturan.bpk.go.id/Details/291245/peraturan-bssn-no-2-tahun-2024,0.94,Discovery: instrument not in the master dataset for Indonesia. Modality: requires; exceptions: none,Horizontal,,in_force
Indonesia,BSSN Regulation 2/2024 Cyber Crisis Management,,,P7-I2,Art. 1,NEW,page 1,"Keamanan Siber adalah upaya adaptif dan inovatif untuk 
melindungi seluruh lapisan ruang siber, termasuk aset 
informasi yang ada di dalamnya, dari ancaman dan 
serangan siber, baik yang bersifat teknis maupun sosial.",This section establishes the legal definition and scope of cybersecurity protection. Maps to P7-I2 because it evidences a dedicated horizontal cyber-crisis-management framework and its legal function.,https://peraturan.bpk.go.id/Details/291245/peraturan-bssn-no-2-tahun-2024,0.94,Discovery: instrument not in the master dataset for Indonesia. Modality: Defines and establishes; exceptions: none,Horizontal,,in_force
Indonesia,BSSN Regulation 5/2024 National Cybersecurity Action Plan,,,P7-I2,Art. 1,NEW,page 1,"Rencana Aksi Nasional Keamanan Siber yang selanjutnya 
disebut RAN Kamsiber adalah rencana aksi tingkat 
nasional yang berisi upaya terencana dan terukur untuk 
menjabarkan dan mengimplementasikan fokus area 
strategi Keamanan Siber nasional.",This section establishes the National Cybersecurity Action Plan as a national cybersecurity strategy implementation framework. Maps to P7-I2 because it evidences a dedicated horizontal cybersecurity framework (legal function: framework establishment).,https://peraturan.bpk.go.id/Details/309728/peraturan-bssn-no-5-tahun-2024,0.94,Discovery: instrument not in the master dataset for Indonesia. Modality: is/establishes; exceptions: none,Horizontal,,in_force
Indonesia,BSSN Regulation 5/2024 National Cybersecurity Action Plan,,,P7-I2,Art. 11,NEW,page 4,"RAN Kamsiber digunakan untuk memberikan acuan bagi Instansi 
Penyelenggara Negara dengan melibatkan pelaku usaha, akademisi, dan 

- 6 - 
 
komunitas dalam mengimplementasikan dan memastikan efektivitas 8 
(delapan) fokus area strategi Keamanan Siber nasional yang mencakup tata 
kelola, manajemen risiko, kesiapsiagaan dan ketahanan, penguatan 
pelindungan infrastruktur informasi vital, kemandirian kriptografi nasional, 
peningkatan kapabilitas, kapasitas, dan kualitas, kebijakan Keamanan 
Siber, dan kerja sama internasional.",This Annex establishes a national cybersecurity action plan. Maps to P7-I2 because its legal function is to provide a horizontal cybersecurity governance framework.,https://peraturan.bpk.go.id/Details/309728/peraturan-bssn-no-5-tahun-2024,0.96,Discovery: instrument not in the master dataset for Indonesia. Modality: is used to; exceptions: none,Horizontal,,in_force
Indonesia,Bank Indonesia Regulation No. 22/23/PBI/2020 on Payment Systems 2020 ; Regulation of Financial Services Authority No.11/POJK.03/2022 on the Implementation of Information Technology by Commercial Banks,,,P7-I2,Art. 41,NEW,page 22,"Pasal 41 
Aspek standar keamanan sistem informasi sebagaimana 
dimaksud dalam Pasal 38 ayat (2) huruf c mencakup: 
a. 
ketersediaan kebijakan dan prosedur tertulis sistem 
informasi; 
b. 
penggunaan sistem yang aman dan andal paling sedikit: 
1. 
pengamanan dan perlindungan kerahasiaan data; 
2. 
pengelolaan fraud; 
3. 
pemenuhan sertifikasi dan/atau standar keamanan 
dan keandalan sistem; dan 
4. 
pemeliharaan dan peningkatan keamanan teknologi; 
c. 
penerapan standar keamanan siber;  
d. 
pengamanan data dan/atau informasi; dan 
e. 
pelaksanaan audit sistem informasi secara berkala.","This Article 41 establishes information-system security standards, including cybersecurity standards. Maps to P7-I2 because it evidences a dedicated but sectoral-only cybersecurity framework, not a horizontal framework.",https://peraturan.bpk.go.id/Details/219277/peraturan-bi-no-2223pbi2020,0.98,"Discovery: instrument is known but s. 41 is not among its recorded provisions (['109', '13', '21', '23', '3', '35', '36', '42', '43', '54', '63', '7', '72']). Modality: Required; exceptions: none",Sectoral (Commercial banking),,in_force
Indonesia,Bank Indonesia Regulation No. 22/23/PBI/2020 on Payment Systems 2020 ; Regulation of Financial Services Authority No.11/POJK.03/2022 on the Implementation of Information Technology by Commercial Banks,,,P7-I2,Art. 34,NEW,page 19,"Pasal 34 
Aspek standar keamanan sistem informasi sebagaimana 
dimaksud dalam Pasal 31 ayat (2) huruf c mencakup: 
a. 
ketersediaan kebijakan dan prosedur tertulis sistem 
informasi; 
b. 
penggunaan sistem yang aman dan andal paling sedikit: 
1. 
pengamanan dan perlindungan kerahasiaan data; 
2. 
pengelolaan fraud; 
3. 
pemenuhan sertifikasi dan/atau standar keamanan 
dan keandalan sistem; dan 
4. 
pemeliharaan dan peningkatan keamanan teknologi; 
c. 
penerapan standar keamanan siber; 
d. 
pengamanan data dan/atau informasi; dan 
e. 
pelaksanaan audit sistem informasi secara berkala.","This Article 34 establishes information-system and cybersecurity security standards for commercial banks. Maps to P7-I2 because it evidences a sectoral-only cybersecurity framework, not a horizontal framework.",https://peraturan.bpk.go.id/Details/219277/peraturan-bi-no-2223pbi2020,0.97,"Discovery: instrument is known but s. 34 is not among its recorded provisions (['109', '13', '21', '23', '3', '35', '36', '42', '43', '54', '63', '7', '72']). Modality: establishes/defines; exceptions: none",Sectoral (Commercial banking),,in_force
Indonesia,PBI 23/6/PBI/2021 Payment Service Providers,,,P7-I2,Art. 72(2),NEW,page 49,"(1) 
Selain pemenuhan kewajiban manajemen risiko dan 
standar 
keamanan 
sistem 
informasi 
sebagaimana 
dimaksud dalam Pasal 71, PJP wajib memastikan 
penerapan 
standar 
keamanan 
siber 
paling 
sedikit 
menggunakan pendekatan: 
a. 
aspek tata kelola; 
b. 
aspek pencegahan; dan  
c. 
aspek penanganan.","This section requires payment service providers to implement cybersecurity standards through governance, prevention, and response. Maps to P7-I2 because it establishes a dedicated sectoral cybersecurity framework.",https://www.bi.go.id/id/publikasi/peraturan/Documents/PBI_230621.pdf,0.99,"Discovery: instrument is known but s. 72 is not among its recorded provisions (['19', '20']). Modality: Must (wajib); exceptions: none",Sectoral (Payment service providers),,in_force
Indonesia,PBI 23/6/PBI/2021 Payment Service Providers,,,P7-I2,Art. 47(1),NEW,page 31,"penerapan standar keamanan siber; 
d.","This section requires payment service providers to implement cybersecurity standards. Maps to P7-I2 because it evidences a non-dedicated, sectoral cybersecurity framework rather than a horizontal framework.",https://www.bi.go.id/id/publikasi/peraturan/Documents/PBI_230621.pdf,0.96,"Discovery: instrument is known but s. 47 is not among its recorded provisions (['19', '20']). Modality: Must; minimum requirements; exceptions: none",Sectoral (Payment services),,in_force
Indonesia,PBI 23/7/PBI/2021 Payment System Infrastructure,,,P7-I2,Art. 89(2),NEW,page 54,"(1) 
Selain pemenuhan kewajiban manajemen risiko dan 
standar 
keamanan 
sistem 
informasi 
sebagaimana 
dimaksud dalam Pasal 88, PIP wajib memastikan 
penerapan 
standar 
keamanan 
siber 
paling 
sedikit 
menggunakan pendekatan: 
a. 
aspek tata kelola; 
b. 
aspek pencegahan; dan  
c. 
aspek penanganan.","This section requires PIPs to apply cybersecurity standards covering governance, prevention, and incident handling. Maps to P7-I2 because it establishes a sectoral cybersecurity framework for payment-system infrastructure.",https://www.bi.go.id/id/publikasi/peraturan/Documents/PBI_230721.pdf,0.98,Discovery: instrument not in the master dataset for Indonesia. Modality: Must; exceptions: none,Sectoral (Payment-system infrastructure),,in_force
Indonesia,PBI 23/7/PBI/2021 Payment System Infrastructure,,,P7-I2,Art. 88(1),NEW,page 51,"(2) huruf b bagi PSPS paling sedikit meliputi: 
a. 
memiliki 
kecukupan 
kebijakan 
dan 
standar 
operasional prosedur dalam mengelola risiko; 
b.","This section requires PSPS to maintain risk-management and information-security controls. Maps to P7-I2 because it evidences a sectoral cybersecurity framework, not a horizontal cybersecurity law.",https://www.bi.go.id/id/publikasi/peraturan/Documents/PBI_230721.pdf,0.98,Discovery: instrument not in the master dataset for Indonesia. Modality: Must; at least; exceptions: none,Sectoral (Payment systems),,in_force
Indonesia,POJK 4/POJK.05/2021 NBFI IT Risk,,,P7-I2,Art. 17,NEW,page 15,"Pasal 17 
LJKNB 
wajib 
memastikan 
pengamanan 
informasi 
dilaksanakan secara efektif dengan memperhatikan 
paling sedikit: 
a.","This Article 17 requires LJKNB to ensure effective information security, including incident-management capability. Maps to P7-I2 because it evidences a dedicated sectoral cybersecurity and IT-risk framework.",https://ojk.go.id/id/regulasi/Pages/Penerapan-Manajemen-Risiko-dalam-Penggunaan-Teknologi-Informasi-oleh-Lembaga-Jasa-Keuangan-Nonbank.aspx,0.99,Discovery: instrument not in the master dataset for Indonesia. Modality: wajib (must); exceptions: none,Sectoral (Non-bank financial institutions (LJKNB)),,in_force
Indonesia,Perpres 47/2023 National Cybersecurity Strategy,,,P7-I2,Art. 4,NEW,page 3,"Pasal 4
Strategi Keamanan Siber Nasional dan Manajemen Krisis
Siber bertujuan:
a. mewujudkan Keamanan Siber;
b.",This section establishes a national cybersecurity strategy aimed at realizing cybersecurity. Maps to P7-I2 because its purpose clause evidences a dedicated horizontal cybersecurity framework (legal function: framework establishment).,https://peraturan.bpk.go.id/Details/255542/perpres-no-47-tahun-2023,0.98,Discovery: instrument not in the master dataset for Indonesia. Modality: bertujuan (aims to); exceptions: none,Horizontal,,in_force
Indonesia,Perpres 47/2023 National Cybersecurity Strategy,,,P7-I2,Art. 10(1),NEW,page 5,"(1) Penguatan pelindungan infrastruktur informasi vital
sebagaimana dimaksud dalam Pasal 6 huruf d meliputi:
a. penyelenggaraan pelindungan infrastruktur
informasi vital; dan
b. peningkatan pembinaan dan 
pengawasan
penyelenggaraan pelindungan infrastruktur
informasi vital.",This Article 10(1) establishes protection of vital information infrastructure. Maps to P7-I2 because it is a dedicated cybersecurity-strategy provision establishing the critical-infrastructure protection function.,https://peraturan.bpk.go.id/Details/255542/perpres-no-47-tahun-2023,0.96,Discovery: instrument not in the master dataset for Indonesia. Modality: establishes; exceptions: none,Sectoral (critical information infrastructure),,in_force
Thailand,Personal Data Protection Act B.E. 2562 official EN translation,,,P7-I3,s. 32(3),NEW,page 14,"In the event that the Data Controller rejects the objection by the reasons in (1)
(a) or (b) or (3), the Data Controller shall record such rejection of objection request together with
reasons in the record as prescribed in section 39.","This section requires a Data Controller to record an objection rejection and reasons, with no retention period specified. Maps to P7-I3 because it is a mandatory records-retention duty.",https://www.pdpc.or.th/wp-content/uploads/Thailand Personal-Data-Protection-Act-2019.pdf,0.96,"Discovery: instrument is known but s. 32 is not among its recorded provisions (['10', '16', '19', '28', '4.6', '41', '42']). Modality: shall; exceptions: none",Horizontal,,in_force
India,International Financial Services Centres Authority (Fund Management) Regulations 2022,,,P7-I3,s. 119(4),KNOWN,page 50,"(4) The records under sub-regulation (3) shall be preserved in the retrievable form for a period of five years 
after the winding up of the scheme.",This section requires preservation of scheme records for five years after winding up. Maps to P7-I3 because it establishes an explicit minimum data-retention period.,https://ifsca.gov.in/Document/Legal/ifsca-fund-management-regulations-2022-as-amended-upto-april-11-202324042023105305.pdf,0.99,Discovery: master dataset already records s. 119 of this law. Modality: shall; exceptions: none,Sectoral (Fund management and financial services),,in_force
India,International Financial Services Centres Authority (Fund Management) Regulations 2022,,,P7-I3,s. 119(2),KNOWN,page 50,"(2) Every FME shall maintain and preserve at least the following books of accounts, records and 
documents, in electronic retrieval form for a minimum of ten years, namely: (a) 
a copy of the balance 
sheet at the end of each accounting period; 
(b) 
a copy of profit and loss account for each accounting period;  
(c) 
a copy of the auditor’s report on the accounts for each accounting period; 
(d) 
a statement of net worth for each quarter;  
(e) 
documents relating to compliance with AML and CFT guidelines; 
(f) 
documents relating to account opening of each client and any power of attorney or signature 
authority forms of the clients; 
(g) 
relevant records and documents relating to its activities under these regulations; and 
(h) 
such other books of accounts, records and documents as may be specified by the Authority from 
time to time.  
(3)    The FME shall be required to maintain following records describing: 
(a) 
the assets under each scheme; 
(b) 
valuation policies and practices; 
(c) 
investment strategies; 
(d) 
particulars of investors and their contribution; 
(e) 
rationale for investments made.","This section requires FMEs to maintain and preserve specified books, records and documents for at least ten years. Maps to P7-I3 because it establishes an explicit minimum data-retention period.",https://ifsca.gov.in/Document/Legal/ifsca-fund-management-regulations-2022-as-amended-upto-april-11-202324042023105305.pdf,0.99,Discovery: master dataset already records s. 119 of this law. Modality: shall; exceptions: none,Sectoral (Fund management),,in_force
India,International Financial Services Centres Authority (Capital Market Intermediaries) Regulations 2021,,,P7-I3,s. 14(1),KNOWN,page 11,"(1) Every capital market intermediary shall maintain and preserve the following books of accounts, records and 
documents, in electronic retrieval form for a minimum of ten years, namely: - 
(a) a copy of the balance sheet at the end of each accounting period; 
(b) a copy of profit and loss account for each accounting period;  
(c) a copy of the auditor’s report on the accounts for each accounting period; 
(d) a statement of net worth for each quarter;  
(e) documentation relating to compliance with AML and CFT guidelines; 
(f) documents relating to account opening of each client and any power of attorney or signature authority 
forms of the clients; 
(g) relevant records and documents relating to its activities in capital markets; and 
(h) such other books of accounts, records and documents as may be specified by the Authority from time to 
time. 

12 
 
(2) In relation to a capital market intermediary not being a body corporate, it shall maintain the following books 
of accounts, records and documents, in electronic retrieval form for a minimum of ten years, namely, - 
(a) all sums of money received and expended; 
(b) its assets and liabilities; 
(c) a statement of net worth for each quarter;  
(d) documentation relating to compliance with AML and CFT guidelines; 
(e) documents relating to account opening of each client and any power of attorney or signature authority 
forms of the clients; 
(f) relevant records and documents relating to its activities in capital markets; and  
(g) such other books of accounts, record and documents as may be specified by the Authority from time to 
time.","This section 14(1) requires capital market intermediaries to maintain and preserve specified books, records and documents for at least ten years. Maps to P7-I3 because this is an explicit minimum data-retention requirement.",https://ifsca.gov.in/Document/Legal/ifsca-capital-market-intermediaries-regulations-2021-as-amended-up-to-july-3-202320072023040848.pdf,0.99,Discovery: master dataset already records s. 14 of this law. Modality: shall; exceptions: none,Sectoral (Capital market intermediaries),,in_force
India,Information Technology (Guidelines for Cyber Café) Rules 2011,,,P7-I3,s. 3(3),KNOWN,page 2,"(3) The appropriate Government may determine the manner of encrypting 
sensitive electronic records requiring confidentiality, while they  are 
electronically signed.",ESCAP master-known anchor retained after mapper abstention; pending named legal review and deterministic legal-fit gates.,https://www.meity.gov.in/sites/upload_files/dit/files/RNUS_CyberLaw_15411.pdf,0.5,Discovery: master dataset already records s. 3 of this law. Modality: May; exceptions: none,Sectoral (Electronic service delivery),,in_force
India,Information Technology (Guidelines for Cyber Café) Rules 2011,,,P7-I3,s. 3(6),KNOWN,page 2,"(6) The appropriate Government may authorise service providers or their 
authorised agents to collect, retain and appropriate such service charges as 
may be specified by the appropriate Government for the purpose of 
providing such services from the person availing such services: 
 
Provided that the apportioned service charges shall be clearly indicated 
on the receipt to be given to the person availing the services.",ESCAP master-known anchor retained after mapper abstention; pending named legal review and deterministic legal-fit gates.,https://www.meity.gov.in/sites/upload_files/dit/files/RNUS_CyberLaw_15411.pdf,0.5,Discovery: master dataset already records s. 3 of this law. Modality: May authorise; exceptions: The apportioned service charges must be clearly indicated on the receipt given to the person availing the services.,Sectoral (Electronic service delivery),,in_force
India,International Financial Services Centres Authority (Capital Market Intermediaries) Regulations 2021,,,P7-I3,s. 14(2),KNOWN,page 11,"12 
 
(2) In relation to a capital market intermediary not being a body corporate, it shall maintain the following books 
of accounts, records and documents, in electronic retrieval form for a minimum of ten years, namely, - 
(a) all sums of money received and expended; 
(b) its assets and liabilities; 
(c) a statement of net worth for each quarter;  
(d) documentation relating to compliance with AML and CFT guidelines; 
(e) documents relating to account opening of each client and any power of attorney or signature authority 
forms of the clients; 
(f) relevant records and documents relating to its activities in capital markets; and  
(g) such other books of accounts, record and documents as may be specified by the Authority from time to 
time.","This section requires non-corporate capital market intermediaries to maintain specified books, records and documents for at least ten years. Maps to P7-I3 because it establishes an explicit minimum retention requirement.",https://ifsca.gov.in/Document/Legal/ifsca-capital-market-intermediaries-regulations-2021-as-amended-up-to-july-3-202320072023040848.pdf,0.99,Discovery: master dataset already records s. 14 of this law. Modality: Must; exceptions: none,Sectoral (Capital market intermediaries),,in_force
India,International Financial Services Centres Authority (Fund Management) Regulations 2022,,,P7-I3,s. 119(1),KNOWN,page 50,"(2) Every FME shall maintain and preserve at least the following books of accounts, records and 
documents, in electronic retrieval form for a minimum of ten years, namely: (a) 
a copy of the balance 
sheet at the end of each accounting period; 
(b) 
a copy of profit and loss account for each accounting period;  
(c) 
a copy of the auditor’s report on the accounts for each accounting period; 
(d) 
a statement of net worth for each quarter;  
(e) 
documents relating to compliance with AML and CFT guidelines; 
(f) 
documents relating to account opening of each client and any power of attorney or signature 
authority forms of the clients; 
(g) 
relevant records and documents relating to its activities under these regulations; and 
(h) 
such other books of accounts, records and documents as may be specified by the Authority from 
time to time.  
(3)    The FME shall be required to maintain following records describing: 
(a) 
the assets under each scheme; 
(b) 
valuation policies and practices; 
(c) 
investment strategies; 
(d) 
particulars of investors and their contribution; 
(e) 
rationale for investments made.","This section requires FMEs to maintain and preserve specified books, records and documents for at least ten years. Maps to P7-I3 because it establishes an explicit minimum data-retention period.",https://ifsca.gov.in/Document/Legal/ifsca-fund-management-regulations-2022-as-amended-upto-april-11-202324042023105305.pdf,0.99,Discovery: master dataset already records s. 119 of this law. Modality: shall; exceptions: none,Sectoral (Fund management),,in_force
India,International Financial Services Centres Authority (Fund Management) Regulations 2022,,,P7-I3,s. 119(3),KNOWN,page 50,"(2) Every FME shall maintain and preserve at least the following books of accounts, records and 
documents, in electronic retrieval form for a minimum of ten years, namely: (a) 
a copy of the balance 
sheet at the end of each accounting period; 
(b) 
a copy of profit and loss account for each accounting period;  
(c) 
a copy of the auditor’s report on the accounts for each accounting period; 
(d) 
a statement of net worth for each quarter;  
(e) 
documents relating to compliance with AML and CFT guidelines; 
(f) 
documents relating to account opening of each client and any power of attorney or signature 
authority forms of the clients; 
(g) 
relevant records and documents relating to its activities under these regulations; and 
(h) 
such other books of accounts, records and documents as may be specified by the Authority from 
time to time.  
(3)    The FME shall be required to maintain following records describing: 
(a) 
the assets under each scheme; 
(b) 
valuation policies and practices; 
(c) 
investment strategies; 
(d) 
particulars of investors and their contribution; 
(e) 
rationale for investments made.","This section requires FMEs to maintain and preserve specified books, records and documents for a minimum of ten years. Maps to P7-I3 because it establishes a mandatory records-retention duty with an explicit minimum period.",https://ifsca.gov.in/Document/Legal/ifsca-fund-management-regulations-2022-as-amended-upto-april-11-202324042023105305.pdf,0.99,Discovery: master dataset already records s. 119 of this law. Modality: shall; exceptions: none,Sectoral (fund management),,in_force
India,Information Technology (Guidelines for Cyber Café) Rules 2011,,,P7-I3,s. 3,KNOWN,page 2,"(6) The appropriate Government may authorise service providers or their 
authorised agents to collect, retain and appropriate such service charges as 
may be specified by the appropriate Government for the purpose of 
providing such services from the person availing such services: 
 
Provided that the apportioned service charges shall be clearly indicated 
on the receipt to be given to the person availing the services.","This section permits authorised service providers and agents to retain service charges. Maps to P7-I3 because it establishes a retention function, although no minimum retention duration is specified.",https://www.meity.gov.in/sites/upload_files/dit/files/RNUS_CyberLaw_15411.pdf,0.97,Discovery: master dataset already records s. 3 of this law. Modality: may authorise; exceptions: none,Sectoral (Electronic service delivery and cyber cafés),,in_force
India,Information Technology (Guidelines for Cyber Café) Rules 2011,,,P7-I3,s. 3(1),KNOWN,page 2,"System of Electronic Service Delivery.- 
(1) The appropriate Government may on its own or through an agency 
authorised by it, deliver public services through electronically enabled 
kiosks or any other electronic service delivery mechanism.",ESCAP master-known anchor retained after mapper abstention; pending named legal review and deterministic legal-fit gates.,https://www.meity.gov.in/sites/upload_files/dit/files/RNUS_CyberLaw_15411.pdf,0.5,Discovery: master dataset already records s. 3 of this law. Modality: may authorise; exceptions: none,Sectoral (Electronic service delivery),,in_force
India,Information Technology (Guidelines for Cyber Café) Rules 2011,,,P7-I3,s. 3(2),KNOWN,page 2,"(6) The appropriate Government may authorise service providers or their 
authorised agents to collect, retain and appropriate such service charges as 
may be specified by the appropriate Government for the purpose of 
providing such services from the person availing such services: 
 
Provided that the apportioned service charges shall be clearly indicated 
on the receipt to be given to the person availing the services.","This section permits authorised service providers and agents to retain specified service charges. Maps to P7-I3 because it establishes a retention function, but specifies no minimum retention duration.",https://www.meity.gov.in/sites/upload_files/dit/files/RNUS_CyberLaw_15411.pdf,0.76,Discovery: master dataset already records s. 3 of this law. Modality: may authorise; exceptions: none,Sectoral (electronic public-service delivery),,in_force
India,Information Technology (Guidelines for Cyber Café) Rules 2011,,,P7-I3,s. 3(4),KNOWN,page 2,"(6) The appropriate Government may authorise service providers or their 
authorised agents to collect, retain and appropriate such service charges as 
may be specified by the appropriate Government for the purpose of 
providing such services from the person availing such services: 
 
Provided that the apportioned service charges shall be clearly indicated 
on the receipt to be given to the person availing the services.","This section permits authorised agents to retain service charges. Maps to P7-I3 because it establishes a retention function, although no minimum retention duration is specified.",https://www.meity.gov.in/sites/upload_files/dit/files/RNUS_CyberLaw_15411.pdf,0.87,Discovery: master dataset already records s. 3 of this law. Modality: may authorise; exceptions: The apportioned service charges must be clearly indicated on the receipt given to the person availing the services.,Sectoral (Electronic service delivery providers and authorised agents),,in_force
India,Information Technology (Guidelines for Cyber Café) Rules 2011,,,P7-I3,s. 3(5),KNOWN,page 2,"(6) The appropriate Government may authorise service providers or their 
authorised agents to collect, retain and appropriate such service charges as 
may be specified by the appropriate Government for the purpose of 
providing such services from the person availing such services: 
 
Provided that the apportioned service charges shall be clearly indicated 
on the receipt to be given to the person availing the services.","This section permits service providers and authorised agents to retain specified service charges. Maps to P7-I3 because it establishes a retention function, but no minimum retention duration is specified.",https://www.meity.gov.in/sites/upload_files/dit/files/RNUS_CyberLaw_15411.pdf,0.86,Discovery: master dataset already records s. 3 of this law. Modality: may authorise; exceptions: none,Sectoral (Electronic service delivery),,in_force
India,Information Technology (Guidelines for Cyber Café) Rules 2011,,,P7-I3,s. 3(7),KNOWN,page 2,"(7) The appropriate Government shall by notification specify the scale of 
service charges which may be charged and collected by the service 
providers and their authorised agents for various kinds of services.",ESCAP master-known anchor retained after mapper abstention; pending named legal review and deterministic legal-fit gates.,https://www.meity.gov.in/sites/upload_files/dit/files/RNUS_CyberLaw_15411.pdf,0.5,Discovery: master dataset already records s. 3 of this law. Modality: shall; exceptions: none,Sectoral (electronic service delivery),,in_force
India,Information Technology (Guidelines for Cyber Café) Rules 2011,,,P7-I3,s. 3(8),KNOWN,page 2,"(6) The appropriate Government may authorise service providers or their 
authorised agents to collect, retain and appropriate such service charges as 
may be specified by the appropriate Government for the purpose of 
providing such services from the person availing such services: 
 
Provided that the apportioned service charges shall be clearly indicated 
on the receipt to be given to the person availing the services.","This section permits authorised service providers and agents to retain specified service charges. Maps to P7-I3 because it establishes a retention function, but specifies no minimum retention duration.",https://www.meity.gov.in/sites/upload_files/dit/files/RNUS_CyberLaw_15411.pdf,0.78,Discovery: master dataset already records s. 3 of this law. Modality: may authorise; exceptions: none,Sectoral (Electronic service delivery),,in_force
India,Companies (Accounts) Rules 2014 (as amended 2022),,,P7-I3,s. 3(5),NEW,page 1,"(5) There shall be a proper system for storage, retrieval, display or printout of the electronic records as the Audit 
Committee, if any, or the Board may deem appropriate and such records shall not be disposed of or rendered unusable, 
unless permitted by law: 
Provided that the back-up  of the books of account  and other books and papers of the company maintained in electronic 
mode, including at a place outside India, if any, shall be kept in servers physically located in India on a periodic basis.","This s. 3(5) requires companies to retain electronic records and not dispose of or render them unusable. Maps to P7-I3 because it establishes a mandatory retention duty, although no minimum duration is specified.","https://thc.nic.in/Central%20Governmental%20Rules/Companies%20(Accounts)%20Rules,%202014..pdf",0.99,Discovery: instrument not in the master dataset for India. Modality: Shall not (mandatory); exceptions: Unless permitted by law,Sectoral (Companies and accounting),,in_force
India,Companies (Accounts) Rules 2014 (as amended 2022),,,P7-I3,s. 3(2),NEW,page 1,"(2) The books of account and other relevant books and papers referred to in sub-rule (1) shall be retained completely in 
the format in which they were originally generated, sent or received, or in a format which  shall  present accurately the 
information generated, sent or received and the information contained in the electronic records shall remain complete 
and unaltered.","This section 3(2) requires companies to retain electronic books and papers completely and accurately in their original or accurate format. Maps to P7-I3 because it establishes a mandatory retention duty, although no minimum period is specified.","https://thc.nic.in/Central%20Governmental%20Rules/Companies%20(Accounts)%20Rules,%202014..pdf",0.99,Discovery: instrument not in the master dataset for India. Modality: shall; exceptions: none,Sectoral (Companies and corporate accounting),,in_force
India,Companies (Management and Administration) Rules 2014,,,P7-I3,s. 15(2),NEW,page 12,"(1) 
The register of members along with the index shall be preserved 
permanently and shall be kept in the custody of the company 
secretary of the company or any other person authorized by the 
Board for such purpose;  and 
 
 
 
 
(2) 
The register of debenture holders or any other security holders 
along with the index shall be preserved for a period of eight 
years from the date of redemption of debentures or securities, as 
the case may be, and shall be kept in the custody of the 
company secretary of the company or any other person 
authorized by the Board for such purpose.",This section requires companies to preserve specified security-holder registers for eight years. Maps to P7-I3 because it establishes a mandatory records-retention function with an explicit minimum period.,"https://thc.nic.in/Central%20Governmental%20Rules/Companies%20(Management%20and%20Administration)%20Rules,2014.pdf",0.99,Discovery: instrument is known but s. 15 is not among its recorded provisions (['92']). Modality: shall; exceptions: none,Sectoral (Companies),,in_force
India,Companies (Management and Administration) Rules 2014,,,P7-I3,s. 27(2),NEW,page 32,"(1) Every listed company or a company having not less than one thousand 
shareholders, debenture holders and other security holders, shall maintain 
its  records, as required to be maintained under the Act or rules made there 
under, in electronic form.","This section requires designated companies to maintain records in electronic form. Maps to P7-I3 because it creates an operative records-maintenance duty, but specifies no minimum retention period.","https://thc.nic.in/Central%20Governmental%20Rules/Companies%20(Management%20and%20Administration)%20Rules,2014.pdf",0.98,Discovery: instrument is known but s. 27 is not among its recorded provisions (['92']). Modality: shall; exceptions: none,Sectoral (Companies),,in_force
India,Companies (Management and Administration) Rules 2014,,,P7-I3,s. 27(1),NEW,page 32,"(1) Every listed company or a company having not less than one thousand 
shareholders, debenture holders and other security holders, shall maintain 
its  records, as required to be maintained under the Act or rules made there 
under, in electronic form.","This s. 27(1) requires listed companies and companies with at least 1,000 security holders to maintain records electronically. Maps to P7-I3 because it establishes a mandatory records-retention duty, but specifies no minimum period.","https://thc.nic.in/Central%20Governmental%20Rules/Companies%20(Management%20and%20Administration)%20Rules,2014.pdf",0.98,Discovery: instrument is known but s. 27 is not among its recorded provisions (['92']). Modality: shall; exceptions: none,Sectoral (Companies and corporate sector),,in_force
India,Companies Act No.18 2013,,,P7-I3,s. 125(8),NEW,page 77,"(8) The authority shall administer the Fund and maintain separate accounts and other relevant records 
in relation to the Fund in such form as may be prescribed after consultation with the Comptroller and 
Auditor-General of India.","This section requires the authority to maintain relevant Fund records. Maps to P7-I3 because it establishes a mandatory records-retention duty, although no minimum duration is specified (score 0).",https://www.mca.gov.in/Ministry/pdf/CompaniesAct2013.pdf,0.99,"Discovery: instrument is known but s. 125 is not among its recorded provisions (['128', '149', '2']). Modality: shall; exceptions: none",Sectoral (Companies),,in_force
India,Prevention of Money-laundering Act 2002,,,P7-I3,s. 11(5),NEW,page 13,"(3) The records referred to in clause (a) of sub-section (1) shall be maintained for a period of five 
years from the date of transaction between a client and the reporting entity.",This section requires reporting entities to maintain transaction records for five years. Maps to P7-I3 because it establishes an explicit minimum data-retention period as a records-retention duty.,https://www.indiacode.nic.in/handle/123456789/2036,0.99,Discovery: instrument is known but s. 11 is not among its recorded provisions (['10']). Modality: shall; exceptions: The Central Government may exempt any reporting entity or class of reporting entities from obligations under the Chapter,"Sectoral (Banking companies, financial institutions and intermediaries)",,in_force
Indonesia,Law No. 27 of 2022 on Personal Data Protection,,,P7-I3,n/a,KNOWN,n/a,NO_EVIDENCE_FOUND_PENDING_REVIEW,"No qualifying provision found for P7-I3 after a full-corpus sweep. The configured governing law is cited as the reference basis (score-0 pattern, A3).",https://jdih.komdigi.go.id/produk_hukum/view/id/832/t/undangundang%2Bnomor%2B27%2Btahun%2B2022,0.6,Absence row (NO_EVIDENCE_FOUND_PENDING_REVIEW): human approval required before this becomes a score-0 final row (P3.5 A3).,Horizontal,,in_force
Thailand,Personal Data Protection Act B.E. 2562 official EN translation,,,P7-I4,s. 41,KNOWN,page 18,"Section 41 The Data Controller and the Data Processor shall designate a
data protection officer in the following circumstances:
(1) the Data Controller or the Data Processor is a public authority as
prescribed and announced by the Committee;
(2) the activities of the Data Controller or the Data Processor in the collection,
use, or disclosure of the Personal Data require a regular monitoring of the Personal Data or the
system, by the reason of having a large number of Personal Data as prescribed and announced by
the Committee;
(3) the core activity of the Data Controller or the Data Processor is the
collection, use, or disclosure of the Personal Data according to section 26.",This section 41 requires controllers and processors to designate a DPO in specified circumstances. Maps to P7-I4 because it establishes a sector/trigger-specific DPO accountability requirement.,https://www.pdpc.or.th/wp-content/uploads/Thailand Personal-Data-Protection-Act-2019.pdf,0.99,Discovery: master dataset already records s. 41 of this law. Modality: shall; exceptions: Affiliated businesses or groups of undertakings may jointly designate a DPO if each establishment can easily contact the DPO.; A representative required under section 37(5) is subject to the DPO requirement mutatis mutandis.,Sectoral (Public authorities and controllers/processors subject to specified large-scale monitoring or section 26 core activities),,in_force
Thailand,Personal Data Protection Act B.E. 2562 official EN translation,,,P7-I4,s. 41(4),KNOWN,page 18,"Section 41 The Data Controller and the Data Processor shall designate a
data protection officer in the following circumstances:
(1) the Data Controller or the Data Processor is a public authority as
prescribed and announced by the Committee;
(2) the activities of the Data Controller or the Data Processor in the collection,
use, or disclosure of the Personal Data require a regular monitoring of the Personal Data or the
system, by the reason of having a large number of Personal Data as prescribed and announced by
the Committee;
(3) the core activity of the Data Controller or the Data Processor is the
collection, use, or disclosure of the Personal Data according to section 26.","This section 41 requires designated data protection officers in specified circumstances. Maps to P7-I4 because it establishes a conditional DPO accountability requirement, not one applying across all organisations.",https://www.pdpc.or.th/wp-content/uploads/Thailand Personal-Data-Protection-Act-2019.pdf,0.99,"Discovery: master dataset already records s. 41 of this law. Modality: Shall; exceptions: Controllers or processors in the same affiliated business or group of undertakings may jointly designate a data protection officer, provided each establishment can easily contact the officer.; Where a controller or processor must designate a representative under section 37(5), the DPO provisions apply to the representative mutatis mutandis.",Sectoral (Data controllers and data processors meeting specified statutory circumstances),,in_force
Thailand,Personal Data Protection Act B.E. 2562 official EN translation,,,P7-I4,s. 41(1),KNOWN,page 18,"Section 41 The Data Controller and the Data Processor shall designate a
data protection officer in the following circumstances:
(1) the Data Controller or the Data Processor is a public authority as
prescribed and announced by the Committee;
(2) the activities of the Data Controller or the Data Processor in the collection,
use, or disclosure of the Personal Data require a regular monitoring of the Personal Data or the
system, by the reason of having a large number of Personal Data as prescribed and announced by
the Committee;
(3) the core activity of the Data Controller or the Data Processor is the
collection, use, or disclosure of the Personal Data according to section 26.","This section 41(1) requires designated data protection officers in specified circumstances. Maps to P7-I4 because it establishes a conditional DPO accountability mechanism, not a general privacy duty.",https://www.pdpc.or.th/wp-content/uploads/Thailand Personal-Data-Protection-Act-2019.pdf,0.99,Discovery: master dataset already records s. 41 of this law. Modality: Must; exceptions: No express exception to the designation requirement; the provision permits affiliated entities or groups to jointly designate a data protection officer where the statutory conditions are met,Sectoral (Public authorities and organisations conducting large-scale monitoring or processing section 26 data as a core activity),,in_force
Thailand,Personal Data Protection Act B.E. 2562 official EN translation,,,P7-I4,s. 41(2),KNOWN,page 18,"Section 41 The Data Controller and the Data Processor shall designate a
data protection officer in the following circumstances:
(1) the Data Controller or the Data Processor is a public authority as
prescribed and announced by the Committee;
(2) the activities of the Data Controller or the Data Processor in the collection,
use, or disclosure of the Personal Data require a regular monitoring of the Personal Data or the
system, by the reason of having a large number of Personal Data as prescribed and announced by
the Committee;
(3) the core activity of the Data Controller or the Data Processor is the
collection, use, or disclosure of the Personal Data according to section 26.",This section 41(2) requires controllers and processors to designate a DPO for large-scale regular monitoring. Maps to P7-I4 because it establishes a conditional DPO appointment requirement as an accountability mechanism.,https://www.pdpc.or.th/wp-content/uploads/Thailand Personal-Data-Protection-Act-2019.pdf,0.99,Discovery: master dataset already records s. 41 of this law. Modality: shall; exceptions: none,Sectoral (Controllers and processors conducting large-scale regular monitoring of personal data),,in_force
Thailand,Personal Data Protection Act B.E. 2562 official EN translation,,,P7-I4,s. 88,NEW,page 31,"Section 88 Any representative of the Data Controller or of the Data
Processor who fails to comply with section 39 paragraph one which applies mutatis mutandis
according to section 39 paragraph two, and section 41 paragraph one which applies mutatis
mutandis according to section 41 paragraph four, shall be punished with an administrative
fine not exceeding Baht one million.","This section 88 establishes an administrative penalty for representatives who fail to comply with section 41. Maps to P7-I4 because section 41 imposes a conditional DPO appointment duty, an accountability function.",https://www.pdpc.or.th/wp-content/uploads/Thailand Personal-Data-Protection-Act-2019.pdf,0.95,"Discovery: instrument is known but s. 88 is not among its recorded provisions (['10', '16', '19', '28', '4.6', '41', '42']). Modality: shall be punished; exceptions: none",Horizontal,,in_force
Thailand,Personal Data Protection Act B.E. 2562 official EN translation,,,P7-I4,s. 38(1),NEW,page 16,"Section 38 The provisions of the representative designation in section
37 (5) shall not apply to the following Data Controller:
16
No. 136 Chapter 69 Gor
(Unofficial Translation)
Government Gazette
27 May 2019
(1) the Data Controller which is a public authority as prescribed and
announced by the Committee;
(2) the Data Controller which engages in the profession or business of
collecting, using, or disclosing Personal Data, that does not have the nature pursuant to section
26, and does not have a large amount of Personal Data as prescribed by the Committee in section 41 (2).","This section 38(1) establishes a conditional DPO exemption. Maps to P7-I4 because the carve-outs define a sector-specific DPO designation requirement, a DPO accountability function.",https://www.pdpc.or.th/wp-content/uploads/Thailand Personal-Data-Protection-Act-2019.pdf,0.93,"Discovery: instrument is known but s. 38 is not among its recorded provisions (['10', '16', '19', '28', '4.6', '41', '42']). Modality: shall not; exceptions: If a section 5 paragraph two Data Controller has a Data Processor, section 37(5) and the exemption apply to that Data Processor mutatis mutandis.",Sectoral (Data controllers outside specified public authorities and businesses lacking section 26 data processing and large-scale personal data),,in_force
India,Information Technology Act 2000 (Act 21 of 2000),,,P7-I4,n/a,KNOWN,n/a,NO_EVIDENCE_FOUND_PENDING_REVIEW,"No qualifying provision found for P7-I4 after a full-corpus sweep. The configured governing law is cited as the reference basis (score-0 pattern, A3).",https://www.indiacode.nic.in/handle/123456789/1999,0.6,Absence row (NO_EVIDENCE_FOUND_PENDING_REVIEW): human approval required before this becomes a score-0 final row (P3.5 A3).,Horizontal,,in_force
Indonesia,Law No. 27 of 2022 on Personal Data Protection (official BPK full PDF),,,P7-I4,Art. 34(2),KNOWN,page 15,"Pasal 34
(1) Pengendali Data Pribadi wajib melakukan penilaian
dampak Pelindungan Data Pribadi dalam hal
pemrosesan Data Pribadi memiliki potensi risiko tinggi
terhadap Subjek Data Pribadi.",This Article 34 requires controllers to conduct a DPIA for high-risk processing. Maps to P7-I4 because it establishes a data protection impact assessment requirement.,https://peraturan.bpk.go.id/Download/224884/UU%20Nomor%2027%20Tahun%202022.pdf,0.99,Discovery: master dataset already records s. 34 of this law. Modality: wajib (must); exceptions: none,Horizontal,,in_force
Indonesia,Law No. 27 of 2022 on Personal Data Protection (official BPK full PDF),,,P7-I4,Art. 34(1),KNOWN,page 15,"(1) Pengendali Data Pribadi wajib melakukan penilaian
dampak Pelindungan Data Pribadi dalam hal
pemrosesan Data Pribadi memiliki potensi risiko tinggi
terhadap Subjek Data Pribadi.",This section requires high-risk data controllers to conduct a data protection impact assessment. Maps to P7-I4 because it establishes the DPIA accountability mechanism.,https://peraturan.bpk.go.id/Download/224884/UU%20Nomor%2027%20Tahun%202022.pdf,0.99,Discovery: master dataset already records s. 34 of this law. Modality: wajib; exceptions: none,Horizontal,,in_force
Indonesia,Law No. 27 of 2022 on Personal Data Protection (official BPK full PDF),,,P7-I4,Art. 34(3),KNOWN,page 15,"Pasal 34
(1) Pengendali Data Pribadi wajib melakukan penilaian
dampak Pelindungan Data Pribadi dalam hal
pemrosesan Data Pribadi memiliki potensi risiko tinggi
terhadap Subjek Data Pribadi.",This section requires controllers to conduct a DPIA for high-risk processing. Maps to P7-I4 because it establishes a specific DPIA accountability mechanism applicable across sectors.,https://peraturan.bpk.go.id/Download/224884/UU%20Nomor%2027%20Tahun%202022.pdf,0.99,Discovery: master dataset already records s. 34 of this law. Modality: wajib (must/required); exceptions: none,Horizontal,,in_force
Indonesia,Law No.27 on Personal Data Protection 2022,,,P7-I4,Art. 53,KNOWN,page 43,"Sehingga hal 
ini mengakibatkan Pengendali Data dan Prosesor Data yang telah 
memenuhi salah 1 (satu) atau salah 2 (dua) kriteria dalam Pasal 53 ayat 
(1) UU PDP karena melakukan aktivitas pemrosesan data pribadi yang 
berisiko tinggi yang perlu melakukan penunjukan PPDP untuk 
memberikan pengawasan yang lebih dalam hal kepatuhan dalam 
melaksanakan kewajibannya, justru menjadi tidak diwajibkan untuk 
melakukan penunjukan PPDP.",This Article 53 establishes a conditional PPDP appointment requirement. Maps to P7-I4 because it regulates the DPO/PPDP accountability mechanism for controllers and processors.,https://peraturan.bpk.go.id/Details/229798/uu-no-27-tahun-2022,0.86,"Discovery: master dataset already records s. 53 of this law. Modality: Must, subject to the statutory criteria; exceptions: Meeting only one or two of the Article 53(1) criteria does not trigger the appointment obligation",Horizontal,,in_force
Indonesia,Law No.27 on Personal Data Protection 2022,,,P7-I4,Art. 34,KNOWN,page 32,"Salah satu peran dari PPDP yang ingin Para Pemohon garis bawahi 
adalah mengenai fungsi dan tugas pada angka 10 SKKNI PPDP, yaitu 
Menyusun Manajemen Pelindungan Data Pribadi Pada Domainnya, 
dalam menjalankan fungsi ini, PPDP menyusun dan mengambil langkah 
dalam penyusunan aspek manajerial kebijakan dan prosedur (managerial 
measures) dalam pelaksanaan pemrosesan data pribadi yang sesuai 
dengan regulasi PDP dan juga prinsip Pelindungan Data Pribadi.",This Article 34 establishes PPDP functional duties to prepare data-protection management policies and procedures. Maps to P7-I4 because PPDP is the DPO-type accountability function.,https://peraturan.bpk.go.id/Details/229798/uu-no-27-tahun-2022,0.86,Discovery: master dataset already records s. 34 of this law. Modality: Required functional duty; exceptions: none,Horizontal,,in_force
Indonesia,Law No.17 on State Intelligence 2011 ; Regulation of the Minister of Communication and Informatics of the Republic of Indonesia No.20 on Protection of Personal Data in Electronic Systems 2016,,,P7-I4,Art. 34(1),KNOWN,page 16,"Pasal 34 
(1) 
Penggalian informasi sebagaimana dimaksud dalam 
Pasal 31 dilakukan dengan ketentuan: 
a. untuk penyelenggaraan fungsi Intelijen; 
b. atas perintah Kepala Badan Intelijen Negara;  
c. tanpa 
melakukan 
penangkapan 
dan/atau 
penahanan; dan  
d. bekerja sama dengan penegak hukum terkait.",ESCAP master-known anchor retained after mapper abstention; pending named legal review and deterministic legal-fit gates.,https://peraturan.bpk.go.id/Details/39236,0.5,Discovery: master dataset already records s. 34 of this law. Modality: Conditional for intelligence information-gathering; wajib (must) for related law-enforcement assistance; exceptions: Information-gathering must be conducted without arrest and/or detention,Sectoral (State intelligence and related law enforcement),,in_force
Indonesia,Law No.27 on Personal Data Protection 2022,,,P7-I4,Art. 39,KNOWN,page 33,"34 
(1) Pengendali Data Pribadi dan Prosesor Data Pribadi wajib menunjuk 
pejabat atau petugas yang melaksanakan fungsi Pelindungan Data 
Pribadi dalam hal: 
a. pemrosesan Data Pribadi untuk kepentingan pelayanan publik; 
b. kegiatan inti Pengendali Data Pribadi memiliki sifat, ruang lingkup, 
dan/atau tujuan yang memerlukan pemantauan secara teratur dan 
sistematis atas Data Pribadi dengan skala besar; dan 
c. kegiatan inti Pengendali Data Pribadi terdiri dari pemrosesan Data 
Pribadi dalam skala besar untuk Data Pribadi yang bersifat spesifik 
dan/atau Data Pribadi yang berkaitan dengan tindak pidana.",This Article 39 requires controllers and processors to appoint a data-protection-function officer in specified cases. Maps to P7-I4 because it establishes a sector/category-specific DPO accountability requirement.,https://peraturan.bpk.go.id/Details/229798/uu-no-27-tahun-2022,0.98,Discovery: master dataset already records s. 39 of this law. Modality: wajib; exceptions: Voluntary appointment applies to controllers and processors not required to appoint a PPDP,Sectoral (Public services and large-scale systematic or sensitive/criminal-data processing),,in_force
Indonesia,Law No.27 on Personal Data Protection 2022,,,P7-I4,Art. 65,KNOWN,page 48,"Sehingga apabila terdapat Pengendali Data yang melakukan 
aktivitas pemrosesan Data Pribadi yang memenuhi salah 1 (satu) kriteria 
dalam Pasal 34 ayat (2) UU PDP sudah diwajibkan untuk melakukan 
Penilaian Dampak Pelindungan Data Pribadi.",This Article 65 requires Data Controllers meeting one Article 34(2) criterion to conduct a DPIA. Maps to P7-I4 because it establishes a DPIA accountability mechanism.,https://peraturan.bpk.go.id/Details/229798/uu-no-27-tahun-2022,0.98,Discovery: master dataset already records s. 65 of this law. Modality: sudah diwajibkan; exceptions: none,Horizontal,,in_force
Indonesia,Law No.27 on Personal Data Protection 2022,,,P7-I4,Art. 56,KNOWN,page 46,"Berdasarkan penjelasan dan ilustrasi di atas, menunjukan bahwa 
Pengendali Data dan Prosesor Data yang hanya memenuhi salah 1 (satu) 
atau 2 (dua) dari ketiga kriteria dalam Pasal 53 ayat (1) UU PDP membuat 
mereka tidak menjadi subjek yang diwajibkan untuk melakukan 
penunjukan PPDP.",This Art. 56 establishes a conditional PPDP (DPO) appointment rule. Maps to P7-I4 because it defines a sector-specific accountability requirement for qualifying data processing.,https://peraturan.bpk.go.id/Details/229798/uu-no-27-tahun-2022,0.92,Discovery: master dataset already records s. 56 of this law. Modality: not required when only one or two criteria are met; exceptions: The exclusion does not apply where all three Article 53(1) criteria are met,Sectoral (Controllers and processors meeting all three Article 53(1) criteria),,in_force
Indonesia,Law No.27 on Personal Data Protection 2022,,,P7-I4,Art. 50,NEW,page 42,"(1) UU PDP 
justru dirumuskan menggunakan kata “dan” pada akhir kalimat butir “b”, 
yang sebagai berikut: 
(1) Pengendali Data Pribadi dan Prosesor Data Pribadi wajib menunjuk 
pejabat atau petugas yang melaksanakan fungsi Pelindungan Data 
Pribadi dalam hal: 
a. pemrosesan Data Pribadi untuk kepentingan pelayanan publik; 
b. kegiatan inti Pengendali Data Pribadi memiliki sifat, ruang lingkup, 
dan/atau tujuan yang memerlukan pemantauan secara teratur dan 
sistematis atas Data Pribadi dengan skala besar; dan 
c. kegiatan inti Pengendali Data Pribadi terdiri dari pemrosesan Data 
Pribadi dalam skala besar untuk Data Pribadi yang bersifat spesifik 
dan/atau Data Pribadi yang berkaitan dengan tindak pidana.","This provision requires controllers and processors to appoint a data protection officer or function-holder in specified circumstances. Maps to P7-I4 because it establishes a conditional, sectoral DPO accountability requirement.",https://peraturan.bpk.go.id/Details/229798/uu-no-27-tahun-2022,0.98,"Discovery: instrument is known but s. 50 is not among its recorded provisions (['11', '21', '34', '35', '39', '40', '42', '43', '44', '53', '55', '56', '59', '6', '65', '66', '67', '74', '8', '82', '9']). Modality: wajib; exceptions: none",Sectoral (Public services and large-scale processing or monitoring involving specific or criminal-related personal data),,in_force
Indonesia,Law No.27 on Personal Data Protection 2022,,,P7-I4,Art. 64,NEW,page 47,"48 
a. “Pengendali Data Pribadi wajib melakukan penilaian dampak 
Pelindungan Data Pribadi dalam hal pemrosesan Data Pribadi 
memiliki potensi risiko tinggi terhadap Subjek Data Pribadi.","This section requires controllers to conduct DPIAs for high-risk processing. Maps to P7-I4 because it establishes a conditional DPIA accountability mechanism, not a universal DPO requirement.",https://peraturan.bpk.go.id/Details/229798/uu-no-27-tahun-2022,0.98,"Discovery: instrument is known but s. 64 is not among its recorded provisions (['11', '21', '34', '35', '39', '40', '42', '43', '44', '53', '55', '56', '59', '6', '65', '66', '67', '74', '8', '82', '9']). Modality: wajib; exceptions: none",Horizontal,,in_force
Indonesia,Regulation of Financial Service Authority Regulation No. 11/POJK.03/2022 on Implementation of Information Technology by Commercial Banks 2022 ; Regulation of Financial Services Authority No.4/POJK.05/,,,P7-I4,Art. 44(2),NEW,page 29,"(2) 
Dalam hal terdapat kondisi tertentu yang berpotensi 
meningkatkan risiko bagi pemilik data pribadi, Bank 
wajib melakukan penilaian dampak atas penerapan 
prinsip 
pelindungan 
data 
pribadi 
sebagaimana 
dimaksud pada ayat (1).",This Article 44(2) requires banks to conduct an impact assessment where certain conditions may increase risk to personal-data owners. Maps to P7-I4 because it establishes a sector-specific DPIA accountability requirement.,https://ojk.go.id/id/regulasi/Documents/Pages/Penyelenggaraan-Teknologi-Informasi-Oleh-Bank-Umum/POJK%2011%20-%2003%20-%202022.pdf,0.99,"Discovery: instrument is known but s. 44 is not among its recorded provisions (['109', '13', '21', '23', '3', '35', '36', '42', '43', '54', '63', '72']). Modality: wajib (must); exceptions: none",Sectoral (Commercial banks),,in_force
Indonesia,Regulation of Financial Services Authority No.11/POJK.03/2022 on the Implementation of Information Technology by Commercial Banks 2022 ; Bank Indonesia Regulation No. 22/23/PBI/2020 on Payment Systems,,,P7-I4,Art. 44(2),NEW,page 30,"(2) 
Dalam hal terdapat kondisi tertentu yang berpotensi 
meningkatkan risiko bagi pemilik data pribadi, Bank 
wajib melakukan penilaian dampak atas penerapan 
prinsip 
pelindungan 
data 
pribadi 
sebagaimana 
dimaksud pada ayat (1).",This Article 44(2) requires banks to conduct DPIAs in specified higher-risk conditions. Maps to P7-I4 because it establishes a sector-specific DPIA accountability mechanism.,https://peraturan.bpk.go.id/Details/227376/peraturan-ojk-no-11pojk032022-tahun-2022,0.98,"Discovery: instrument is known but s. 44 is not among its recorded provisions (['109', '13', '21', '23', '3', '35', '36', '42', '43', '54', '63', '7', '72']). Modality: Must (wajib); exceptions: none",Sectoral (Banking sector),,in_force
Thailand,Personal Data Protection Act B.E. 2562 official EN translation,,,P7-I5,s. 76(2),NEW,page 28,"In carrying out the duty in (2), if there is a necessity to protect the benefits of
the data subject or for public's interest, the Competent Officer shall file a compliant to the
competent court to issue an order granting permission to the Competent Officer to enter the
premises of the Data Controller, or any person involved in the offense under this Act, during
the interval between sunrise and sunset or during the business hours of such premises, to
investigate and collect facts, seize, or attach documents, evidence, or any other items related to the
offense, or which has a cause to believe that they are used to commit such offense.","This section 76(2) establishes court-gated entry, investigation, collection, and seizure of documents or evidence. Maps to P7-I5 because it governs government access through an independent competent-court order.",https://www.pdpc.or.th/wp-content/uploads/Thailand Personal-Data-Protection-Act-2019.pdf,0.99,"Discovery: instrument is known but s. 76 is not among its recorded provisions (['10', '16', '19', '28', '4.6', '41', '42']). Modality: shall; exceptions: none",Horizontal,,in_force
India,Bharatiya Nagarik Suraksha Sanhita 2023,,,P7-I5,s. 174(3),NEW,page 68,"(3) Any police officer receiving such order may exercise the same powers in respect of the investigation 
(except the power to arrest without warrant) as an officer in charge of a police station may exercise in a 
cognizable case.","This section establishes judicially gated criminal-investigation authority for police. Maps to P7-I5 because investigative powers may be exercised only after an order of a Magistrate, an independent judicial safeguard, rather than through warrantless access.",https://www.indiacode.nic.in/handle/123456789/21920?locale=en,0.93,Discovery: instrument not in the master dataset for India. Modality: May; exceptions: The power to arrest without warrant is excluded.,Sectoral (Police and criminal investigations),,in_force
India,Bharatiya Nagarik Suraksha Sanhita 2023,,,P7-I5,s. 96(2),NEW,page 42,"When search-warrant may be issued.—(1) Where— 
(a) any Court has reason to believe that a person to whom a summons order under section 94 or a 
requisition under sub-section (1) of section 95 has been, or might be, addressed, will not or would not 
produce the document or thing as required by such summons or requisition; or 
(b) such document or thing is not known to the Court to be in the possession of any person; or 
(c) the Court considers that the purposes of any inquiry, trial or other proceeding under this Sanhita will 
be served by a general search or inspection,  
it may issue a search-warrant; and the person to whom such warrant is directed, may search or inspect in 
accordance therewith and the provisions hereinafter contained.","This section permits a Court to issue a search warrant and permits its directed execution to search or inspect. Maps to P7-I5 because it establishes government access only through a Court-issued warrant, providing an independent judicial safeguard.",https://www.indiacode.nic.in/handle/123456789/21920?locale=en,0.99,"Discovery: instrument not in the master dataset for India. Modality: May; exceptions: If the warrant specifies a particular place or part, execution may extend only to that specified place or part.; Only a District Magistrate or Chief Judicial Magistrate may grant a warrant to search for a document, parcel, or other thing in postal-authority custody.",Sectoral (Criminal justice and law enforcement),,in_force
India,Companies Act No.18 2013,,,P7-I5,s. 206(5),NEW,page 128,"(5) Without prejudice to the foregoing provisions of this section, the Central Government may, if it is 
satisfied that the circumstances so warrant, direct inspection of books and papers of a company by an 
inspector appointed by it for the purpose.",This section permits the Central Government to direct inspection of a company's books and papers by an appointed inspector. Maps to P7-I5 because it establishes executive government access to company-held data without independent judicial authorization.,https://www.mca.gov.in/Ministry/pdf/CompaniesAct2013.pdf,0.96,"Discovery: instrument is known but s. 206 is not among its recorded provisions (['128', '149', '2']). Modality: may; exceptions: none",Sectoral (Companies),,in_force
India,Information Technology (Guidelines for Cyber Café) Rules 2011,,,P7-I5,s. 6(4),NEW,page 4,"(4) The appropriate Government may also determine the manner of 
provisioning secure access to the repository of digitally signed electronic 
records.",This section permits the appropriate Government to determine how secure access is provided to a repository. Maps to P7-I5 because it establishes a warrantless government access-governance power without independent judicial authorization.,https://www.meity.gov.in/sites/upload_files/dit/files/RNUS_CyberLaw_15411.pdf,0.78,Discovery: instrument is known but s. 6 is not among its recorded provisions (['3']). Modality: may; exceptions: none,Sectoral (Cyber cafés),,in_force
India,Information Technology Act No.21 2000,,,P7-I5,s. 70(2),NEW,page 22,"(2) The appropriate Government may, by order in writing, authorise the persons who are 
authorised to access protected systems notified under sub-section (1).",This section 70(2) permits the appropriate Government to authorise access to protected systems. Maps to P7-I5 because it establishes executive access without independent judicial authorization.,https://www.meity.gov.in/writereaddata/files/itbill2000.pdf,0.98,"Discovery: instrument is known but s. 70 is not among its recorded provisions (['1', '10', '14', '15', '16', '27', '4.1.2', '65', '69', '69A', '69B', '79', '84A']). Modality: may; exceptions: none",Sectoral (Information technology),,in_force
India,Prevention of Money-laundering Act 2002,,,P7-I5,s. 18(6),NEW,page 18,"(6) Before making the search under sub-section (1) or sub-section (5), the authority shall call upon 
two or more persons to attend and witness the search, and the search shall be made in the presence of such 
persons.","This section requires witnessed searches under the Act. Maps to P7-I5 because it materially governs government access through a warrantless search; witnesses are not independent judicial authorization, although s.18(5) permits a Magistrate-directed search.",https://www.indiacode.nic.in/handle/123456789/2036,0.98,Discovery: instrument is known but s. 18 is not among its recorded provisions (['10']). Modality: shall; exceptions: Sub-section (5) applies where a person requests production before a Gazetted Officer or Magistrate and the officer or Magistrate directs that the search be made.,Sectoral (Anti-money-laundering enforcement),,in_force
Indonesia,Law No. 27 of 2022 on Personal Data Protection,,,P7-I5,n/a,KNOWN,n/a,NO_EVIDENCE_FOUND_PENDING_REVIEW,"No qualifying provision found for P7-I5 after a full-corpus sweep. The configured governing law is cited as the reference basis (score-0 pattern, A3).",https://jdih.komdigi.go.id/produk_hukum/view/id/832/t/undangundang%2Bnomor%2B27%2Btahun%2B2022,0.6,Absence row (NO_EVIDENCE_FOUND_PENDING_REVIEW): human approval required before this becomes a score-0 final row (P3.5 A3).,Horizontal,,in_force
